2025-08-09 18:42:58,197 [INFO] Activator:176 - 


2025-08-09 18:42:58,197 [INFO] Activator:177 - !SESSION log4j initialized
2025-08-09 18:43:01,288 [INFO] LogOutputStream:77 - [STDOUT_REDIRECT] 
2025-08-09 18:43:02,970 [INFO] ApplicationProperties:184 - Using Application install path: C:\ST\STM32CubeIDE_1.16.1\STM32CubeIDE\plugins\com.st.stm32cube.common.mx_6.12.1.202409122256
2025-08-09 18:43:02,988 [INFO] DbMcusXml:78 - Set database path to: C:\ST\STM32CubeIDE_1.16.1\STM32CubeIDE\plugins\com.st.stm32cube.common.mx_6.12.1.202409122256\\db\/mcu/
2025-08-09 18:43:02,988 [INFO] ApiDb:274 - Set plugin database path to: C:\ST\STM32CubeIDE_1.16.1\STM32CubeIDE\plugins\com.st.stm32cube.common.mx_6.12.1.202409122256\\db\/plugins/boardmanager/
2025-08-09 18:43:02,990 [WARN] ApiDb:259 - Overriding images path with different value:  => C:\ST\STM32CubeIDE_1.16.1\STM32CubeIDE\plugins\com.st.stm32cube.common.mx_6.12.1.202409122256\\db\/plugins/mcufinder/images/
2025-08-09 18:43:02,996 [INFO] ApiDb:250 - Set database path to: C:\Users\nacho\.stmcufinder\plugins\mcufinder//mcu/
2025-08-09 18:43:02,997 [INFO] DbMcusAds:125 - Set database path to: C:\Users\nacho\.stmcufinder\plugins\mcufinder//mcu/
2025-08-09 18:43:03,001 [INFO] CrossReferenceDbSqlite:203 - Set database path to: C:\Users\nacho\.stmcufinder\plugins\mcufinder//mcu/cs/
2025-08-09 18:43:03,103 [INFO] RulesReader:64 - Compatibility file has been processed (297 Rules)
2025-08-09 18:43:03,173 [INFO] DbMcusXml:78 - Set database path to: C:\ST\STM32CubeIDE_1.16.1\STM32CubeIDE\plugins\com.st.stm32cube.common.mx_6.12.1.202409122256\\db\/mcu/
2025-08-09 18:43:03,173 [INFO] ApiDb:274 - Set plugin database path to: C:\ST\STM32CubeIDE_1.16.1\STM32CubeIDE\plugins\com.st.stm32cube.common.mx_6.12.1.202409122256\\db\/plugins/boardmanager/
2025-08-09 18:43:03,173 [INFO] ApiDb:261 - Set plugin images path to: C:\ST\STM32CubeIDE_1.16.1\STM32CubeIDE\plugins\com.st.stm32cube.common.mx_6.12.1.202409122256\\db\/plugins/mcufinder/images/
2025-08-09 18:43:03,173 [WARN] DbFile:41 - Overriding database path with different value: C:\Users\nacho\.stmcufinder\plugins\mcufinder/ => C:\Users\nacho\.stmcufinder\plugins\mcufinder
2025-08-09 18:43:03,173 [INFO] ApiDb:250 - Set database path to: C:\Users\nacho\.stmcufinder\plugins\mcufinder//mcu/
2025-08-09 18:43:03,173 [WARN] DbFile:41 - Overriding database path with different value: C:\Users\nacho\.stmcufinder\plugins\mcufinder/ => C:\Users\nacho\.stmcufinder\plugins\mcufinder
2025-08-09 18:43:03,173 [INFO] DbMcusAds:125 - Set database path to: C:\Users\nacho\.stmcufinder\plugins\mcufinder//mcu/
2025-08-09 18:43:03,173 [WARN] DbFile:41 - Overriding database path with different value: C:\Users\nacho\.stmcufinder\plugins\mcufinder/ => C:\Users\nacho\.stmcufinder\plugins\mcufinder
2025-08-09 18:43:03,173 [WARN] DbFile:41 - Overriding database path with different value: C:\Users\nacho\.stmcufinder\plugins\mcufinder/ => C:\Users\nacho\.stmcufinder\plugins\mcufinder
2025-08-09 18:43:03,174 [INFO] CrossReferenceDbSqlite:203 - Set database path to: C:\Users\nacho\.stmcufinder\plugins\mcufinder//mcu/cs/
2025-08-09 18:43:03,238 [INFO] MainPanel:268 - HeapMemory: 268435456
2025-08-09 18:43:03,299 [INFO] DbMcusXml:78 - Set database path to: C:\ST\STM32CubeIDE_1.16.1\STM32CubeIDE\plugins\com.st.stm32cube.common.mx_6.12.1.202409122256\\db\/mcu/
2025-08-09 18:43:03,300 [INFO] ApiDb:274 - Set plugin database path to: C:\ST\STM32CubeIDE_1.16.1\STM32CubeIDE\plugins\com.st.stm32cube.common.mx_6.12.1.202409122256\\db\/plugins/boardmanager/
2025-08-09 18:43:03,300 [INFO] ApiDb:261 - Set plugin images path to: C:\ST\STM32CubeIDE_1.16.1\STM32CubeIDE\plugins\com.st.stm32cube.common.mx_6.12.1.202409122256\\db\/plugins/mcufinder/images/
2025-08-09 18:43:03,300 [WARN] DbFile:41 - Overriding database path with different value: C:\Users\nacho\.stmcufinder\plugins\mcufinder/ => C:\Users\nacho\.stmcufinder\plugins\mcufinder
2025-08-09 18:43:03,300 [INFO] ApiDb:250 - Set database path to: C:\Users\nacho\.stmcufinder\plugins\mcufinder//mcu/
2025-08-09 18:43:03,300 [WARN] DbFile:41 - Overriding database path with different value: C:\Users\nacho\.stmcufinder\plugins\mcufinder/ => C:\Users\nacho\.stmcufinder\plugins\mcufinder
2025-08-09 18:43:03,300 [INFO] DbMcusAds:125 - Set database path to: C:\Users\nacho\.stmcufinder\plugins\mcufinder//mcu/
2025-08-09 18:43:03,300 [WARN] DbFile:41 - Overriding database path with different value: C:\Users\nacho\.stmcufinder\plugins\mcufinder/ => C:\Users\nacho\.stmcufinder\plugins\mcufinder
2025-08-09 18:43:03,300 [WARN] DbFile:41 - Overriding database path with different value: C:\Users\nacho\.stmcufinder\plugins\mcufinder/ => C:\Users\nacho\.stmcufinder\plugins\mcufinder
2025-08-09 18:43:03,300 [INFO] CrossReferenceDbSqlite:203 - Set database path to: C:\Users\nacho\.stmcufinder\plugins\mcufinder//mcu/cs/
2025-08-09 18:43:03,316 [INFO] ApplicationProperties:184 - Using Application install path: C:\ST\STM32CubeIDE_1.16.1\STM32CubeIDE\plugins\com.st.stm32cube.common.mx_6.12.1.202409122256
2025-08-09 18:43:03,317 [INFO] PluginManage:196 - Search for loadable plugins [exclusion list=, ]
2025-08-09 18:43:03,319 [INFO] PluginManage:310 - Check plugin analytics
2025-08-09 18:43:03,481 [INFO] AnalyticsPlugin:253 - Accepted Software Licenses: STM32CubeMX.6.12.1
2025-08-09 18:43:03,482 [INFO] AnalyticsPlugin:255 - Accepted CMSIS Pack Licenses: 
2025-08-09 18:43:03,482 [INFO] AnalyticsPlugin:257 - Accepted Firmware Licenses: FW.WL.1.3.0
2025-08-09 18:43:03,485 [INFO] PluginManage:359 - Loaded plugin analytics (category:tool,tabindex:-1)
2025-08-09 18:43:03,485 [INFO] PluginManage:310 - Check plugin cadmodel
2025-08-09 18:43:03,489 [INFO] CADModel:105 - Init CAD model plugin
2025-08-09 18:43:03,490 [INFO] PluginManage:359 - Loaded plugin cadmodel (category:power,tabindex:5)
2025-08-09 18:43:03,490 [INFO] PluginManage:310 - Check plugin clock
2025-08-09 18:43:03,500 [INFO] PluginManage:359 - Loaded plugin clock (category:base,tabindex:2)
2025-08-09 18:43:03,501 [INFO] PluginManage:310 - Check plugin ddr
2025-08-09 18:43:03,503 [INFO] PluginManage:359 - Loaded plugin ddr (category:tool,tabindex:6)
2025-08-09 18:43:03,503 [INFO] PluginManage:310 - Check plugin filemanager
2025-08-09 18:43:03,698 [INFO] PluginManage:359 - Loaded plugin filemanager (category:base,tabindex:10)
2025-08-09 18:43:03,698 [INFO] PluginManage:310 - Check plugin ipmanager
2025-08-09 18:43:03,705 [INFO] PluginManage:359 - Loaded plugin ipmanager (category:base,tabindex:5)
2025-08-09 18:43:03,705 [INFO] PluginManage:310 - Check plugin lpbam
2025-08-09 18:43:03,714 [INFO] PluginManage:359 - Loaded plugin lpbam (category:base,tabindex:0)
2025-08-09 18:43:03,714 [INFO] PluginManage:310 - Check plugin memorymap
2025-08-09 18:43:03,723 [INFO] PluginManage:359 - Loaded plugin memorymap (category:base,tabindex:4)
2025-08-09 18:43:03,723 [INFO] PluginManage:310 - Check plugin pinoutandconfiguration
2025-08-09 18:43:03,731 [INFO] PluginManage:359 - Loaded plugin pinoutandconfiguration (category:base,tabindex:1)
2025-08-09 18:43:03,731 [INFO] PluginManage:310 - Check plugin pinoutconfig
2025-08-09 18:43:03,814 [WARN] SupportedApi:132 - Cannot load RTOS API schema: s4s-elt-must-match.1: The content of 'definitions' must match (annotation?, (simpleType | complexType)?, (unique | key | keyref)*)). A problem was found starting at: attribute.
2025-08-09 18:43:03,907 [INFO] PluginManage:359 - Loaded plugin pinoutconfig (category:base,tabindex:0)
2025-08-09 18:43:03,908 [INFO] PluginManage:310 - Check plugin power
2025-08-09 18:43:03,914 [INFO] PluginManage:359 - Loaded plugin power (category:power,tabindex:4)
2025-08-09 18:43:03,914 [INFO] PluginManage:310 - Check plugin projectmanager
2025-08-09 18:43:03,930 [INFO] PluginManage:359 - Loaded plugin projectmanager (category:projectmanager,tabindex:4)
2025-08-09 18:43:03,930 [INFO] PluginManage:310 - Check plugin rif
2025-08-09 18:43:03,935 [INFO] PluginManage:359 - Loaded plugin rif (category:base,tabindex:3)
2025-08-09 18:43:03,936 [INFO] PluginManage:310 - Check plugin thirdparty
2025-08-09 18:43:04,030 [INFO] PluginManage:359 - Loaded plugin thirdparty (category:base,tabindex:-1)
2025-08-09 18:43:04,030 [WARN] IntegrityCheckThread:84 - waiting for thirdparty lock release [integrity check]
2025-08-09 18:43:04,030 [INFO] PluginManage:310 - Check plugin tools
2025-08-09 18:43:04,030 [INFO] IntegrityCheckThread:86 - entering critical section [integrity check]
2025-08-09 18:43:04,030 [INFO] ThirdPartyUpdaterWithRetryManager:70 - Updater plugin not ready yet. [1/15]
2025-08-09 18:43:04,032 [INFO] PluginManage:359 - Loaded plugin tools (category:base,tabindex:7)
2025-08-09 18:43:04,032 [INFO] PluginManage:310 - Check plugin tutovideos
2025-08-09 18:43:04,161 [INFO] PluginManage:359 - Loaded plugin tutovideos (category:base,tabindex:-1)
2025-08-09 18:43:04,161 [INFO] PluginManage:310 - Check plugin updater
2025-08-09 18:43:04,174 [INFO] PluginManage:359 - Loaded plugin updater (category:base,tabindex:12)
2025-08-09 18:43:04,175 [INFO] PluginManage:310 - Check plugin userauth
2025-08-09 18:43:04,179 [INFO] UserAuth:113 - Init User Auth plugin
2025-08-09 18:43:04,179 [INFO] PluginManage:359 - Loaded plugin userauth (category:base,tabindex:14)
2025-08-09 18:43:04,179 [INFO] PluginManage:283 - PluginManage : Loaded plugins [18]
2025-08-09 18:43:04,338 [INFO] PinOutPanel:1561 - setPackage(No Configuration,No Configuration)
2025-08-09 18:43:04,411 [INFO] CADModel:165 - CPN selected for project level
2025-08-09 18:43:04,411 [INFO] CADModel:114 - Register for checkConnection events
2025-08-09 18:43:04,422 [INFO] IPUIPlugin:80 - create IPUIPlugin
2025-08-09 18:43:04,422 [INFO] PluginManager:220 - loadIPPluginJar : add adc
2025-08-09 18:43:04,424 [INFO] IPUIPlugin:80 - create IPUIPlugin
2025-08-09 18:43:04,424 [INFO] PluginManager:220 - loadIPPluginJar : add aes
2025-08-09 18:43:04,425 [INFO] IPUIPlugin:80 - create IPUIPlugin
2025-08-09 18:43:04,425 [INFO] PluginManager:220 - loadIPPluginJar : add can
2025-08-09 18:43:04,426 [INFO] IPUIPlugin:80 - create IPUIPlugin
2025-08-09 18:43:04,426 [INFO] PluginManager:220 - loadIPPluginJar : add comp
2025-08-09 18:43:04,428 [INFO] IPUIPlugin:80 - create IPUIPlugin
2025-08-09 18:43:04,428 [INFO] PluginManager:220 - loadIPPluginJar : add cryp
2025-08-09 18:43:04,429 [INFO] IPUIPlugin:80 - create IPUIPlugin
2025-08-09 18:43:04,429 [INFO] PluginManager:220 - loadIPPluginJar : add ddr_ctrl_phy
2025-08-09 18:43:04,431 [INFO] IPUIPlugin:80 - create IPUIPlugin
2025-08-09 18:43:04,431 [INFO] PluginManager:220 - loadIPPluginJar : add dfsdm
2025-08-09 18:43:04,434 [INFO] IPUIPlugin:80 - create IPUIPlugin
2025-08-09 18:43:04,434 [INFO] PluginManager:220 - loadIPPluginJar : add dma
2025-08-09 18:43:04,435 [INFO] IPUIPlugin:80 - create IPUIPlugin
2025-08-09 18:43:04,436 [INFO] PluginManager:220 - loadIPPluginJar : add dma3
2025-08-09 18:43:04,437 [INFO] IPUIPlugin:80 - create IPUIPlugin
2025-08-09 18:43:04,437 [INFO] PluginManager:220 - loadIPPluginJar : add extmemmanager
2025-08-09 18:43:04,438 [INFO] IPUIPlugin:80 - create IPUIPlugin
2025-08-09 18:43:04,438 [INFO] PluginManager:220 - loadIPPluginJar : add fatfs
2025-08-09 18:43:04,440 [INFO] IPUIPlugin:80 - create IPUIPlugin
2025-08-09 18:43:04,441 [INFO] PluginManager:220 - loadIPPluginJar : add fmc
2025-08-09 18:43:04,444 [INFO] IPUIPlugin:80 - create IPUIPlugin
2025-08-09 18:43:04,444 [INFO] PluginManager:220 - loadIPPluginJar : add freertos
2025-08-09 18:43:04,445 [INFO] IPUIPlugin:80 - create IPUIPlugin
2025-08-09 18:43:04,445 [INFO] PluginManager:220 - loadIPPluginJar : add genericplugin
2025-08-09 18:43:04,446 [INFO] IPUIPlugin:80 - create IPUIPlugin
2025-08-09 18:43:04,446 [INFO] PluginManager:220 - loadIPPluginJar : add gfxmmu
2025-08-09 18:43:04,449 [INFO] IPUIPlugin:80 - create IPUIPlugin
2025-08-09 18:43:04,449 [INFO] PluginManager:220 - loadIPPluginJar : add gic
2025-08-09 18:43:04,451 [INFO] IPUIPlugin:80 - create IPUIPlugin
2025-08-09 18:43:04,451 [INFO] PluginManager:220 - loadIPPluginJar : add gpio
2025-08-09 18:43:04,452 [INFO] IPUIPlugin:80 - create IPUIPlugin
2025-08-09 18:43:04,452 [INFO] PluginManager:220 - loadIPPluginJar : add gtzc
2025-08-09 18:43:04,454 [INFO] IPUIPlugin:80 - create IPUIPlugin
2025-08-09 18:43:04,454 [INFO] PluginManager:220 - loadIPPluginJar : add hash
2025-08-09 18:43:04,455 [INFO] IPUIPlugin:80 - create IPUIPlugin
2025-08-09 18:43:04,455 [INFO] PluginManager:220 - loadIPPluginJar : add i2c
2025-08-09 18:43:04,456 [INFO] IPUIPlugin:80 - create IPUIPlugin
2025-08-09 18:43:04,457 [INFO] PluginManager:220 - loadIPPluginJar : add i2s
2025-08-09 18:43:04,458 [INFO] IPUIPlugin:80 - create IPUIPlugin
2025-08-09 18:43:04,458 [INFO] PluginManager:220 - loadIPPluginJar : add i3c
2025-08-09 18:43:04,460 [INFO] IPUIPlugin:80 - create IPUIPlugin
2025-08-09 18:43:04,460 [INFO] PluginManager:220 - loadIPPluginJar : add ipddr
2025-08-09 18:43:04,464 [INFO] IPUIPlugin:80 - create IPUIPlugin
2025-08-09 18:43:04,464 [INFO] PluginManager:220 - loadIPPluginJar : add linkedlist
2025-08-09 18:43:04,466 [INFO] IPUIPlugin:80 - create IPUIPlugin
2025-08-09 18:43:04,466 [INFO] PluginManager:220 - loadIPPluginJar : add lorawan
2025-08-09 18:43:04,467 [INFO] IPUIPlugin:80 - create IPUIPlugin
2025-08-09 18:43:04,467 [INFO] PluginManager:220 - loadIPPluginJar : add ltdc
2025-08-09 18:43:04,470 [INFO] IPUIPlugin:80 - create IPUIPlugin
2025-08-09 18:43:04,470 [INFO] PluginManager:220 - loadIPPluginJar : add mdma
2025-08-09 18:43:04,472 [INFO] IPUIPlugin:80 - create IPUIPlugin
2025-08-09 18:43:04,472 [INFO] PluginManager:220 - loadIPPluginJar : add nvic
2025-08-09 18:43:04,474 [INFO] IPUIPlugin:80 - create IPUIPlugin
2025-08-09 18:43:04,474 [INFO] PluginManager:220 - loadIPPluginJar : add opamp
2025-08-09 18:43:04,476 [INFO] IPUIPlugin:80 - create IPUIPlugin
2025-08-09 18:43:04,476 [INFO] PluginManager:220 - loadIPPluginJar : add openamp
2025-08-09 18:43:04,478 [INFO] IPUIPlugin:80 - create IPUIPlugin
2025-08-09 18:43:04,478 [INFO] PluginManager:220 - loadIPPluginJar : add pdm2pcm
2025-08-09 18:43:04,482 [INFO] IPUIPlugin:80 - create IPUIPlugin
2025-08-09 18:43:04,483 [INFO] PluginManager:220 - loadIPPluginJar : add plateformsettings
2025-08-09 18:43:04,484 [INFO] IPUIPlugin:80 - create IPUIPlugin
2025-08-09 18:43:04,484 [INFO] PluginManager:220 - loadIPPluginJar : add quadspi
2025-08-09 18:43:04,485 [INFO] IPUIPlugin:80 - create IPUIPlugin
2025-08-09 18:43:04,486 [INFO] PluginManager:220 - loadIPPluginJar : add radio
2025-08-09 18:43:04,487 [INFO] IPUIPlugin:80 - create IPUIPlugin
2025-08-09 18:43:04,487 [INFO] PluginManager:220 - loadIPPluginJar : add resmgrutility
2025-08-09 18:43:04,489 [INFO] IPUIPlugin:80 - create IPUIPlugin
2025-08-09 18:43:04,489 [INFO] PluginManager:220 - loadIPPluginJar : add sai
2025-08-09 18:43:04,490 [INFO] IPUIPlugin:80 - create IPUIPlugin
2025-08-09 18:43:04,490 [INFO] PluginManager:220 - loadIPPluginJar : add spi
2025-08-09 18:43:04,493 [INFO] IPUIPlugin:80 - create IPUIPlugin
2025-08-09 18:43:04,493 [INFO] PluginManager:220 - loadIPPluginJar : add stm32_wpan
2025-08-09 18:43:04,494 [INFO] IPUIPlugin:80 - create IPUIPlugin
2025-08-09 18:43:04,494 [INFO] PluginManager:220 - loadIPPluginJar : add tim
2025-08-09 18:43:04,496 [INFO] IPUIPlugin:80 - create IPUIPlugin
2025-08-09 18:43:04,496 [INFO] PluginManager:220 - loadIPPluginJar : add touchsensing
2025-08-09 18:43:04,497 [INFO] IPUIPlugin:80 - create IPUIPlugin
2025-08-09 18:43:04,497 [INFO] PluginManager:220 - loadIPPluginJar : add tracer_emb
2025-08-09 18:43:04,498 [INFO] IPUIPlugin:80 - create IPUIPlugin
2025-08-09 18:43:04,498 [INFO] PluginManager:220 - loadIPPluginJar : add ts
2025-08-09 18:43:04,499 [INFO] IPUIPlugin:80 - create IPUIPlugin
2025-08-09 18:43:04,499 [INFO] PluginManager:220 - loadIPPluginJar : add tsc
2025-08-09 18:43:04,501 [INFO] IPUIPlugin:80 - create IPUIPlugin
2025-08-09 18:43:04,501 [INFO] PluginManager:220 - loadIPPluginJar : add ucpd
2025-08-09 18:43:04,502 [INFO] IPUIPlugin:80 - create IPUIPlugin
2025-08-09 18:43:04,503 [INFO] PluginManager:220 - loadIPPluginJar : add usart
2025-08-09 18:43:04,504 [INFO] IPUIPlugin:80 - create IPUIPlugin
2025-08-09 18:43:04,504 [INFO] PluginManager:220 - loadIPPluginJar : add usbx
2025-08-09 18:43:04,614 [INFO] CADModel:165 - CPN selected for project level
2025-08-09 18:43:04,614 [INFO] CADModel:114 - Register for checkConnection events
2025-08-09 18:43:04,614 [FATAL] Updater:334 - Updater called before beeing initialized
2025-08-09 18:43:04,614 [ERROR] CADModel:125 - Updater not yet initialized, retry later 
2025-08-09 18:43:04,697 [INFO] CADModel:165 - CPN selected for project level
2025-08-09 18:43:04,697 [INFO] CADModel:114 - Register for checkConnection events
2025-08-09 18:43:04,697 [FATAL] Updater:334 - Updater called before beeing initialized
2025-08-09 18:43:04,697 [ERROR] CADModel:125 - Updater not yet initialized, retry later 
2025-08-09 18:43:04,700 [FATAL] Updater:334 - Updater called before beeing initialized
2025-08-09 18:43:04,777 [FATAL] Updater:334 - Updater called before beeing initialized
2025-08-09 18:43:04,780 [INFO] DbMcusAds:53 - JSON generation date=Tue Jul 08 05:14:23 ART 2025 (1751962463582)
2025-08-09 18:43:04,780 [FATAL] Updater:334 - Updater called before beeing initialized
2025-08-09 18:43:04,806 [WARN] DetailPanel:346 - Failed to get advertising image, set to default
2025-08-09 18:43:04,873 [FATAL] Updater:334 - Updater called before beeing initialized
2025-08-09 18:43:04,875 [FATAL] Updater:334 - Updater called before beeing initialized
2025-08-09 18:43:04,875 [FATAL] Updater:334 - Updater called before beeing initialized
2025-08-09 18:43:04,875 [WARN] DetailPanel:346 - Failed to get advertising image, set to default
2025-08-09 18:43:04,876 [FATAL] Updater:334 - Updater called before beeing initialized
2025-08-09 18:43:04,911 [ERROR] Updater:1164 - MainUpdater not yet initialized. External WinMGr cannot be set.
2025-08-09 18:43:04,913 [INFO] Updater:1100 - Updater Version found : 6.12.1
2025-08-09 18:43:04,925 [INFO] ApplicationProperties:184 - Using Application install path: C:\ST\STM32CubeIDE_1.16.1\STM32CubeIDE\plugins\com.st.stm32cube.common.mx_6.12.1.202409122256
2025-08-09 18:43:05,150 [INFO] MainUpdater:2873 - connection check result : 10
2025-08-09 18:43:05,150 [INFO] MainUpdater:290 - Updater Check For Update Now.
2025-08-09 18:43:05,151 [INFO] MicroXplorer:498 - Change Database Version : DB.6.0.121
2025-08-09 18:43:05,155 [INFO] McuFinderGlobals:63 - Set McuFinder mode to 2 (CubeIDE integrated)
2025-08-09 18:43:05,156 [INFO] UserAuth:417 - Internet connection configuration mode: 1
2025-08-09 18:43:05,171 [INFO] JxBrowserEngine:152 - Initiate JxBrowser Engine with user profile folder
2025-08-09 18:43:05,331 [INFO] CheckServerUpdateThread:120 - End of CheckServer Thread
2025-08-09 18:43:05,581 [INFO] McuFinderGlobals:63 - Set McuFinder mode to 2 (CubeIDE integrated)
2025-08-09 18:43:05,584 [INFO] MainUpdater:2873 - connection check result : 10
2025-08-09 18:43:05,795 [INFO] WebApp:167 - Instantiating new browser for Auth
2025-08-09 18:43:06,015 [INFO] ApiDb:581 - Connected to CubeFinder SQLite database (C:\Users\nacho\.stmcufinder\plugins\mcufinder\mcu\cube-finder-db.db)
2025-08-09 18:43:06,079 [INFO] ApiDb:668 - CubeFinder database Data Model version=2.1
2025-08-09 18:43:06,079 [INFO] ApiDb:669 - CubeFinder database Configuration version=3.0.39
2025-08-09 18:43:06,079 [INFO] ApiDb:670 - CubeFinder database generation date=2025-07-24 (1753349077)
2025-08-09 18:43:06,080 [INFO] ApiDb:671 - CubeFinder database FW Pack versions=[FP-ATR-ASTRA1_V2.0.0, FP-SNS-FLIGHT1_V5.1.0, FP-SNS-MOTENV1_V5.0.0, FP-SNS-MOTENVWB1_V1.4.0, FP-SNS-SMARTAG2_V1.2.0, FP-SNS-STBOX1_V2.0.0, STM32Cube_FW_C0_V1.4.0, STM32Cube_FW_F4_V1.28.2, STM32Cube_FW_F7_V1.17.3, STM32Cube_FW_G0_V1.6.2, STM32Cube_FW_G4_V1.6.1, STM32Cube_FW_H5_V1.5.0, STM32Cube_FW_H7RS_V1.2.0, STM32Cube_FW_H7_V1.12.1, STM32Cube_FW_L0_V1.12.2, STM32Cube_FW_L4_V1.18.1, STM32Cube_FW_L5_V1.5.1, STM32Cube_FW_N6_V1.2.0, STM32Cube_FW_U0_V1.3.0, STM32Cube_FW_U3_V1.2.0, STM32Cube_FW_U5_V1.8.0, STM32Cube_FW_WB0_V1.3.0, STM32Cube_FW_WBA_V1.7.0, STM32Cube_FW_WB_V1.23.0, STM32Cube_FW_WL3_V1.2.0, STM32Cube_FW_WL_V1.3.1, X-CUBE-ALGOBUILD_V1.4.0, X-CUBE-ALS_V1.0.2, X-CUBE-AZRTOS-F4_V1.1.0, X-CUBE-AZRTOS-F7_V1.1.0, X-CUBE-AZRTOS-G0_V1.1.0, X-CUBE-AZRTOS-G4_V2.0.0, X-CUBE-AZRTOS-H7RS_V1.1.0, X-CUBE-AZRTOS-H7_V3.4.0, X-CUBE-AZRTOS-L4_V2.0.0, X-CUBE-AZRTOS-L5_V2.0.0, X-CUBE-AZRTOS-WB_V2.0.0, X-CUBE-AZRTOS-WL_V2.0.0, X-CUBE-BLE1_V7.1.0, X-CUBE-BLE2_V3.3.0, X-CUBE-BLEMGR_V4.1.0, X-CUBE-EEPRMA1_V5.2.0, X-CUBE-FREERTOS_V1.3.1, X-CUBE-GNSS1_V6.0.0, X-CUBE-MEMS1_V11.3.0, X-CUBE-NFC4_V3.0.0, X-CUBE-NFC7_V2.0.0, X-CUBE-SFXS2LP1_V4.0.0, X-CUBE-ST67W61_V1.0.0, X-CUBE-SUBG2_V5.0.0, X-CUBE-TOF1_V3.4.3]
2025-08-09 18:43:06,150 [INFO] DbBoardsSqlite:226 - include board P-NUCLEO-WB55-NUCLEO as a kit item of type 'Nucleo-64'
2025-08-09 18:43:06,151 [INFO] DbBoardsSqlite:226 - include board P-NUCLEO-WB55-USBDONGLE as a kit item of type 'Nucleo USB Dongle'
2025-08-09 18:43:06,151 [INFO] DbBoardsSqlite:226 - include board STEVAL-IDP005V1 as a kit item of type 'Evaluation Board'
2025-08-09 18:43:06,151 [INFO] DbBoardsSqlite:226 - include board STEVAL-IDP005V2 as a kit item of type 'Evaluation Board'
2025-08-09 18:43:06,248 [INFO] ApiDb:240 - Found 646 in-development CPN: [B-G473E-ZEST1S, B-WB1M-WPAN1, B-WL5M-SUBG1, NUCLEO-C031C6, NUCLEO-C071RB, NUCLEO-H503RB, NUCLEO-H533RE, NUCLEO-H563ZI, NUCLEO-H7S3L8, NUCLEO-U031R8, NUCLEO-U083RC, NUCLEO-U545RE-Q, NUCLEO-U5A5ZJ-Q, NUCLEO-WB05KZ, NUCLEO-WB07CC, NUCLEO-WB09KE, NUCLEO-WBA52CG, NUCLEO-WBA55CG, STEVAL-PROTEUS1, STEVAL-SMARTAG2, STEVAL-STWINBX1, STM320518-EVAL, STM32C0116-DK, STM32C011D6Y3TR, STM32C011D6Y6TR, STM32C011F4P3, STM32C011F4P6, STM32C011F4U3, STM32C011F4U6TR, STM32C011F6P3, STM32C011F6P6, STM32C011F6U3, STM32C011F6U6TR, STM32C011J4M3, STM32C011J4M6, STM32C011J6M3, STM32C011J6M6, STM32C0316-DK, STM32C031C4T3, STM32C031C4T6, STM32C031C4U3, STM32C031C4U6, STM32C031C6T3, STM32C031C6T6, STM32C031C6U3, STM32C031C6U6, STM32C031F4P3, STM32C031F4P6, STM32C031F6P3, STM32C031F6P6, STM32C031G4U3, STM32C031G4U6, STM32C031G6U3, STM32C031G6U6, STM32C031K4T3, STM32C031K4T6, STM32C031K4U3, STM32C031K4U6, STM32C031K6T3, STM32C031K6T6, STM32C031K6U3, STM32C031K6U6, STM32C071C8T6, STM32C071C8T6N, STM32C071C8U6, STM32C071C8U6N, STM32C071CBT6, STM32C071CBT6N, STM32C071CBU6, STM32C071CBU6N, STM32C071F8P6, STM32C071F8P6N, STM32C071FBP6, STM32C071FBP6N, STM32C071FBY6TR, STM32C071G8U6, STM32C071G8U6N, STM32C071GBU6, STM32C071GBU6N, STM32C071K8T6, STM32C071K8T6N, STM32C071K8U6, STM32C071K8U6N, STM32C071KBT6, STM32C071KBT6N, STM32C071KBU6, STM32C071KBU6N, STM32C071R8T6, STM32C071R8T6N, STM32C071RBI6N, STM32C071RBT6, STM32C071RBT6N, STM32G071K8TXN, STM32G071K8UXN, STM32G081GBU6N, STM32G081KBT6N, STM32G081KBUXN, STM32G0B1CCT6N, STM32G0B1KCT6, STM32G0B1NEY6TR, STM32G0B1RCT6N, STM32G0C1CCT6, STM32G0C1CCT6N, STM32G0C1CCU6N, STM32G0C1CET6N, STM32G0C1CEU6N, STM32G0C1KCT6, STM32G0C1NEY6TR, STM32G0C1RCI6N, STM32G0C1RCT6N, STM32G0C1REI6N, STM32G0C1RET6N, STM32G0C1VCI6, STM32G0C1VEI6, STM32G411C6T3, STM32G411C6T6, STM32G411C6U3, STM32G411C6U6, STM32G411C8T3, STM32G411C8T6, STM32G411C8U3, STM32G411C8U6, STM32G411CBT3, STM32G411CBT6, STM32G411CBU3, STM32G411CBU6, STM32G411K6T3, STM32G411K6T6, STM32G411K6U3, STM32G411K6U6, STM32G411K8T3, STM32G411K8T6, STM32G411K8U3, STM32G411K8U6, STM32G411KBT3, STM32G411KBT6, STM32G411KBU3, STM32G411KBU6, STM32G411M6T3, STM32G411M6T6, STM32G411M8T3, STM32G411M8T6, STM32G411MBT3, STM32G411MBT6, STM32G411R6T3, STM32G411R6T6, STM32G411R8T3, STM32G411R8T6, STM32G411RBT3, STM32G411RBT6, STM32G414CBT3, STM32G414CBT6, STM32G414CBU3, STM32G414CBU6, STM32G414CCT3, STM32G414CCT6, STM32G414CCU3, STM32G414CCU6, STM32G414MBT3, STM32G414MBT6, STM32G414MCT3, STM32G414MCT6, STM32G414RBT3, STM32G414RBT6, STM32G414RCT3, STM32G414RCT6, STM32G414VBT3, STM32G414VBT6, STM32G414VCT3, STM32G414VCT6, STM32G431CBT3Z, STM32G431RBT3Z, STM32G471CCT6, STM32G471CCU6, STM32G471CET3, STM32G471CET6, STM32G471CEU3, STM32G471CEU6, STM32G471MCT6, STM32G471MET3, STM32G471MET6, STM32G471MEY6TR, STM32G471QCT6, STM32G471QET3, STM32G471RCT6, STM32G471RET3, STM32G471RET6, STM32G471VCH6, STM32G471VCI6, STM32G471VCT6, STM32G471VEH3, STM32G471VEH6, STM32G471VEI3, STM32G471VEI6, STM32G471VET3, STM32G471VET6, STM32G473QET3Z, STM32G473RET3Z, STM32G474CCT6, STM32G491RET3Z, STM32H503CBT6, STM32H503CBU6, STM32H503EBY6TR, STM32H503KBU6, STM32H503RBT6, STM32H523CCT6, STM32H523CCU6, STM32H523CET6, STM32H523CEU6, STM32H523HEY6TR, STM32H523RCT6, STM32H523RET6, STM32H523VCI6, STM32H523VCT6, STM32H523VEI6, STM32H523VET6, STM32H523ZCJ6, STM32H523ZCT6, STM32H523ZEJ6, STM32H523ZET6, STM32H533CET6, STM32H533CEU6, STM32H533HEY6TR, STM32H533RET6, STM32H533VEI6, STM32H533VET6, STM32H533ZEJ6, STM32H533ZET6, STM32H562AGI6, STM32H562AII6, STM32H562IGK6, STM32H562IGT6, STM32H562IIK6, STM32H562IIT6, STM32H562RGT6, STM32H562RGV6, STM32H562RIT6, STM32H562RIV6, STM32H562VGT6, STM32H562VIT6, STM32H562ZGT6, STM32H562ZIT6, STM32H563AGI6, STM32H563AII3Q, STM32H563AII6, STM32H563IGK6, STM32H563IGT6, STM32H563IIK3Q, STM32H563IIK6, STM32H563IIT3Q, STM32H563IIT6, STM32H563MIY3QTR, STM32H563RGT6, STM32H563RGV6, STM32H563RIT6, STM32H563RIV6, STM32H563VGT6, STM32H563VIT3Q, STM32H563VIT6, STM32H563ZGT6, STM32H563ZIT3Q, STM32H563ZIT6, STM32H573AII3Q, STM32H573AII6, STM32H573I-DK, STM32H573IIK3Q, STM32H573IIK6, STM32H573IIT3Q, STM32H573IIT6, STM32H573MIY3QTR, STM32H573RIT6, STM32H573RIV6, STM32H573VIT3Q, STM32H573VIT6, STM32H573ZIT3Q, STM32H573ZIT6, STM32H7R3A8I6, STM32H7R3I8K6, STM32H7R3I8T6, STM32H7R3L8H6, STM32H7R3L8H6H, STM32H7R3R8V6, STM32H7R3V8H6, STM32H7R3V8T6, STM32H7R3V8Y6TR, STM32H7R3Z8J6, STM32H7R3Z8T6, STM32H7R7A8I6, STM32H7R7I8K6, STM32H7R7I8T6, STM32H7R7L8H6, STM32H7R7L8H6H, STM32H7R7Z8J6, STM32H7S3A8I6, STM32H7S3I8K6, STM32H7S3I8T6, STM32H7S3L8H6, STM32H7S3L8H6H, STM32H7S3R8V6, STM32H7S3V8H6, STM32H7S3V8T6, STM32H7S3V8Y6TR, STM32H7S3Z8J6, STM32H7S3Z8T6, STM32H7S78-DK, STM32H7S7A8I6, STM32H7S7I8K6, STM32H7S7I8T6, STM32H7S7L8H6, STM32H7S7L8H6H, STM32H7S7Z8J6, STM32L4R5QGI6STR, STM32MP131AAE3, STM32MP131AAF3, STM32MP131AAG3, STM32MP131CAE3, STM32MP131CAF3, STM32MP131CAG3, STM32MP131DAE7, STM32MP131DAF7, STM32MP131DAG7, STM32MP131FAE7, STM32MP131FAF7, STM32MP131FAG7, STM32MP133AAE3, STM32MP133AAF3, STM32MP133AAG3, STM32MP133CAE3, STM32MP133CAF3, STM32MP133CAG3, STM32MP133DAE7, STM32MP133DAF7, STM32MP133DAG7, STM32MP133FAE7, STM32MP133FAF7, STM32MP133FAG7, STM32MP135AAE3, STM32MP135AAF3, STM32MP135AAG3, STM32MP135CAE3, STM32MP135CAF3, STM32MP135CAG3, STM32MP135DAE7, STM32MP135DAF7, STM32MP135DAG7, STM32MP135F-DK, STM32MP135FAE7, STM32MP135FAF7, STM32MP135FAF7T, STM32MP135FAF7U, STM32MP135FAG7, STM32MP251AAI3, STM32MP251AAK3, STM32MP251AAL3, STM32MP251CAI3, STM32MP251CAK3, STM32MP251CAL3, STM32MP251DAI3, STM32MP251DAK3, STM32MP251DAL3, STM32MP251FAI3, STM32MP251FAK3, STM32MP251FAL3, STM32MP253AAI3, STM32MP253AAK3, STM32MP253AAL3, STM32MP253CAI3, STM32MP253CAK3, STM32MP253CAL3, STM32MP253DAI3, STM32MP253DAK3, STM32MP253DAL3, STM32MP253FAI3, STM32MP253FAK3, STM32MP253FAL3, STM32MP255AAI3, STM32MP255AAK3, STM32MP255AAL3, STM32MP255CAI3, STM32MP255CAK3, STM32MP255CAL3, STM32MP255DAI3, STM32MP255DAK3, STM32MP255DAL3, STM32MP255FAI3, STM32MP255FAK3, STM32MP255FAL3, STM32MP257AAI3, STM32MP257AAK3, STM32MP257AAL3, STM32MP257CAI3, STM32MP257CAK3, STM32MP257CAL3, STM32MP257DAI3, STM32MP257DAK3, STM32MP257DAL3, STM32MP257F-DK, STM32MP257F-EV1, STM32MP257FAI3, STM32MP257FAK3, STM32MP257FAL3, STM32U031C6T6, STM32U031C6U6, STM32U031C8T6, STM32U031C8U6, STM32U031F4P6, STM32U031F6P6, STM32U031F8P6, STM32U031G6Y6TR, STM32U031G8Y6TR, STM32U031K4U6, STM32U031K6U6, STM32U031K8U6, STM32U031R6I6, STM32U031R6T6, STM32U031R8I6, STM32U031R8T6, STM32U073C8T6, STM32U073C8U6, STM32U073CBT6, STM32U073CBU6, STM32U073CCT6, STM32U073CCU6, STM32U073H8Y6TR, STM32U073HBY6TR, STM32U073HCY6TR, STM32U073K8U6, STM32U073KBU6, STM32U073KCU6, STM32U073M8I6, STM32U073M8T6, STM32U073MBI6, STM32U073MBT6, STM32U073MCI6, STM32U073MCT6, STM32U073R8I6, STM32U073R8T6, STM32U073RBI6, STM32U073RBT6, STM32U073RCI6, STM32U073RCT6, STM32U083C-DK, STM32U083CCT6, STM32U083CCU6, STM32U083HCY6TR, STM32U083KCU6, STM32U083MCI6, STM32U083MCT6, STM32U083RCI6, STM32U083RCT6, STM32U535CBT6, STM32U535CBT6Q, STM32U535CBU6, STM32U535CBU6Q, STM32U535CCT6, STM32U535CCT6Q, STM32U535CCU6, STM32U535CCU6Q, STM32U535CET6, STM32U535CET6Q, STM32U535CEU6, STM32U535CEU6Q, STM32U535JEY6QTR, STM32U535NCY6QTR, STM32U535NEY6QTR, STM32U535RBI6, STM32U535RBI6Q, STM32U535RBT6, STM32U535RBT6Q, STM32U535RCI6, STM32U535RCI6Q, STM32U535RCT6, STM32U535RCT6Q, STM32U535REI6, STM32U535REI6Q, STM32U535RET6, STM32U535RET6Q, STM32U535VCI6, STM32U535VCI6Q, STM32U535VCT6, STM32U535VCT6Q, STM32U535VEI6, STM32U535VEI6Q, STM32U535VET6, STM32U535VET6Q, STM32U545CET6, STM32U545CET6Q, STM32U545CEU6, STM32U545CEU6Q, STM32U545JEY6QTR, STM32U545NEY6QTR, STM32U545REI6, STM32U545REI6Q, STM32U545RET6, STM32U545RET6Q, STM32U545VEI6, STM32U545VEI6Q, STM32U545VET6, STM32U545VET6Q, STM32U595AIH6, STM32U595AIH6Q, STM32U595AJH6, STM32U595AJH6Q, STM32U595QII6, STM32U595QII6Q, STM32U595QJI6, STM32U595QJI6Q, STM32U595RIT6, STM32U595RIT6Q, STM32U595RJT6, STM32U595RJT6Q, STM32U595VIT6, STM32U595VIT6Q, STM32U595VJT6, STM32U595VJT6Q, STM32U595ZIT6, STM32U595ZIT6Q, STM32U595ZIY6QTR, STM32U595ZJT6, STM32U595ZJT6Q, STM32U595ZJY6QTR, STM32U599BJY6QTR, STM32U599NIH6Q, STM32U599NJH6Q, STM32U599VIT6Q, STM32U599VJT6, STM32U599VJT6Q, STM32U599ZIT6Q, STM32U599ZIY6QTR, STM32U599ZJT6Q, STM32U599ZJY6QTR, STM32U5A5AJH6, STM32U5A5AJH6Q, STM32U5A5QII3Q , STM32U5A5QJI6, STM32U5A5QJI6Q, STM32U5A5RJT6, STM32U5A5RJT6Q, STM32U5A5VJT6, STM32U5A5VJT6Q, STM32U5A5ZJT6, STM32U5A5ZJT6Q, STM32U5A5ZJY6QTR, STM32U5A9BJY6QTR, STM32U5A9J-DK, STM32U5A9NJH6Q, STM32U5A9VJT6Q, STM32U5A9ZJT6Q, STM32U5A9ZJY6QTR, STM32U5F7VIT6, STM32U5F7VIT6Q, STM32U5F7VJT6, STM32U5F7VJT6Q, STM32U5F9BJY6QTR, STM32U5F9NJH6Q, STM32U5F9VIT6Q, STM32U5F9VJT6Q, STM32U5F9ZIJ6QTR, STM32U5F9ZIT6Q, STM32U5F9ZJJ6QTR, STM32U5F9ZJT6Q, STM32U5G7VJT6, STM32U5G7VJT6Q, STM32U5G9BJY6QTR, STM32U5G9J-DK1, STM32U5G9J-DK2, STM32U5G9NJH6Q, STM32U5G9VJT6Q, STM32U5G9ZJJ6QTR, STM32U5G9ZJT6Q, STM32WB05KZV6TR, STM32WB05KZV7TR, STM32WB05TZF6TR, STM32WB05TZF7TR, STM32WB06CCF6TR, STM32WB06CCF7TR, STM32WB06CCV6TR, STM32WB06CCV7TR, STM32WB06KCV6TR, STM32WB06KCV7TR, STM32WB07CCF6TR, STM32WB07CCF7TR, STM32WB07CCV6TR, STM32WB07CCV7TR, STM32WB07KCV6TR, STM32WB07KCV7TR, STM32WB09KEV6TR, STM32WB09KEV7TR, STM32WB09TEF6TR, STM32WB09TEF7TR, STM32WB1MMCH6, STM32WBA50KGU6, STM32WBA50KGU6TR, STM32WBA52CEU6, STM32WBA52CEU6TR, STM32WBA52CEU7, STM32WBA52CEU7TR, STM32WBA52CGU6, STM32WBA52CGU6TR, STM32WBA52CGU6U, STM32WBA52CGU7, STM32WBA52CGU7TR, STM32WBA52KEU6, STM32WBA52KEU6TR, STM32WBA52KGU6, STM32WBA52KGU6TR, STM32WBA54CEU6, STM32WBA54CEU6TR, STM32WBA54CEU7, STM32WBA54CEU7TR, STM32WBA54CGU6, STM32WBA54CGU6TR, STM32WBA54CGU7, STM32WBA54CGU7TR, STM32WBA54KEU6, STM32WBA54KEU6TR, STM32WBA54KEU7, STM32WBA54KEU7TR, STM32WBA54KGU6, STM32WBA54KGU6TR, STM32WBA54KGU7, STM32WBA54KGU7TR, STM32WBA55CEU6, STM32WBA55CEU6TR, STM32WBA55CEU7, STM32WBA55CEU7TR, STM32WBA55CGU6, STM32WBA55CGU6TR, STM32WBA55CGU6U, STM32WBA55CGU7, STM32WBA55CGU7TR, STM32WBA55G-DK1, STM32WBA55HEF6, STM32WBA55HEF7, STM32WBA55HGF6, STM32WBA55HGF7, STM32WBA55UEI6, STM32WBA55UEI6TR, STM32WBA55UEI7, STM32WBA55UEI7TR, STM32WBA55UGI6, STM32WBA55UGI6TR, STM32WBA55UGI7, STM32WBA55UGI7TR, STM32WL5MOCH6, STM32WL5MOCH6TR]
2025-08-09 18:43:06,253 [INFO] ApiDb:668 - CubeFinder database Data Model version=2.1
2025-08-09 18:43:06,253 [INFO] ApiDb:669 - CubeFinder database Configuration version=3.0.39
2025-08-09 18:43:06,253 [INFO] ApiDb:670 - CubeFinder database generation date=2025-07-24 (1753349077)
2025-08-09 18:43:06,253 [INFO] ApiDb:671 - CubeFinder database FW Pack versions=[FP-ATR-ASTRA1_V2.0.0, FP-SNS-FLIGHT1_V5.1.0, FP-SNS-MOTENV1_V5.0.0, FP-SNS-MOTENVWB1_V1.4.0, FP-SNS-SMARTAG2_V1.2.0, FP-SNS-STBOX1_V2.0.0, STM32Cube_FW_C0_V1.4.0, STM32Cube_FW_F4_V1.28.2, STM32Cube_FW_F7_V1.17.3, STM32Cube_FW_G0_V1.6.2, STM32Cube_FW_G4_V1.6.1, STM32Cube_FW_H5_V1.5.0, STM32Cube_FW_H7RS_V1.2.0, STM32Cube_FW_H7_V1.12.1, STM32Cube_FW_L0_V1.12.2, STM32Cube_FW_L4_V1.18.1, STM32Cube_FW_L5_V1.5.1, STM32Cube_FW_N6_V1.2.0, STM32Cube_FW_U0_V1.3.0, STM32Cube_FW_U3_V1.2.0, STM32Cube_FW_U5_V1.8.0, STM32Cube_FW_WB0_V1.3.0, STM32Cube_FW_WBA_V1.7.0, STM32Cube_FW_WB_V1.23.0, STM32Cube_FW_WL3_V1.2.0, STM32Cube_FW_WL_V1.3.1, X-CUBE-ALGOBUILD_V1.4.0, X-CUBE-ALS_V1.0.2, X-CUBE-AZRTOS-F4_V1.1.0, X-CUBE-AZRTOS-F7_V1.1.0, X-CUBE-AZRTOS-G0_V1.1.0, X-CUBE-AZRTOS-G4_V2.0.0, X-CUBE-AZRTOS-H7RS_V1.1.0, X-CUBE-AZRTOS-H7_V3.4.0, X-CUBE-AZRTOS-L4_V2.0.0, X-CUBE-AZRTOS-L5_V2.0.0, X-CUBE-AZRTOS-WB_V2.0.0, X-CUBE-AZRTOS-WL_V2.0.0, X-CUBE-BLE1_V7.1.0, X-CUBE-BLE2_V3.3.0, X-CUBE-BLEMGR_V4.1.0, X-CUBE-EEPRMA1_V5.2.0, X-CUBE-FREERTOS_V1.3.1, X-CUBE-GNSS1_V6.0.0, X-CUBE-MEMS1_V11.3.0, X-CUBE-NFC4_V3.0.0, X-CUBE-NFC7_V2.0.0, X-CUBE-SFXS2LP1_V4.0.0, X-CUBE-ST67W61_V1.0.0, X-CUBE-SUBG2_V5.0.0, X-CUBE-TOF1_V3.4.3]
2025-08-09 18:43:06,697 [INFO] WebApp:448 - Apply proxy settings
2025-08-09 18:43:06,697 [INFO] WebApp:533 - Chromium requires no authentication
2025-08-09 18:43:06,704 [INFO] WebApp:476 - Direct internet connection detected
2025-08-09 18:43:06,729 [INFO] WebApp:869 - Register for checkConnection events
2025-08-09 18:43:06,730 [INFO] WebApp:448 - Apply proxy settings
2025-08-09 18:43:06,730 [INFO] WebApp:533 - Chromium requires no authentication
2025-08-09 18:43:06,731 [INFO] WebApp:476 - Direct internet connection detected
2025-08-09 18:43:06,867 [INFO] WebApp:220 - Starting web application
2025-08-09 18:43:06,867 [INFO] WebApp:578 - Web application path used C:\ST\STM32CubeIDE_1.16.1\STM32CubeIDE\plugins\com.st.stm32cube.common.mx_6.12.1.202409122256\db\plugins\mcufinder\reactClient1\index.html
2025-08-09 18:43:06,877 [INFO] WebApp:186 - Connection restablished
2025-08-09 18:43:07,012 [INFO] UserAuth:417 - Internet connection configuration mode: 1
2025-08-09 18:43:07,363 [WARN] PackLoader:240 - Cannot read IP mode file for STMicroelectronics.FP-SNS-MOTENVWB1.1.4.0
2025-08-09 18:43:07,374 [WARN] PackLoader:240 - Cannot read IP mode file for STMicroelectronics.FP-ATR-ASTRA1.2.0.2
2025-08-09 18:43:07,380 [WARN] PackLoader:240 - Cannot read IP mode file for STMicroelectronics.FP-ATR-ASTRA1.2.0.1
2025-08-09 18:43:07,392 [WARN] PackLoader:240 - Cannot read IP mode file for STMicroelectronics.X-CUBE-SMBUS.2.1.0
2025-08-09 18:43:07,403 [WARN] PackLoader:240 - Cannot read IP mode file for STMicroelectronics.X-CUBE-WB05N.1.1.0
2025-08-09 18:43:07,408 [ERROR] Engine:466 - C:\Users\nacho\.stm32cubemx\thirdparties\pdsc\STMicroelectronics.X-CUBE-ST60.1.0.0.pdsc: PDSC version is not supported
2025-08-09 18:43:07,445 [WARN] PackLoader:240 - Cannot read IP mode file for STMicroelectronics.X-CUBE-AZRTOS-F7.1.1.0
2025-08-09 18:43:07,556 [WARN] PackLoader:240 - Cannot read IP mode file for STMicroelectronics.X-CUBE-MEMS1.11.0.0
2025-08-09 18:43:07,734 [WARN] PackLoader:240 - Cannot read IP mode file for STMicroelectronics.FP-SNS-FLIGHT1.5.0.2
2025-08-09 18:43:07,761 [WARN] PackLoader:240 - Cannot read IP mode file for STMicroelectronics.X-CUBE-AZRTOS-H7.3.4.0
2025-08-09 18:43:07,771 [WARN] PackLoader:240 - Cannot read IP mode file for STMicroelectronics.X-CUBE-DISPLAY.3.0.0
2025-08-09 18:43:07,781 [WARN] PackLoader:240 - Cannot read IP mode file for STMicroelectronics.X-CUBE-BLE1.7.0.0
2025-08-09 18:43:07,789 [WARN] PackLoader:240 - Cannot read IP mode file for STMicroelectronics.X-CUBE-NFC10.1.0.0
2025-08-09 18:43:07,799 [WARN] PackLoader:240 - Cannot read IP mode file for STMicroelectronics.X-CUBE-BLEMGR.4.0.0
2025-08-09 18:43:07,808 [WARN] PackLoader:240 - Cannot read IP mode file for emotas.I-CUBE-CANOPEN.1.3.0
2025-08-09 18:43:07,814 [WARN] PackLoader:240 - Cannot read IP mode file for STMicroelectronics.X-CUBE-BLEMGR.3.1.0
2025-08-09 18:43:07,820 [WARN] PackLoader:240 - Cannot read IP mode file for STMicroelectronics.X-CUBE-AI.10.0.0
2025-08-09 18:43:07,823 [ERROR] Engine:466 - C:\Users\nacho\.stm32cubemx\thirdparties\pdsc\STMicroelectronics.FP-SNS-STBOX1.2.1.0.pdsc: PDSC version is not supported
2025-08-09 18:43:07,827 [WARN] PackLoader:240 - Cannot read IP mode file for STMicroelectronics.FP-SNS-SMARTAG2.1.2.0
2025-08-09 18:43:07,830 [ERROR] Engine:466 - C:\Users\nacho\.stm32cubemx\thirdparties\pdsc\STMicroelectronics.FP-SNS-FLIGHT1.5.1.0.pdsc: PDSC version is not supported
2025-08-09 18:43:07,865 [WARN] PackLoader:240 - Cannot read IP mode file for STMicroelectronics.X-CUBE-MEMS1.11.1.0
2025-08-09 18:43:07,969 [INFO] LogOutputStream:77 - [STDOUT_REDIRECT] 1 : Invalid condition id : UX_CORESTACK_Condition cause : null
2025-08-09 18:43:07,969 [INFO] LogOutputStream:77 - [STDOUT_REDIRECT] 1 : Invalid condition id : UX_CORESTACK_Condition cause : null
2025-08-09 18:43:07,970 [INFO] LogOutputStream:77 - [STDOUT_REDIRECT] 1 : Invalid condition id : UX_CORESTACK_Condition cause : null
2025-08-09 18:43:07,971 [INFO] LogOutputStream:77 - [STDOUT_REDIRECT] 1 : Invalid condition id : UX_CORESTACK_Condition cause : null
2025-08-09 18:43:07,973 [INFO] LogOutputStream:77 - [STDOUT_REDIRECT] 1 : Invalid condition id : UX_CORESTACK_Condition cause : null
2025-08-09 18:43:07,975 [WARN] PackLoader:240 - Cannot read IP mode file for STMicroelectronics.X-CUBE-AZRTOS-WL.2.0.0
2025-08-09 18:43:07,981 [WARN] PackLoader:240 - Cannot read IP mode file for STMicroelectronics.FP-SNS-MOTENV1.5.0.0
2025-08-09 18:43:07,988 [WARN] PackLoader:240 - Cannot read IP mode file for wolfSSL.I-CUBE-wolfMQTT.1.19.0
2025-08-09 18:43:07,995 [WARN] PackLoader:240 - Cannot read IP mode file for WES.I-CUBE-Cesium.1.3.0
2025-08-09 18:43:08,000 [WARN] PackLoader:240 - Cannot read IP mode file for STMicroelectronics.X-CUBE-BLE2.3.3.0
2025-08-09 18:43:08,006 [WARN] PackLoader:240 - Cannot read IP mode file for STMicroelectronics.X-CUBE-NFC9.1.0.0
2025-08-09 18:43:08,010 [WARN] PackLoader:240 - Cannot read IP mode file for STMicroelectronics.X-CUBE-BLE1.7.1.0
2025-08-09 18:43:08,016 [WARN] PackLoader:240 - Cannot read IP mode file for STMicroelectronics.X-CUBE-TCPP.4.1.0
2025-08-09 18:43:08,023 [WARN] PackLoader:240 - Cannot read IP mode file for STMicroelectronics.X-CUBE-EEPRMA1.5.2.0
2025-08-09 18:43:08,028 [WARN] PackLoader:240 - Cannot read IP mode file for STMicroelectronics.X-CUBE-AI.10.1.0
2025-08-09 18:43:08,066 [WARN] PackLoader:240 - Cannot read IP mode file for STMicroelectronics.X-CUBE-MEMS1.11.2.0
2025-08-09 18:43:08,154 [WARN] PackLoader:240 - Cannot read IP mode file for STMicroelectronics.X-CUBE-AZRTOS-G0.1.1.0
2025-08-09 18:43:08,161 [WARN] PackLoader:240 - Cannot read IP mode file for STMicroelectronics.X-CUBE-SAFEA1.1.2.2
2025-08-09 18:43:08,166 [WARN] PackLoader:240 - Cannot read IP mode file for STMicroelectronics.X-CUBE-NFC4.3.0.0
2025-08-09 18:43:08,175 [WARN] PackLoader:240 - Cannot read IP mode file for EmbeddedOffice.I-CUBE-FS-RTOS.1.0.1
2025-08-09 18:43:08,176 [ERROR] ConditionMgr:805 - Attr not supported : Dmpu
2025-08-09 18:43:08,176 [ERROR] ConditionMgr:805 - Attr not supported : Dmpu
2025-08-09 18:43:08,176 [ERROR] ConditionMgr:805 - Attr not supported : Dmpu
2025-08-09 18:43:08,176 [ERROR] ConditionMgr:805 - Attr not supported : Dmpu
2025-08-09 18:43:08,176 [ERROR] ConditionMgr:805 - Attr not supported : Dmpu
2025-08-09 18:43:08,176 [ERROR] ConditionMgr:805 - Attr not supported : Dmpu
2025-08-09 18:43:08,176 [ERROR] ConditionMgr:805 - Attr not supported : Dmpu
2025-08-09 18:43:08,176 [ERROR] ConditionMgr:805 - Attr not supported : Dmpu
2025-08-09 18:43:08,176 [ERROR] ConditionMgr:805 - Attr not supported : Dmpu
2025-08-09 18:43:08,176 [ERROR] ConditionMgr:805 - Attr not supported : Dmpu
2025-08-09 18:43:08,177 [ERROR] ConditionMgr:805 - Attr not supported : Dmpu
2025-08-09 18:43:08,177 [ERROR] ConditionMgr:805 - Attr not supported : Dmpu
2025-08-09 18:43:08,177 [ERROR] ConditionMgr:805 - Attr not supported : Dmpu
2025-08-09 18:43:08,177 [ERROR] ConditionMgr:805 - Attr not supported : Dmpu
2025-08-09 18:43:08,177 [ERROR] ConditionMgr:805 - Attr not supported : Dmpu
2025-08-09 18:43:08,177 [ERROR] ConditionMgr:805 - Attr not supported : Dmpu
2025-08-09 18:43:08,177 [ERROR] ConditionMgr:805 - Attr not supported : Dmpu
2025-08-09 18:43:08,177 [ERROR] ConditionMgr:805 - Attr not supported : Dmpu
2025-08-09 18:43:08,177 [ERROR] ConditionMgr:805 - Attr not supported : Dmpu
2025-08-09 18:43:08,177 [ERROR] ConditionMgr:805 - Attr not supported : Dmpu
2025-08-09 18:43:08,177 [ERROR] ConditionMgr:805 - Attr not supported : Dmpu
2025-08-09 18:43:08,177 [ERROR] ConditionMgr:805 - Attr not supported : Dmpu
2025-08-09 18:43:08,177 [ERROR] ConditionMgr:805 - Attr not supported : Dmpu
2025-08-09 18:43:08,177 [ERROR] ConditionMgr:805 - Attr not supported : Dmpu
2025-08-09 18:43:08,177 [ERROR] ConditionMgr:805 - Attr not supported : Dmpu
2025-08-09 18:43:08,177 [ERROR] ConditionMgr:805 - Attr not supported : Dmpu
2025-08-09 18:43:08,177 [ERROR] ConditionMgr:805 - Attr not supported : Dmpu
2025-08-09 18:43:08,177 [ERROR] ConditionMgr:805 - Attr not supported : Dmpu
2025-08-09 18:43:08,177 [ERROR] ConditionMgr:805 - Attr not supported : Dmpu
2025-08-09 18:43:08,178 [ERROR] ConditionMgr:805 - Attr not supported : Dmpu
2025-08-09 18:43:08,178 [ERROR] ConditionMgr:805 - Attr not supported : Dmpu
2025-08-09 18:43:08,178 [ERROR] ConditionMgr:805 - Attr not supported : Dmpu
2025-08-09 18:43:08,178 [ERROR] ConditionMgr:805 - Attr not supported : Dmpu
2025-08-09 18:43:08,178 [ERROR] ConditionMgr:805 - Attr not supported : Dmpu
2025-08-09 18:43:08,178 [ERROR] ConditionMgr:805 - Attr not supported : Dmpu
2025-08-09 18:43:08,178 [ERROR] ConditionMgr:805 - Attr not supported : Dmpu
2025-08-09 18:43:08,178 [ERROR] ConditionMgr:805 - Attr not supported : Dmpu
2025-08-09 18:43:08,178 [ERROR] ConditionMgr:805 - Attr not supported : Dmpu
2025-08-09 18:43:08,178 [ERROR] ConditionMgr:805 - Attr not supported : Dmpu
2025-08-09 18:43:08,178 [ERROR] ConditionMgr:805 - Attr not supported : Dmpu
2025-08-09 18:43:08,178 [ERROR] ConditionMgr:805 - Attr not supported : Dmpu
2025-08-09 18:43:08,178 [ERROR] ConditionMgr:805 - Attr not supported : Dmpu
2025-08-09 18:43:08,178 [ERROR] ConditionMgr:805 - Attr not supported : Dmpu
2025-08-09 18:43:08,179 [ERROR] ConditionMgr:805 - Attr not supported : Dmpu
2025-08-09 18:43:08,179 [ERROR] ConditionMgr:805 - Attr not supported : Dmpu
2025-08-09 18:43:08,179 [ERROR] ConditionMgr:805 - Attr not supported : Dmpu
2025-08-09 18:43:08,179 [ERROR] ConditionMgr:805 - Attr not supported : Dmpu
2025-08-09 18:43:08,179 [ERROR] ConditionMgr:805 - Attr not supported : Dmpu
2025-08-09 18:43:08,179 [ERROR] ConditionMgr:805 - Attr not supported : Dmpu
2025-08-09 18:43:08,179 [ERROR] ConditionMgr:805 - Attr not supported : Dmpu
2025-08-09 18:43:08,179 [ERROR] ConditionMgr:805 - Attr not supported : Dmpu
2025-08-09 18:43:08,179 [ERROR] ConditionMgr:805 - Attr not supported : Dmpu
2025-08-09 18:43:08,179 [ERROR] ConditionMgr:805 - Attr not supported : Dmpu
2025-08-09 18:43:08,180 [ERROR] ConditionMgr:805 - Attr not supported : Dmpu
2025-08-09 18:43:08,180 [ERROR] ConditionMgr:805 - Attr not supported : Dmpu
2025-08-09 18:43:08,180 [ERROR] ConditionMgr:805 - Attr not supported : Dmpu
2025-08-09 18:43:08,180 [ERROR] ConditionMgr:805 - Attr not supported : Dmpu
2025-08-09 18:43:08,180 [ERROR] ConditionMgr:805 - Attr not supported : Dmpu
2025-08-09 18:43:08,180 [ERROR] ConditionMgr:805 - Attr not supported : Dmpu
2025-08-09 18:43:08,180 [ERROR] ConditionMgr:805 - Attr not supported : Dmpu
2025-08-09 18:43:08,180 [ERROR] ConditionMgr:805 - Attr not supported : Dmpu
2025-08-09 18:43:08,180 [ERROR] ConditionMgr:805 - Attr not supported : Dmpu
2025-08-09 18:43:08,180 [ERROR] ConditionMgr:805 - Attr not supported : Dmpu
2025-08-09 18:43:08,180 [ERROR] ConditionMgr:805 - Attr not supported : Dmpu
2025-08-09 18:43:08,184 [WARN] PackLoader:240 - Cannot read IP mode file for STMicroelectronics.X-CUBE-WB05N.2.0.0
2025-08-09 18:43:08,188 [ERROR] Engine:466 - C:\Users\nacho\.stm32cubemx\thirdparties\pdsc\STMicroelectronics.X-CUBE-TCPP.4.2.0.pdsc: PDSC version is not supported
2025-08-09 18:43:08,193 [WARN] PackLoader:240 - Cannot read IP mode file for RealThread.X-CUBE-RT-Thread_Nano.4.1.1
2025-08-09 18:43:08,197 [WARN] PackLoader:240 - Cannot read IP mode file for STMicroelectronics.FP-ATR-SIGFOX1.3.2.0
2025-08-09 18:43:08,201 [WARN] ConditionMgr:438 - getConditionDescription Invalid condition id : Cortex-A Device cause : null
2025-08-09 18:43:08,214 [WARN] ConditionMgr:1039 - genDependencies : Invalid condition id : Cortex-A Device cause : null
2025-08-09 18:43:08,214 [WARN] ConditionMgr:1039 - genDependencies : Invalid condition id : Cortex-A Device cause : null
2025-08-09 18:43:08,214 [WARN] ConditionMgr:1039 - genDependencies : Invalid condition id : Cortex-A Device cause : null
2025-08-09 18:43:08,218 [WARN] PackLoader:240 - Cannot read IP mode file for STMicroelectronics.X-CUBE-EEPRMA1.5.1.0
2025-08-09 18:43:08,223 [WARN] PackLoader:240 - Cannot read IP mode file for wolfSSL.I-CUBE-wolfSSL.5.7.4
2025-08-09 18:43:08,228 [WARN] PackLoader:240 - Cannot read IP mode file for ITTIA_DB.I-CUBE-ITTIADB.8.9.0
2025-08-09 18:43:08,230 [ERROR] Engine:466 - C:\Users\nacho\.stm32cubemx\thirdparties\pdsc\STMicroelectronics.X-CUBE-ST67W61.1.0.0.pdsc: PDSC version is not supported
2025-08-09 18:43:08,233 [WARN] PackLoader:240 - Cannot read IP mode file for STMicroelectronics.X-CUBE-AI.10.2.0
2025-08-09 18:43:08,256 [WARN] PackLoader:240 - Cannot read IP mode file for SEGGER.I-CUBE-embOS.1.3.1
2025-08-09 18:43:08,292 [WARN] PackLoader:240 - Cannot read IP mode file for STMicroelectronics.X-CUBE-ALGOBUILD.1.4.0
2025-08-09 18:43:08,328 [WARN] PackLoader:240 - Cannot read IP mode file for STMicroelectronics.X-CUBE-MEMS1.11.3.0
2025-08-09 18:43:08,495 [WARN] PackLoader:240 - Cannot read IP mode file for STMicroelectronics.X-CUBE-AI.9.1.0
2025-08-09 18:43:08,501 [WARN] PackLoader:240 - Cannot read IP mode file for STMicroelectronics.X-CUBE-PM33A1.1.0.0
2025-08-09 18:43:08,520 [WARN] PackLoader:240 - Cannot read IP mode file for STMicroelectronics.X-CUBE-AZRTOS-F4.1.1.0
2025-08-09 18:43:08,525 [ERROR] Engine:466 - C:\Users\nacho\.stm32cubemx\thirdparties\pdsc\Avnet-IotConnect.X-CUBE-IoTC-DA16k-PMOD.1.0.0.pdsc: PDSC version is not supported
2025-08-09 18:43:08,529 [WARN] PackLoader:240 - Cannot read IP mode file for STMicroelectronics.X-CUBE-ISPU.2.1.0
2025-08-09 18:43:08,534 [WARN] PackLoader:240 - Cannot read IP mode file for STMicroelectronics.X-CUBE-FREERTOS.1.2.0
2025-08-09 18:43:08,539 [WARN] PackLoader:240 - Cannot read IP mode file for STMicroelectronics.X-CUBE-NFC12.1.0.0
2025-08-09 18:43:08,554 [WARN] PackLoader:240 - Cannot read IP mode file for STMicroelectronics.X-CUBE-AZRTOS-L5.2.0.0
2025-08-09 18:43:08,561 [WARN] PackLoader:240 - Cannot read IP mode file for STMicroelectronics.X-CUBE-NFC6.3.1.0
2025-08-09 18:43:08,569 [WARN] PackLoader:240 - Cannot read IP mode file for STMicroelectronics.X-CUBE-DPower.1.2.0
2025-08-09 18:43:08,573 [WARN] PackLoader:240 - Cannot read IP mode file for STMicroelectronics.X-CUBE-FREERTOS.1.3.1
2025-08-09 18:43:08,578 [WARN] PackLoader:240 - Cannot read IP mode file for STMicroelectronics.X-CUBE-FREERTOS.1.3.0
2025-08-09 18:43:08,582 [WARN] PackLoader:240 - Cannot read IP mode file for STMicroelectronics.X-CUBE-NFC7.1.0.1
2025-08-09 18:43:08,584 [ERROR] Engine:466 - C:\Users\nacho\.stm32cubemx\thirdparties\pdsc\STMicroelectronics.FP-SNS-STAIOTCFT.1.0.0.pdsc: PDSC version is not supported
2025-08-09 18:43:08,587 [WARN] PackLoader:240 - Cannot read IP mode file for STMicroelectronics.X-CUBE-DPower.1.3.0
2025-08-09 18:43:08,599 [WARN] ConditionMgr:438 - getConditionDescription Invalid condition id : LAN8742 Phy interface Condition cause : null
2025-08-09 18:43:08,599 [WARN] PackLoader:240 - Cannot read IP mode file for STMicroelectronics.X-CUBE-AZRTOS-L4.2.0.0
2025-08-09 18:43:08,600 [WARN] ConditionMgr:1039 - genDependencies : Invalid condition id : LAN8742 Phy interface Condition cause : null
2025-08-09 18:43:08,600 [WARN] ConditionMgr:1039 - genDependencies : Invalid condition id : LAN8742 Phy interface Condition cause : null
2025-08-09 18:43:08,601 [WARN] ConditionMgr:1039 - genDependencies : Invalid condition id : LAN8742 Phy interface Condition cause : null
2025-08-09 18:43:08,606 [WARN] PackLoader:240 - Cannot read IP mode file for STMicroelectronics.X-CUBE-SFXS2LP1.4.0.0
2025-08-09 18:43:08,620 [WARN] PackLoader:240 - Cannot read IP mode file for STMicroelectronics.X-CUBE-AZRTOS-H7.3.3.0
2025-08-09 18:43:08,625 [ERROR] Engine:466 - C:\Users\nacho\.stm32cubemx\thirdparties\pdsc\STMicroelectronics.X-CUBE-BLEMGR.4.1.0.pdsc: PDSC version is not supported
2025-08-09 18:43:08,634 [WARN] PackLoader:240 - Cannot read IP mode file for STMicroelectronics.X-CUBE-IPS.3.0.0
2025-08-09 18:43:08,653 [WARN] ConditionMgr:438 - getConditionDescription Invalid condition id : UX DEVICE CLASS RTOS Condition cause : null
2025-08-09 18:43:08,654 [WARN] ConditionMgr:438 - getConditionDescription Invalid condition id : UX DEVICE CLASS RTOS Condition cause : null
2025-08-09 18:43:08,655 [WARN] PackLoader:240 - Cannot read IP mode file for STMicroelectronics.X-CUBE-AZRTOS-WB.2.0.0
2025-08-09 18:43:08,656 [WARN] ConditionMgr:1039 - genDependencies : Invalid condition id : UX DEVICE CLASS RTOS Condition cause : null
2025-08-09 18:43:08,656 [WARN] ConditionMgr:1039 - genDependencies : Invalid condition id : UX DEVICE CLASS RTOS Condition cause : null
2025-08-09 18:43:08,656 [WARN] ConditionMgr:1039 - genDependencies : Invalid condition id : UX DEVICE CLASS RTOS Condition cause : null
2025-08-09 18:43:08,657 [WARN] ConditionMgr:1039 - genDependencies : Invalid condition id : UX DEVICE CLASS RTOS Condition cause : null
2025-08-09 18:43:08,657 [WARN] ConditionMgr:1039 - genDependencies : Invalid condition id : UX DEVICE CLASS RTOS Condition cause : null
2025-08-09 18:43:08,663 [WARN] PackLoader:240 - Cannot read IP mode file for STMicroelectronics.X-CUBE-GNSS1.7.0.0
2025-08-09 18:43:08,668 [WARN] PackLoader:240 - Cannot read IP mode file for STMicroelectronics.X-CUBE-GNSS1.7.0.1
2025-08-09 18:43:08,675 [WARN] PackLoader:240 - Cannot read IP mode file for STMicroelectronics.X-CUBE-TOUCHGFX.4.25.0
2025-08-09 18:43:08,681 [WARN] PackLoader:240 - Cannot read IP mode file for STMicroelectronics.FP-SNS-STBOX1.2.0.0
2025-08-09 18:43:08,691 [WARN] PackLoader:240 - Cannot read IP mode file for STMicroelectronics.X-CUBE-SUBG2.5.0.0
2025-08-09 18:43:08,709 [WARN] PackLoader:240 - Cannot read IP mode file for STMicroelectronics.X-CUBE-AZRTOS-H7RS.1.1.0
2025-08-09 18:43:08,716 [WARN] PackLoader:240 - Cannot read IP mode file for Cesanta.I-CUBE-Mongoose.7.13.0
2025-08-09 18:43:08,728 [WARN] PackLoader:240 - Cannot read IP mode file for STMicroelectronics.X-CUBE-AZRTOS-G4.2.0.0
2025-08-09 18:43:08,733 [WARN] PackLoader:240 - Cannot read IP mode file for STMicroelectronics.X-CUBE-NFC7.2.0.0
2025-08-09 18:43:08,738 [ERROR] Engine:466 - C:\Users\nacho\.stm32cubemx\thirdparties\pdsc\STMicroelectronics.X-CUBE-IPS.3.1.0.pdsc: PDSC version is not supported
2025-08-09 18:43:08,742 [WARN] PackLoader:240 - Cannot read IP mode file for STMicroelectronics.X-CUBE-ALS.1.0.2
2025-08-09 18:43:08,745 [WARN] PackLoader:240 - Cannot read IP mode file for STMicroelectronics.X-CUBE-TOUCHGFX.4.24.2
2025-08-09 18:43:08,749 [WARN] PackLoader:240 - Cannot read IP mode file for STMicroelectronics.X-CUBE-TOUCHGFX.4.24.1
2025-08-09 18:43:08,753 [WARN] PackLoader:240 - Cannot read IP mode file for wolfSSL.I-CUBE-wolfTPM.3.4.0
2025-08-09 18:43:08,758 [WARN] PackLoader:240 - Cannot read IP mode file for portGmbH.I-Cube-SoM-uGOAL.1.1.0
2025-08-09 18:43:08,771 [WARN] PackLoader:240 - Cannot read IP mode file for STMicroelectronics.X-CUBE-AZRTOS-H7RS.1.0.0
2025-08-09 18:43:08,781 [WARN] PackLoader:240 - Cannot read IP mode file for STMicroelectronics.X-CUBE-TOF1.3.4.2
2025-08-09 18:43:08,791 [ERROR] Engine:466 - C:\Users\nacho\.stm32cubemx\thirdparties\pdsc\STMicroelectronics.X-CUBE-TOF1.3.4.3.pdsc: PDSC version is not supported
2025-08-09 18:43:08,805 [WARN] PackLoader:240 - Cannot read IP mode file for Infineon.AIROC-Wi-Fi-Bluetooth-STM32.1.6.1
2025-08-09 18:43:08,811 [WARN] PackLoader:240 - Cannot read IP mode file for wolfSSL.I-CUBE-wolfSSH.1.4.17
2025-08-09 18:43:08,812 [INFO] ThirdParty:978 - Integrity check success = true
2025-08-09 18:43:08,812 [INFO] IntegrityCheckThread:100 - exiting critical section [integrity check]
2025-08-09 18:43:08,812 [INFO] IntegrityCheckThread:103 - End integrity checks thread
2025-08-09 18:43:09,015 [INFO] ApiDb:240 - Found 646 in-development CPN: [B-G473E-ZEST1S, B-WB1M-WPAN1, B-WL5M-SUBG1, NUCLEO-C031C6, NUCLEO-C071RB, NUCLEO-H503RB, NUCLEO-H533RE, NUCLEO-H563ZI, NUCLEO-H7S3L8, NUCLEO-U031R8, NUCLEO-U083RC, NUCLEO-U545RE-Q, NUCLEO-U5A5ZJ-Q, NUCLEO-WB05KZ, NUCLEO-WB07CC, NUCLEO-WB09KE, NUCLEO-WBA52CG, NUCLEO-WBA55CG, STEVAL-PROTEUS1, STEVAL-SMARTAG2, STEVAL-STWINBX1, STM320518-EVAL, STM32C0116-DK, STM32C011D6Y3TR, STM32C011D6Y6TR, STM32C011F4P3, STM32C011F4P6, STM32C011F4U3, STM32C011F4U6TR, STM32C011F6P3, STM32C011F6P6, STM32C011F6U3, STM32C011F6U6TR, STM32C011J4M3, STM32C011J4M6, STM32C011J6M3, STM32C011J6M6, STM32C0316-DK, STM32C031C4T3, STM32C031C4T6, STM32C031C4U3, STM32C031C4U6, STM32C031C6T3, STM32C031C6T6, STM32C031C6U3, STM32C031C6U6, STM32C031F4P3, STM32C031F4P6, STM32C031F6P3, STM32C031F6P6, STM32C031G4U3, STM32C031G4U6, STM32C031G6U3, STM32C031G6U6, STM32C031K4T3, STM32C031K4T6, STM32C031K4U3, STM32C031K4U6, STM32C031K6T3, STM32C031K6T6, STM32C031K6U3, STM32C031K6U6, STM32C071C8T6, STM32C071C8T6N, STM32C071C8U6, STM32C071C8U6N, STM32C071CBT6, STM32C071CBT6N, STM32C071CBU6, STM32C071CBU6N, STM32C071F8P6, STM32C071F8P6N, STM32C071FBP6, STM32C071FBP6N, STM32C071FBY6TR, STM32C071G8U6, STM32C071G8U6N, STM32C071GBU6, STM32C071GBU6N, STM32C071K8T6, STM32C071K8T6N, STM32C071K8U6, STM32C071K8U6N, STM32C071KBT6, STM32C071KBT6N, STM32C071KBU6, STM32C071KBU6N, STM32C071R8T6, STM32C071R8T6N, STM32C071RBI6N, STM32C071RBT6, STM32C071RBT6N, STM32G071K8TXN, STM32G071K8UXN, STM32G081GBU6N, STM32G081KBT6N, STM32G081KBUXN, STM32G0B1CCT6N, STM32G0B1KCT6, STM32G0B1NEY6TR, STM32G0B1RCT6N, STM32G0C1CCT6, STM32G0C1CCT6N, STM32G0C1CCU6N, STM32G0C1CET6N, STM32G0C1CEU6N, STM32G0C1KCT6, STM32G0C1NEY6TR, STM32G0C1RCI6N, STM32G0C1RCT6N, STM32G0C1REI6N, STM32G0C1RET6N, STM32G0C1VCI6, STM32G0C1VEI6, STM32G411C6T3, STM32G411C6T6, STM32G411C6U3, STM32G411C6U6, STM32G411C8T3, STM32G411C8T6, STM32G411C8U3, STM32G411C8U6, STM32G411CBT3, STM32G411CBT6, STM32G411CBU3, STM32G411CBU6, STM32G411K6T3, STM32G411K6T6, STM32G411K6U3, STM32G411K6U6, STM32G411K8T3, STM32G411K8T6, STM32G411K8U3, STM32G411K8U6, STM32G411KBT3, STM32G411KBT6, STM32G411KBU3, STM32G411KBU6, STM32G411M6T3, STM32G411M6T6, STM32G411M8T3, STM32G411M8T6, STM32G411MBT3, STM32G411MBT6, STM32G411R6T3, STM32G411R6T6, STM32G411R8T3, STM32G411R8T6, STM32G411RBT3, STM32G411RBT6, STM32G414CBT3, STM32G414CBT6, STM32G414CBU3, STM32G414CBU6, STM32G414CCT3, STM32G414CCT6, STM32G414CCU3, STM32G414CCU6, STM32G414MBT3, STM32G414MBT6, STM32G414MCT3, STM32G414MCT6, STM32G414RBT3, STM32G414RBT6, STM32G414RCT3, STM32G414RCT6, STM32G414VBT3, STM32G414VBT6, STM32G414VCT3, STM32G414VCT6, STM32G431CBT3Z, STM32G431RBT3Z, STM32G471CCT6, STM32G471CCU6, STM32G471CET3, STM32G471CET6, STM32G471CEU3, STM32G471CEU6, STM32G471MCT6, STM32G471MET3, STM32G471MET6, STM32G471MEY6TR, STM32G471QCT6, STM32G471QET3, STM32G471RCT6, STM32G471RET3, STM32G471RET6, STM32G471VCH6, STM32G471VCI6, STM32G471VCT6, STM32G471VEH3, STM32G471VEH6, STM32G471VEI3, STM32G471VEI6, STM32G471VET3, STM32G471VET6, STM32G473QET3Z, STM32G473RET3Z, STM32G474CCT6, STM32G491RET3Z, STM32H503CBT6, STM32H503CBU6, STM32H503EBY6TR, STM32H503KBU6, STM32H503RBT6, STM32H523CCT6, STM32H523CCU6, STM32H523CET6, STM32H523CEU6, STM32H523HEY6TR, STM32H523RCT6, STM32H523RET6, STM32H523VCI6, STM32H523VCT6, STM32H523VEI6, STM32H523VET6, STM32H523ZCJ6, STM32H523ZCT6, STM32H523ZEJ6, STM32H523ZET6, STM32H533CET6, STM32H533CEU6, STM32H533HEY6TR, STM32H533RET6, STM32H533VEI6, STM32H533VET6, STM32H533ZEJ6, STM32H533ZET6, STM32H562AGI6, STM32H562AII6, STM32H562IGK6, STM32H562IGT6, STM32H562IIK6, STM32H562IIT6, STM32H562RGT6, STM32H562RGV6, STM32H562RIT6, STM32H562RIV6, STM32H562VGT6, STM32H562VIT6, STM32H562ZGT6, STM32H562ZIT6, STM32H563AGI6, STM32H563AII3Q, STM32H563AII6, STM32H563IGK6, STM32H563IGT6, STM32H563IIK3Q, STM32H563IIK6, STM32H563IIT3Q, STM32H563IIT6, STM32H563MIY3QTR, STM32H563RGT6, STM32H563RGV6, STM32H563RIT6, STM32H563RIV6, STM32H563VGT6, STM32H563VIT3Q, STM32H563VIT6, STM32H563ZGT6, STM32H563ZIT3Q, STM32H563ZIT6, STM32H573AII3Q, STM32H573AII6, STM32H573I-DK, STM32H573IIK3Q, STM32H573IIK6, STM32H573IIT3Q, STM32H573IIT6, STM32H573MIY3QTR, STM32H573RIT6, STM32H573RIV6, STM32H573VIT3Q, STM32H573VIT6, STM32H573ZIT3Q, STM32H573ZIT6, STM32H7R3A8I6, STM32H7R3I8K6, STM32H7R3I8T6, STM32H7R3L8H6, STM32H7R3L8H6H, STM32H7R3R8V6, STM32H7R3V8H6, STM32H7R3V8T6, STM32H7R3V8Y6TR, STM32H7R3Z8J6, STM32H7R3Z8T6, STM32H7R7A8I6, STM32H7R7I8K6, STM32H7R7I8T6, STM32H7R7L8H6, STM32H7R7L8H6H, STM32H7R7Z8J6, STM32H7S3A8I6, STM32H7S3I8K6, STM32H7S3I8T6, STM32H7S3L8H6, STM32H7S3L8H6H, STM32H7S3R8V6, STM32H7S3V8H6, STM32H7S3V8T6, STM32H7S3V8Y6TR, STM32H7S3Z8J6, STM32H7S3Z8T6, STM32H7S78-DK, STM32H7S7A8I6, STM32H7S7I8K6, STM32H7S7I8T6, STM32H7S7L8H6, STM32H7S7L8H6H, STM32H7S7Z8J6, STM32L4R5QGI6STR, STM32MP131AAE3, STM32MP131AAF3, STM32MP131AAG3, STM32MP131CAE3, STM32MP131CAF3, STM32MP131CAG3, STM32MP131DAE7, STM32MP131DAF7, STM32MP131DAG7, STM32MP131FAE7, STM32MP131FAF7, STM32MP131FAG7, STM32MP133AAE3, STM32MP133AAF3, STM32MP133AAG3, STM32MP133CAE3, STM32MP133CAF3, STM32MP133CAG3, STM32MP133DAE7, STM32MP133DAF7, STM32MP133DAG7, STM32MP133FAE7, STM32MP133FAF7, STM32MP133FAG7, STM32MP135AAE3, STM32MP135AAF3, STM32MP135AAG3, STM32MP135CAE3, STM32MP135CAF3, STM32MP135CAG3, STM32MP135DAE7, STM32MP135DAF7, STM32MP135DAG7, STM32MP135F-DK, STM32MP135FAE7, STM32MP135FAF7, STM32MP135FAF7T, STM32MP135FAF7U, STM32MP135FAG7, STM32MP251AAI3, STM32MP251AAK3, STM32MP251AAL3, STM32MP251CAI3, STM32MP251CAK3, STM32MP251CAL3, STM32MP251DAI3, STM32MP251DAK3, STM32MP251DAL3, STM32MP251FAI3, STM32MP251FAK3, STM32MP251FAL3, STM32MP253AAI3, STM32MP253AAK3, STM32MP253AAL3, STM32MP253CAI3, STM32MP253CAK3, STM32MP253CAL3, STM32MP253DAI3, STM32MP253DAK3, STM32MP253DAL3, STM32MP253FAI3, STM32MP253FAK3, STM32MP253FAL3, STM32MP255AAI3, STM32MP255AAK3, STM32MP255AAL3, STM32MP255CAI3, STM32MP255CAK3, STM32MP255CAL3, STM32MP255DAI3, STM32MP255DAK3, STM32MP255DAL3, STM32MP255FAI3, STM32MP255FAK3, STM32MP255FAL3, STM32MP257AAI3, STM32MP257AAK3, STM32MP257AAL3, STM32MP257CAI3, STM32MP257CAK3, STM32MP257CAL3, STM32MP257DAI3, STM32MP257DAK3, STM32MP257DAL3, STM32MP257F-DK, STM32MP257F-EV1, STM32MP257FAI3, STM32MP257FAK3, STM32MP257FAL3, STM32U031C6T6, STM32U031C6U6, STM32U031C8T6, STM32U031C8U6, STM32U031F4P6, STM32U031F6P6, STM32U031F8P6, STM32U031G6Y6TR, STM32U031G8Y6TR, STM32U031K4U6, STM32U031K6U6, STM32U031K8U6, STM32U031R6I6, STM32U031R6T6, STM32U031R8I6, STM32U031R8T6, STM32U073C8T6, STM32U073C8U6, STM32U073CBT6, STM32U073CBU6, STM32U073CCT6, STM32U073CCU6, STM32U073H8Y6TR, STM32U073HBY6TR, STM32U073HCY6TR, STM32U073K8U6, STM32U073KBU6, STM32U073KCU6, STM32U073M8I6, STM32U073M8T6, STM32U073MBI6, STM32U073MBT6, STM32U073MCI6, STM32U073MCT6, STM32U073R8I6, STM32U073R8T6, STM32U073RBI6, STM32U073RBT6, STM32U073RCI6, STM32U073RCT6, STM32U083C-DK, STM32U083CCT6, STM32U083CCU6, STM32U083HCY6TR, STM32U083KCU6, STM32U083MCI6, STM32U083MCT6, STM32U083RCI6, STM32U083RCT6, STM32U535CBT6, STM32U535CBT6Q, STM32U535CBU6, STM32U535CBU6Q, STM32U535CCT6, STM32U535CCT6Q, STM32U535CCU6, STM32U535CCU6Q, STM32U535CET6, STM32U535CET6Q, STM32U535CEU6, STM32U535CEU6Q, STM32U535JEY6QTR, STM32U535NCY6QTR, STM32U535NEY6QTR, STM32U535RBI6, STM32U535RBI6Q, STM32U535RBT6, STM32U535RBT6Q, STM32U535RCI6, STM32U535RCI6Q, STM32U535RCT6, STM32U535RCT6Q, STM32U535REI6, STM32U535REI6Q, STM32U535RET6, STM32U535RET6Q, STM32U535VCI6, STM32U535VCI6Q, STM32U535VCT6, STM32U535VCT6Q, STM32U535VEI6, STM32U535VEI6Q, STM32U535VET6, STM32U535VET6Q, STM32U545CET6, STM32U545CET6Q, STM32U545CEU6, STM32U545CEU6Q, STM32U545JEY6QTR, STM32U545NEY6QTR, STM32U545REI6, STM32U545REI6Q, STM32U545RET6, STM32U545RET6Q, STM32U545VEI6, STM32U545VEI6Q, STM32U545VET6, STM32U545VET6Q, STM32U595AIH6, STM32U595AIH6Q, STM32U595AJH6, STM32U595AJH6Q, STM32U595QII6, STM32U595QII6Q, STM32U595QJI6, STM32U595QJI6Q, STM32U595RIT6, STM32U595RIT6Q, STM32U595RJT6, STM32U595RJT6Q, STM32U595VIT6, STM32U595VIT6Q, STM32U595VJT6, STM32U595VJT6Q, STM32U595ZIT6, STM32U595ZIT6Q, STM32U595ZIY6QTR, STM32U595ZJT6, STM32U595ZJT6Q, STM32U595ZJY6QTR, STM32U599BJY6QTR, STM32U599NIH6Q, STM32U599NJH6Q, STM32U599VIT6Q, STM32U599VJT6, STM32U599VJT6Q, STM32U599ZIT6Q, STM32U599ZIY6QTR, STM32U599ZJT6Q, STM32U599ZJY6QTR, STM32U5A5AJH6, STM32U5A5AJH6Q, STM32U5A5QII3Q , STM32U5A5QJI6, STM32U5A5QJI6Q, STM32U5A5RJT6, STM32U5A5RJT6Q, STM32U5A5VJT6, STM32U5A5VJT6Q, STM32U5A5ZJT6, STM32U5A5ZJT6Q, STM32U5A5ZJY6QTR, STM32U5A9BJY6QTR, STM32U5A9J-DK, STM32U5A9NJH6Q, STM32U5A9VJT6Q, STM32U5A9ZJT6Q, STM32U5A9ZJY6QTR, STM32U5F7VIT6, STM32U5F7VIT6Q, STM32U5F7VJT6, STM32U5F7VJT6Q, STM32U5F9BJY6QTR, STM32U5F9NJH6Q, STM32U5F9VIT6Q, STM32U5F9VJT6Q, STM32U5F9ZIJ6QTR, STM32U5F9ZIT6Q, STM32U5F9ZJJ6QTR, STM32U5F9ZJT6Q, STM32U5G7VJT6, STM32U5G7VJT6Q, STM32U5G9BJY6QTR, STM32U5G9J-DK1, STM32U5G9J-DK2, STM32U5G9NJH6Q, STM32U5G9VJT6Q, STM32U5G9ZJJ6QTR, STM32U5G9ZJT6Q, STM32WB05KZV6TR, STM32WB05KZV7TR, STM32WB05TZF6TR, STM32WB05TZF7TR, STM32WB06CCF6TR, STM32WB06CCF7TR, STM32WB06CCV6TR, STM32WB06CCV7TR, STM32WB06KCV6TR, STM32WB06KCV7TR, STM32WB07CCF6TR, STM32WB07CCF7TR, STM32WB07CCV6TR, STM32WB07CCV7TR, STM32WB07KCV6TR, STM32WB07KCV7TR, STM32WB09KEV6TR, STM32WB09KEV7TR, STM32WB09TEF6TR, STM32WB09TEF7TR, STM32WB1MMCH6, STM32WBA50KGU6, STM32WBA50KGU6TR, STM32WBA52CEU6, STM32WBA52CEU6TR, STM32WBA52CEU7, STM32WBA52CEU7TR, STM32WBA52CGU6, STM32WBA52CGU6TR, STM32WBA52CGU6U, STM32WBA52CGU7, STM32WBA52CGU7TR, STM32WBA52KEU6, STM32WBA52KEU6TR, STM32WBA52KGU6, STM32WBA52KGU6TR, STM32WBA54CEU6, STM32WBA54CEU6TR, STM32WBA54CEU7, STM32WBA54CEU7TR, STM32WBA54CGU6, STM32WBA54CGU6TR, STM32WBA54CGU7, STM32WBA54CGU7TR, STM32WBA54KEU6, STM32WBA54KEU6TR, STM32WBA54KEU7, STM32WBA54KEU7TR, STM32WBA54KGU6, STM32WBA54KGU6TR, STM32WBA54KGU7, STM32WBA54KGU7TR, STM32WBA55CEU6, STM32WBA55CEU6TR, STM32WBA55CEU7, STM32WBA55CEU7TR, STM32WBA55CGU6, STM32WBA55CGU6TR, STM32WBA55CGU6U, STM32WBA55CGU7, STM32WBA55CGU7TR, STM32WBA55G-DK1, STM32WBA55HEF6, STM32WBA55HEF7, STM32WBA55HGF6, STM32WBA55HGF7, STM32WBA55UEI6, STM32WBA55UEI6TR, STM32WBA55UEI7, STM32WBA55UEI7TR, STM32WBA55UGI6, STM32WBA55UGI6TR, STM32WBA55UGI7, STM32WBA55UGI7TR, STM32WL5MOCH6, STM32WL5MOCH6TR]
2025-08-09 18:43:09,022 [INFO] DbMcus:218 - Found 4733 MCUs, 4733 are supported
2025-08-09 18:43:09,023 [INFO] ApiDb:423 - Load user favorites file C:\Users\nacho/.stm32cubeide/favorites.mcus.txt: 0 item(s)
2025-08-09 18:43:09,023 [INFO] ApiDb:427 - User favorites MCUs=[]
2025-08-09 18:43:09,023 [INFO] DbMcus:224 - Set 0 / 0 favorites MCUs
2025-08-09 18:43:09,362 [INFO] BoardInfo:889 - No configuration file found for board B-WBA5M-WPAN
2025-08-09 18:43:09,362 [INFO] DbBoards:161 - Board is not supported: B-WBA5M-WPAN
2025-08-09 18:43:09,373 [INFO] BoardInfo:889 - No configuration file found for board NUCLEO-C051C8
2025-08-09 18:43:09,375 [INFO] DbBoards:161 - Board is not supported: NUCLEO-C051C8
2025-08-09 18:43:09,378 [INFO] BoardInfo:889 - No configuration file found for board NUCLEO-C092RC
2025-08-09 18:43:09,379 [INFO] DbBoards:161 - Board is not supported: NUCLEO-C092RC
2025-08-09 18:43:09,472 [INFO] BoardInfo:889 - No configuration file found for board NUCLEO-N657X0-Q
2025-08-09 18:43:09,473 [INFO] DbBoards:161 - Board is not supported: NUCLEO-N657X0-Q
2025-08-09 18:43:09,476 [INFO] BoardInfo:889 - No configuration file found for board NUCLEO-U385RG-Q
2025-08-09 18:43:09,477 [INFO] DbBoards:161 - Board is not supported: NUCLEO-U385RG-Q
2025-08-09 18:43:09,491 [INFO] BoardInfo:889 - No configuration file found for board NUCLEO-WBA65RI
2025-08-09 18:43:09,492 [INFO] DbBoards:161 - Board is not supported: NUCLEO-WBA65RI
2025-08-09 18:43:09,493 [INFO] BoardInfo:889 - No configuration file found for board NUCLEO-WL33CC1
2025-08-09 18:43:09,493 [INFO] DbBoards:161 - Board is not supported: NUCLEO-WL33CC1
2025-08-09 18:43:09,494 [INFO] BoardInfo:889 - No configuration file found for board NUCLEO-WL33CC2
2025-08-09 18:43:09,495 [INFO] DbBoards:161 - Board is not supported: NUCLEO-WL33CC2
2025-08-09 18:43:09,502 [INFO] BoardInfo:889 - No configuration file found for board P-NUCLEO-WB55
2025-08-09 18:43:09,503 [INFO] DbBoards:161 - Kit is not supported: P-NUCLEO-WB55
2025-08-09 18:43:09,508 [INFO] BoardInfo:889 - No configuration file found for board STEVAL-BFA001V1B
2025-08-09 18:43:09,508 [INFO] DbBoards:161 - Kit is not supported: STEVAL-BFA001V1B
2025-08-09 18:43:09,510 [INFO] BoardInfo:889 - No configuration file found for board STEVAL-BFA001V2B
2025-08-09 18:43:09,510 [INFO] DbBoards:161 - Kit is not supported: STEVAL-BFA001V2B
2025-08-09 18:43:09,649 [INFO] BoardInfo:889 - No configuration file found for board STM32N6570-DK
2025-08-09 18:43:09,650 [INFO] DbBoards:161 - Board is not supported: STM32N6570-DK
2025-08-09 18:43:09,661 [INFO] BoardInfo:889 - No configuration file found for board STM32WBA65I-DK1
2025-08-09 18:43:09,662 [INFO] DbBoards:161 - Board is not supported: STM32WBA65I-DK1
2025-08-09 18:43:09,662 [INFO] DbBoards:168 - Found 211 boards, 198 are supported
2025-08-09 18:43:09,662 [INFO] DbBoards:169 - Found 211 boards, 25 of them is supported for  Bsp
2025-08-09 18:43:09,665 [INFO] ApiDb:423 - Load user favorites file C:\Users\nacho/.stm32cubeide/favorites.boards.txt: 1 item(s)
2025-08-09 18:43:09,665 [INFO] ApiDb:427 - User favorites Boards=[NUCLEO-WL55JC1]
2025-08-09 18:43:09,665 [INFO] DbBoards:198 - Set 1 / 1 favorites Boards
2025-08-09 18:43:09,665 [INFO] McuFinderGlobals:76 - Set McuFinderConnectedMode to true
2025-08-09 18:43:09,671 [INFO] MultiScanPanel:200 - Auto-refresh data requested => check proxy status ongoing
2025-08-09 18:43:09,674 [INFO] FinderPluginLoader:95 - Searching for filters in installed packs
2025-08-09 18:43:10,998 [INFO] LoadUrlFilesThread:185 - End of LoadServerUrlFiles without Thread
2025-08-09 18:43:11,067 [INFO] DetailPanel:341 - Set advertising image to C:/Users/nacho/STM32Cube/Repository/\en.2400x1350px.jpeg
2025-08-09 18:44:09,198 [INFO] MainUpdater:2873 - connection check result : 10
2025-08-09 18:44:09,198 [INFO] MainUpdater:2873 - connection check result : 10
2025-08-09 18:44:09,234 [INFO] RulesReader:64 - Compatibility file has been processed (297 Rules)
2025-08-09 18:44:09,244 [INFO] RulesReader:64 - Compatibility file has been processed (297 Rules)
2025-08-09 18:44:09,250 [INFO] MicroXplorer:468 - Change Database Path : 
2025-08-09 18:44:09,250 [INFO] MicroXplorer:498 - Change Database Version : DB.6.0.121
2025-08-09 18:44:09,255 [WARN] ThirdParty:871 - waiting for thirdparty lock release [close project]
2025-08-09 18:44:09,255 [INFO] ThirdParty:873 - entering critical section [close project]
2025-08-09 18:44:09,256 [INFO] ThirdParty:883 - exiting critical section [close project]
2025-08-09 18:44:09,258 [INFO] PinOutPanel:1561 - setPackage(No Configuration,No Configuration)
2025-08-09 18:44:09,261 [INFO] UtilMem:75 - Begin LoadConfig() Used Memory: 575254536 Bytes (940572672)
2025-08-09 18:44:09,263 [INFO] MicroXplorer:468 - Change Database Path : 
2025-08-09 18:44:09,263 [INFO] MicroXplorer:498 - Change Database Version : DB.6.0.121
2025-08-09 18:44:09,263 [INFO] OpenFileManager:332 - Change cursor
2025-08-09 18:44:09,284 [INFO] Mcu:2032 - Initializing MCU STM32WL55JCIx STM32WL55JCIx STM32WL55JCI6
2025-08-09 18:44:10,410 [INFO] Context:742 - Trying to add GPIOservice into a context  which must be forbidden
2025-08-09 18:44:10,410 [INFO] Context:742 - Trying to add GPIOservice into a context  which must be forbidden
2025-08-09 18:44:10,411 [INFO] Context:742 - Trying to add GPIOservice into a context  which must be forbidden
2025-08-09 18:44:10,859 [INFO] Context:742 - Trying to add GPIOservice into a context  which must be forbidden
2025-08-09 18:44:10,860 [INFO] Context:742 - Trying to add GPIOservice into a context  which must be forbidden
2025-08-09 18:44:11,079 [INFO] RtosManager:555 - Registered RTOS mode: class=CMSIS, group=RTOS, mode=CMSIS_V1, owner=FREERTOS
2025-08-09 18:44:11,080 [INFO] RtosManager:555 - Registered RTOS mode: class=CMSIS, group=RTOS2, mode=CMSIS_V2, owner=FREERTOS
2025-08-09 18:44:11,080 [INFO] RtosManager:555 - Registered RTOS mode: class=RTOS, group=Core, mode=CMSIS_V1, owner=FREERTOS
2025-08-09 18:44:11,080 [INFO] RtosManager:555 - Registered RTOS mode: class=RTOS, group=Core, mode=CMSIS_V2, owner=FREERTOS
2025-08-09 18:44:11,080 [WARN] ModelIntegratedComponent:184 - Missing modes for component STMicroelectronics:FreeRTOS:0.0.1:STMicroelectronics:RTOS:FreeRTOS:Core:::10.2.0:
2025-08-09 18:44:11,085 [WARN] ModelIntegratedComponent:63 - No mode defined for component null
2025-08-09 18:44:11,086 [WARN] ModelIntegratedComponent:63 - No mode defined for component null
2025-08-09 18:44:11,086 [WARN] ModelIntegratedComponent:63 - No mode defined for component null
2025-08-09 18:44:11,086 [WARN] ModelIntegratedComponent:63 - No mode defined for component null
2025-08-09 18:44:11,086 [WARN] ModelIntegratedComponent:63 - No mode defined for component null
2025-08-09 18:44:11,086 [WARN] ModelIntegratedComponent:63 - No mode defined for component null
2025-08-09 18:44:11,086 [WARN] ModelIntegratedComponent:63 - No mode defined for component null
2025-08-09 18:44:11,086 [WARN] ModelIntegratedComponent:63 - No mode defined for component null
2025-08-09 18:44:11,086 [WARN] ModelIntegratedComponent:63 - No mode defined for component null
2025-08-09 18:44:11,086 [WARN] ModelIntegratedComponent:63 - No mode defined for component null
2025-08-09 18:44:11,086 [WARN] ModelIntegratedComponent:63 - No mode defined for component null
2025-08-09 18:44:11,086 [WARN] ModelIntegratedComponent:63 - No mode defined for component null
2025-08-09 18:44:11,086 [WARN] ModelIntegratedComponent:63 - No mode defined for component null
2025-08-09 18:44:11,086 [WARN] ModelIntegratedComponent:63 - No mode defined for component null
2025-08-09 18:44:11,086 [WARN] ModelIntegratedComponent:63 - No mode defined for component null
2025-08-09 18:44:11,086 [WARN] ModelIntegratedComponent:63 - No mode defined for component null
2025-08-09 18:44:11,086 [WARN] ModelIntegratedComponent:63 - No mode defined for component null
2025-08-09 18:44:11,086 [WARN] ModelIntegratedComponent:63 - No mode defined for component null
2025-08-09 18:44:11,086 [WARN] ModelIntegratedComponent:63 - No mode defined for component null
2025-08-09 18:44:11,086 [WARN] ModelIntegratedComponent:63 - No mode defined for component null
2025-08-09 18:44:11,086 [WARN] ModelIntegratedComponent:63 - No mode defined for component null
2025-08-09 18:44:11,086 [WARN] ModelIntegratedComponent:63 - No mode defined for component null
2025-08-09 18:44:11,086 [WARN] ModelIntegratedComponent:63 - No mode defined for component null
2025-08-09 18:44:11,086 [WARN] ModelIntegratedComponent:63 - No mode defined for component null
2025-08-09 18:44:11,086 [WARN] ModelIntegratedComponent:63 - No mode defined for component null
2025-08-09 18:44:11,086 [WARN] ModelIntegratedComponent:63 - No mode defined for component null
2025-08-09 18:44:11,087 [WARN] ModelIntegratedComponent:63 - No mode defined for component null
2025-08-09 18:44:11,087 [WARN] ModelIntegratedComponent:63 - No mode defined for component null
2025-08-09 18:44:11,087 [WARN] ModelIntegratedComponent:63 - No mode defined for component null
2025-08-09 18:44:11,087 [WARN] ModelIntegratedComponent:63 - No mode defined for component null
2025-08-09 18:44:11,087 [WARN] ModelIntegratedComponent:63 - No mode defined for component null
2025-08-09 18:44:11,087 [WARN] ModelIntegratedComponent:63 - No mode defined for component null
2025-08-09 18:44:11,087 [WARN] ModelIntegratedComponent:63 - No mode defined for component null
2025-08-09 18:44:11,087 [WARN] ModelIntegratedComponent:63 - No mode defined for component null
2025-08-09 18:44:11,087 [WARN] ModelIntegratedComponent:63 - No mode defined for component null
2025-08-09 18:44:11,087 [WARN] ModelPack:524 - Component already loaded: STMicroelectronics:HAL Drivers:0.0.0:STMicroelectronics:Device:STMicro_Driver:XSPI:HAL::0.0.1:HAL_XSPI
2025-08-09 18:44:11,362 [INFO] ThirdPartyModel:298 - Start build external matchings
2025-08-09 18:44:12,710 [INFO] ThirdPartyModel:316 - End build external matchings
2025-08-09 18:44:12,735 [INFO] ImportTextPane:205 - (OptionalMessage_ERROR) IP (ADC) : Parameter (NbrOfConversion) has invalid value (1)
2025-08-09 18:44:12,921 [INFO] UtilMem:75 - End LoadConfig() Used Memory: 870092488 Bytes (1073741824)
2025-08-09 18:44:13,026 [WARN] ThirdParty:833 - waiting for thirdparty lock release [change project]
2025-08-09 18:44:13,027 [INFO] ThirdParty:835 - entering critical section [change project]
2025-08-09 18:44:13,027 [INFO] ThirdParty:1030 - CMSIS Pack Vendor :STMicroelectronics X-CUBE-PM33A1 1.0.0
2025-08-09 18:44:13,027 [INFO] ThirdParty:1030 - CMSIS Pack Vendor :STMicroelectronics USBPD 4.1
2025-08-09 18:44:13,027 [INFO] ThirdParty:1030 - CMSIS Pack Vendor :STMicroelectronics USB_HOST 2.0.0
2025-08-09 18:44:13,027 [INFO] ThirdParty:1030 - CMSIS Pack Vendor :STMicroelectronics FP-SNS-MOTENVWB1 1.4.0
2025-08-09 18:44:13,027 [INFO] ThirdParty:1030 - CMSIS Pack Vendor :STMicroelectronics X-CUBE-AZRTOS-F4 1.1.0
2025-08-09 18:44:13,027 [INFO] ThirdParty:1030 - CMSIS Pack Vendor :STMicroelectronics LIBJPEG 8.0.0
2025-08-09 18:44:13,027 [INFO] ThirdParty:1030 - CMSIS Pack Vendor :STMicroelectronics FP-ATR-ASTRA1 2.0.2
2025-08-09 18:44:13,027 [INFO] ThirdParty:1030 - CMSIS Pack Vendor :STMicroelectronics FP-ATR-ASTRA1 2.0.1
2025-08-09 18:44:13,027 [INFO] ThirdParty:1030 - CMSIS Pack Vendor :STMicroelectronics X-CUBE-SMBUS 2.1.0
2025-08-09 18:44:13,027 [INFO] ThirdParty:1030 - CMSIS Pack Vendor :STMicroelectronics X-CUBE-WB05N 1.1.0
2025-08-09 18:44:13,027 [INFO] ThirdParty:1030 - CMSIS Pack Vendor :STMicroelectronics X-CUBE-ISPU 2.1.0
2025-08-09 18:44:13,027 [INFO] ThirdParty:1030 - CMSIS Pack Vendor :STMicroelectronics X-CUBE-FREERTOS 1.2.0
2025-08-09 18:44:13,027 [INFO] ThirdParty:1030 - CMSIS Pack Vendor :STMicroelectronics X-CUBE-NFC12 1.0.0
2025-08-09 18:44:13,027 [INFO] ThirdParty:1030 - CMSIS Pack Vendor :STMicroelectronics X-CUBE-AZRTOS-F7 1.1.0
2025-08-09 18:44:13,027 [INFO] ThirdParty:1030 - CMSIS Pack Vendor :STMicroelectronics X-CUBE-AZRTOS-L5 2.0.0
2025-08-09 18:44:13,027 [INFO] ThirdParty:1030 - CMSIS Pack Vendor :STMicroelectronics USB_DEVICE 2.0.0
2025-08-09 18:44:13,027 [INFO] ThirdParty:1030 - CMSIS Pack Vendor :STMicroelectronics X-CUBE-NFC6 3.1.0
2025-08-09 18:44:13,027 [INFO] ThirdParty:1030 - CMSIS Pack Vendor :STMicroelectronics X-CUBE-MEMS1 11.0.0
2025-08-09 18:44:13,028 [INFO] ThirdParty:1030 - CMSIS Pack Vendor :STMicroelectronics FreeRTOS 0.0.1
2025-08-09 18:44:13,028 [INFO] ThirdParty:1030 - CMSIS Pack Vendor :STMicroelectronics X-CUBE-DPower 1.2.0
2025-08-09 18:44:13,028 [INFO] ThirdParty:1030 - CMSIS Pack Vendor :STMicroelectronics FP-SNS-FLIGHT1 5.0.2
2025-08-09 18:44:13,028 [INFO] ThirdParty:1030 - CMSIS Pack Vendor :STMicroelectronics PDM2PCM 3.3.0
2025-08-09 18:44:13,028 [INFO] ThirdParty:1030 - CMSIS Pack Vendor :STMicroelectronics X-CUBE-AZRTOS-H7 3.4.0
2025-08-09 18:44:13,028 [INFO] ThirdParty:1030 - CMSIS Pack Vendor :STMicroelectronics X-CUBE-DISPLAY 3.0.0
2025-08-09 18:44:13,028 [INFO] ThirdParty:1030 - CMSIS Pack Vendor :STMicroelectronics X-CUBE-BLE1 7.0.0
2025-08-09 18:44:13,028 [INFO] ThirdParty:1030 - CMSIS Pack Vendor :STMicroelectronics X-CUBE-NFC10 1.0.0
2025-08-09 18:44:13,028 [INFO] ThirdParty:1030 - CMSIS Pack Vendor :STMicroelectronics X-CUBE-BLEMGR 4.0.0
2025-08-09 18:44:13,028 [INFO] ThirdParty:1030 - CMSIS Pack Vendor :STMicroelectronics X-CUBE-FREERTOS 1.3.1
2025-08-09 18:44:13,028 [INFO] ThirdParty:1030 - CMSIS Pack Vendor :STMicroelectronics HAL Drivers 0.0.0
2025-08-09 18:44:13,028 [INFO] ThirdParty:1030 - CMSIS Pack Vendor :emotas I-CUBE-CANOPEN 1.3.0
2025-08-09 18:44:13,028 [INFO] ThirdParty:1030 - CMSIS Pack Vendor :STMicroelectronics X-CUBE-FREERTOS 1.3.0
2025-08-09 18:44:13,028 [INFO] ThirdParty:1030 - CMSIS Pack Vendor :STMicroelectronics X-CUBE-NFC7 1.0.1
2025-08-09 18:44:13,028 [INFO] ThirdParty:1030 - CMSIS Pack Vendor :STMicroelectronics MBEDTLS 2.14.1
2025-08-09 18:44:13,028 [INFO] ThirdParty:1030 - CMSIS Pack Vendor :STMicroelectronics X-CUBE-BLEMGR 3.1.0
2025-08-09 18:44:13,028 [INFO] ThirdParty:1030 - CMSIS Pack Vendor :STMicroelectronics X-CUBE-AI 10.0.0
2025-08-09 18:44:13,028 [INFO] ThirdParty:1030 - CMSIS Pack Vendor :STMicroelectronics FP-SNS-SMARTAG2 1.2.0
2025-08-09 18:44:13,028 [INFO] ThirdParty:1030 - CMSIS Pack Vendor :STMicroelectronics X-CUBE-MEMS1 11.1.0
2025-08-09 18:44:13,028 [INFO] ThirdParty:1030 - CMSIS Pack Vendor :STMicroelectronics X-CUBE-AZRTOS-WL 2.0.0
2025-08-09 18:44:13,028 [INFO] ThirdParty:1030 - CMSIS Pack Vendor :STMicroelectronics X-CUBE-DPower 1.3.0
2025-08-09 18:44:13,028 [INFO] ThirdParty:1030 - CMSIS Pack Vendor :STMicroelectronics FP-SNS-MOTENV1 5.0.0
2025-08-09 18:44:13,028 [INFO] ThirdParty:1030 - CMSIS Pack Vendor :STMicroelectronics USB_DEVICE 1.0.0
2025-08-09 18:44:13,028 [INFO] ThirdParty:1030 - CMSIS Pack Vendor :wolfSSL I-CUBE-wolfMQTT 1.19.0
2025-08-09 18:44:13,028 [INFO] ThirdParty:1030 - CMSIS Pack Vendor :STMicroelectronics X-CUBE-AZRTOS-L4 2.0.0
2025-08-09 18:44:13,028 [INFO] ThirdParty:1030 - CMSIS Pack Vendor :STMicroelectronics ThreadX 0.0.2
2025-08-09 18:44:13,028 [INFO] ThirdParty:1030 - CMSIS Pack Vendor :WES I-CUBE-Cesium 1.3.0
2025-08-09 18:44:13,028 [INFO] ThirdParty:1030 - CMSIS Pack Vendor :STMicroelectronics lwIP 2.1.2
2025-08-09 18:44:13,028 [INFO] ThirdParty:1030 - CMSIS Pack Vendor :STMicroelectronics X-CUBE-SFXS2LP1 4.0.0
2025-08-09 18:44:13,028 [INFO] ThirdParty:1030 - CMSIS Pack Vendor :STMicroelectronics X-CUBE-BLE2 3.3.0
2025-08-09 18:44:13,028 [INFO] ThirdParty:1030 - CMSIS Pack Vendor :STMicroelectronics PDM2PCM 3.2.0
2025-08-09 18:44:13,028 [INFO] ThirdParty:1030 - CMSIS Pack Vendor :STMicroelectronics X-CUBE-AZRTOS-H7 3.3.0
2025-08-09 18:44:13,028 [INFO] ThirdParty:1030 - CMSIS Pack Vendor :STMicroelectronics X-CUBE-NFC9 1.0.0
2025-08-09 18:44:13,028 [INFO] ThirdParty:1030 - CMSIS Pack Vendor :STMicroelectronics X-CUBE-BLE1 7.1.0
2025-08-09 18:44:13,028 [INFO] ThirdParty:1030 - CMSIS Pack Vendor :STMicroelectronics USB_DEVICE 3.0.0
2025-08-09 18:44:13,028 [INFO] ThirdParty:1030 - CMSIS Pack Vendor :STMicroelectronics X-CUBE-TCPP 4.1.0
2025-08-09 18:44:13,028 [INFO] ThirdParty:1030 - CMSIS Pack Vendor :STMicroelectronics X-CUBE-EEPRMA1 5.2.0
2025-08-09 18:44:13,028 [INFO] ThirdParty:1030 - CMSIS Pack Vendor :STMicroelectronics X-CUBE-IPS 3.0.0
2025-08-09 18:44:13,028 [INFO] ThirdParty:1030 - CMSIS Pack Vendor :STMicroelectronics X-CUBE-AZRTOS-WB 2.0.0
2025-08-09 18:44:13,029 [INFO] ThirdParty:1030 - CMSIS Pack Vendor :STMicroelectronics X-CUBE-GNSS1 7.0.0
2025-08-09 18:44:13,029 [INFO] ThirdParty:1030 - CMSIS Pack Vendor :STMicroelectronics X-CUBE-GNSS1 7.0.1
2025-08-09 18:44:13,029 [INFO] ThirdParty:1030 - CMSIS Pack Vendor :STMicroelectronics X-CUBE-TOUCHGFX 4.25.0
2025-08-09 18:44:13,029 [INFO] ThirdParty:1030 - CMSIS Pack Vendor :STMicroelectronics X-CUBE-AI 10.1.0
2025-08-09 18:44:13,029 [INFO] ThirdParty:1030 - CMSIS Pack Vendor :STMicroelectronics FP-SNS-STBOX1 2.0.0
2025-08-09 18:44:13,029 [INFO] ThirdParty:1030 - CMSIS Pack Vendor :STMicroelectronics X-CUBE-MEMS1 11.2.0
2025-08-09 18:44:13,029 [INFO] ThirdParty:1030 - CMSIS Pack Vendor :STMicroelectronics X-CUBE-AZRTOS-G0 1.1.0
2025-08-09 18:44:13,029 [INFO] ThirdParty:1030 - CMSIS Pack Vendor :STMicroelectronics X-CUBE-SAFEA1 1.2.2
2025-08-09 18:44:13,029 [INFO] ThirdParty:1030 - CMSIS Pack Vendor :STMicroelectronics X-CUBE-NFC4 3.0.0
2025-08-09 18:44:13,029 [INFO] ThirdParty:1030 - CMSIS Pack Vendor :STMicroelectronics X-CUBE-SUBG2 5.0.0
2025-08-09 18:44:13,029 [INFO] ThirdParty:1030 - CMSIS Pack Vendor :STMicroelectronics X-CUBE-AZRTOS-H7RS 1.1.0
2025-08-09 18:44:13,029 [INFO] ThirdParty:1030 - CMSIS Pack Vendor :STMicroelectronics STM32_WPAN 1.0.0
2025-08-09 18:44:13,029 [INFO] ThirdParty:1030 - CMSIS Pack Vendor :EmbeddedOffice I-CUBE-FS-RTOS 1.0.1
2025-08-09 18:44:13,029 [INFO] ThirdParty:1030 - CMSIS Pack Vendor :STMicroelectronics lwIP 2.0.3
2025-08-09 18:44:13,029 [INFO] ThirdParty:1030 - CMSIS Pack Vendor :Cesanta I-CUBE-Mongoose 7.13.0
2025-08-09 18:44:13,029 [INFO] ThirdParty:1030 - CMSIS Pack Vendor :STMicroelectronics USB_HOST 1.0.0
2025-08-09 18:44:13,029 [INFO] ThirdParty:1030 - CMSIS Pack Vendor :STMicroelectronics X-CUBE-AZRTOS-G4 2.0.0
2025-08-09 18:44:13,029 [INFO] ThirdParty:1030 - CMSIS Pack Vendor :STMicroelectronics X-CUBE-WB05N 2.0.0
2025-08-09 18:44:13,029 [INFO] ThirdParty:1030 - CMSIS Pack Vendor :STMicroelectronics PDM2PCM 3.1.0
2025-08-09 18:44:13,029 [INFO] ThirdParty:1030 - CMSIS Pack Vendor :STMicroelectronics X-CUBE-NFC7 2.0.0
2025-08-09 18:44:13,029 [INFO] ThirdParty:1030 - CMSIS Pack Vendor :RealThread X-CUBE-RT-Thread_Nano 4.1.1
2025-08-09 18:44:13,029 [INFO] ThirdParty:1030 - CMSIS Pack Vendor :STMicroelectronics FP-ATR-SIGFOX1 3.2.0
2025-08-09 18:44:13,029 [INFO] ThirdParty:1030 - CMSIS Pack Vendor :quantropi X-CUBE-qispace-sdk-base 1.9.3
2025-08-09 18:44:13,029 [INFO] ThirdParty:1030 - CMSIS Pack Vendor :STMicroelectronics X-CUBE-EEPRMA1 5.1.0
2025-08-09 18:44:13,029 [INFO] ThirdParty:1030 - CMSIS Pack Vendor :STMicroelectronics MBEDTLS 2.16.2
2025-08-09 18:44:13,029 [INFO] ThirdParty:1030 - CMSIS Pack Vendor :STMicroelectronics X-CUBE-ALS 1.0.2
2025-08-09 18:44:13,029 [INFO] ThirdParty:1030 - CMSIS Pack Vendor :wolfSSL I-CUBE-wolfSSL 5.7.4
2025-08-09 18:44:13,029 [INFO] ThirdParty:1030 - CMSIS Pack Vendor :ITTIA_DB I-CUBE-ITTIADB 8.9.0
2025-08-09 18:44:13,029 [INFO] ThirdParty:1030 - CMSIS Pack Vendor :STMicroelectronics X-CUBE-TOUCHGFX 4.24.2
2025-08-09 18:44:13,029 [INFO] ThirdParty:1030 - CMSIS Pack Vendor :STMicroelectronics X-CUBE-TOUCHGFX 4.24.1
2025-08-09 18:44:13,029 [INFO] ThirdParty:1030 - CMSIS Pack Vendor :wolfSSL I-CUBE-wolfTPM 3.4.0
2025-08-09 18:44:13,029 [INFO] ThirdParty:1030 - CMSIS Pack Vendor :portGmbH I-Cube-SoM-uGOAL 1.1.0
2025-08-09 18:44:13,029 [INFO] ThirdParty:1030 - CMSIS Pack Vendor :STMicroelectronics X-CUBE-AI 10.2.0
2025-08-09 18:44:13,029 [INFO] ThirdParty:1030 - CMSIS Pack Vendor :STMicroelectronics ThreadX 1.0.0
2025-08-09 18:44:13,029 [INFO] ThirdParty:1030 - CMSIS Pack Vendor :SEGGER I-CUBE-embOS 1.3.1
2025-08-09 18:44:13,029 [INFO] ThirdParty:1030 - CMSIS Pack Vendor :STMicroelectronics X-CUBE-ALGOBUILD 1.4.0
2025-08-09 18:44:13,029 [INFO] ThirdParty:1030 - CMSIS Pack Vendor :STMicroelectronics X-CUBE-MEMS1 11.3.0
2025-08-09 18:44:13,029 [INFO] ThirdParty:1030 - CMSIS Pack Vendor :STMicroelectronics X-CUBE-AZRTOS-H7RS 1.0.0
2025-08-09 18:44:13,029 [INFO] ThirdParty:1030 - CMSIS Pack Vendor :STMicroelectronics X-CUBE-TOF1 3.4.2
2025-08-09 18:44:13,029 [INFO] ThirdParty:1030 - CMSIS Pack Vendor :STMicroelectronics X-CUBE-AI 9.1.0
2025-08-09 18:44:13,030 [INFO] ThirdParty:1030 - CMSIS Pack Vendor :Infineon AIROC-Wi-Fi-Bluetooth-STM32 1.6.1
2025-08-09 18:44:13,030 [INFO] ThirdParty:1030 - CMSIS Pack Vendor :wolfSSL I-CUBE-wolfSSH 1.4.17
2025-08-09 18:44:13,030 [INFO] ThirdParty:841 - exiting critical section [change project]
2025-08-09 18:44:13,384 [INFO] PinOutPanel:1561 - setPackage(No Configuration,No Configuration)
2025-08-09 18:44:13,386 [INFO] PinOutPanel:1561 - setPackage(STM32WL55JCIx,UFBGA73)
2025-08-09 18:44:13,823 [INFO] UtilMem:75 - Before build in PCC Used Memory: 643871376 Bytes (1073741824)
2025-08-09 18:44:15,051 [INFO] UtilMem:75 - After build in PCC Used Memory: 814273184 Bytes (1073741824)
2025-08-09 18:44:15,082 [INFO] IPUIPlugin:80 - create IPUIPlugin
2025-08-09 18:44:15,082 [INFO] IPUIPlugin:80 - create IPUIPlugin
2025-08-09 18:44:15,082 [INFO] IPUIPlugin:80 - create IPUIPlugin
2025-08-09 18:44:15,082 [INFO] IPUIPlugin:80 - create IPUIPlugin
2025-08-09 18:44:15,082 [INFO] IPUIPlugin:80 - create IPUIPlugin
2025-08-09 18:44:15,082 [INFO] IPUIPlugin:80 - create IPUIPlugin
2025-08-09 18:44:15,082 [INFO] IPUIPlugin:80 - create IPUIPlugin
2025-08-09 18:44:15,083 [INFO] IPUIPlugin:80 - create IPUIPlugin
2025-08-09 18:44:15,083 [INFO] IPUIPlugin:80 - create IPUIPlugin
2025-08-09 18:44:15,083 [INFO] IPUIPlugin:80 - create IPUIPlugin
2025-08-09 18:44:15,083 [INFO] IPUIPlugin:80 - create IPUIPlugin
2025-08-09 18:44:15,083 [INFO] IPUIPlugin:80 - create IPUIPlugin
2025-08-09 18:44:15,083 [INFO] IPUIPlugin:80 - create IPUIPlugin
2025-08-09 18:44:15,083 [INFO] IPUIPlugin:80 - create IPUIPlugin
2025-08-09 18:44:15,083 [INFO] IPUIPlugin:80 - create IPUIPlugin
2025-08-09 18:44:15,083 [INFO] IPUIPlugin:80 - create IPUIPlugin
2025-08-09 18:44:15,083 [INFO] IPUIPlugin:80 - create IPUIPlugin
2025-08-09 18:44:15,083 [INFO] IPUIPlugin:80 - create IPUIPlugin
2025-08-09 18:44:15,083 [INFO] IPUIPlugin:80 - create IPUIPlugin
2025-08-09 18:44:15,084 [INFO] IPUIPlugin:80 - create IPUIPlugin
2025-08-09 18:44:15,084 [INFO] IPUIPlugin:80 - create IPUIPlugin
2025-08-09 18:44:15,084 [INFO] IPUIPlugin:80 - create IPUIPlugin
2025-08-09 18:44:15,084 [INFO] IPUIPlugin:80 - create IPUIPlugin
2025-08-09 18:44:15,084 [INFO] IPUIPlugin:80 - create IPUIPlugin
2025-08-09 18:44:15,084 [INFO] IPUIPlugin:80 - create IPUIPlugin
2025-08-09 18:44:15,085 [INFO] IPUIPlugin:80 - create IPUIPlugin
2025-08-09 18:44:15,085 [INFO] IPUIPlugin:80 - create IPUIPlugin
2025-08-09 18:44:15,085 [INFO] IPUIPlugin:80 - create IPUIPlugin
2025-08-09 18:44:15,085 [INFO] IPUIPlugin:80 - create IPUIPlugin
2025-08-09 18:44:15,086 [INFO] IPUIPlugin:80 - create IPUIPlugin
2025-08-09 18:44:15,086 [INFO] IPUIPlugin:80 - create IPUIPlugin
2025-08-09 18:44:15,086 [INFO] IPUIPlugin:80 - create IPUIPlugin
2025-08-09 18:44:15,087 [INFO] IPUIPlugin:80 - create IPUIPlugin
2025-08-09 18:44:15,087 [INFO] IPUIPlugin:80 - create IPUIPlugin
2025-08-09 18:44:15,087 [INFO] IPUIPlugin:80 - create IPUIPlugin
2025-08-09 18:44:15,088 [INFO] IPUIPlugin:80 - create IPUIPlugin
2025-08-09 18:44:15,088 [INFO] IPUIPlugin:80 - create IPUIPlugin
2025-08-09 18:44:15,088 [INFO] IPUIPlugin:80 - create IPUIPlugin
2025-08-09 18:44:15,088 [INFO] IPUIPlugin:80 - create IPUIPlugin
2025-08-09 18:44:15,089 [INFO] IPUIPlugin:80 - create IPUIPlugin
2025-08-09 18:44:15,089 [INFO] IPUIPlugin:80 - create IPUIPlugin
2025-08-09 18:44:15,089 [INFO] IPUIPlugin:80 - create IPUIPlugin
2025-08-09 18:44:15,089 [INFO] IPUIPlugin:80 - create IPUIPlugin
2025-08-09 18:44:15,089 [INFO] IPUIPlugin:80 - create IPUIPlugin
2025-08-09 18:44:15,090 [INFO] IPUIPlugin:80 - create IPUIPlugin
2025-08-09 18:44:15,090 [INFO] IPUIPlugin:80 - create IPUIPlugin
2025-08-09 18:44:15,090 [INFO] IPUIPlugin:80 - create IPUIPlugin
2025-08-09 18:44:15,090 [INFO] IPUIPlugin:80 - create IPUIPlugin
2025-08-09 18:44:15,090 [INFO] IPUIPlugin:80 - create IPUIPlugin
2025-08-09 18:44:15,091 [INFO] IPUIPlugin:80 - create IPUIPlugin
2025-08-09 18:44:15,091 [INFO] IPUIPlugin:80 - create IPUIPlugin
2025-08-09 18:44:15,091 [INFO] IPUIPlugin:80 - create IPUIPlugin
2025-08-09 18:44:15,092 [INFO] IPUIPlugin:80 - create IPUIPlugin
2025-08-09 18:44:15,092 [INFO] IPUIPlugin:80 - create IPUIPlugin
2025-08-09 18:44:15,092 [INFO] IPUIPlugin:80 - create IPUIPlugin
2025-08-09 18:44:15,332 [INFO] CADModel:165 - CPN selected for project levelSTM32WL55JCI6
2025-08-09 18:44:15,333 [INFO] CADModel:114 - Register for checkConnection events
2025-08-09 18:44:15,372 [INFO] OpenFileManager:363 - Restore cursor
2025-08-09 18:44:16,394 [INFO] UtilMem:75 - End SaveConfig() Used Memory: 884489864 Bytes (1073741824)
2025-08-09 18:44:16,497 [INFO] UtilMem:75 - End SaveConfig() Used Memory: 899169928 Bytes (1073741824)
2025-08-09 18:44:16,894 [INFO] BlockDiagram:2766 - set Specific Code input for plugin: ADC
2025-08-09 18:44:16,894 [INFO] BlockDiagram:2766 - set Specific Code input for plugin: LPTIM
2025-08-09 18:44:16,894 [INFO] BlockDiagram:2766 - set Specific Code input for plugin: LPTIM
2025-08-09 18:44:16,894 [INFO] BlockDiagram:2766 - set Specific Code input for plugin: TIM1_8WL5
2025-08-09 18:44:16,894 [INFO] BlockDiagram:2766 - set Specific Code input for plugin: TIM1_8WL5
2025-08-09 18:44:16,894 [INFO] BlockDiagram:2766 - set Specific Code input for plugin: SYS
2025-08-09 18:44:16,894 [INFO] BlockDiagram:2766 - set Specific Code input for plugin: RCC
2025-08-09 18:44:16,894 [INFO] BlockDiagram:2766 - set Specific Code input for plugin: I2C
2025-08-09 18:44:16,894 [INFO] BlockDiagram:2766 - set Specific Code input for plugin: USART
2025-08-09 18:44:16,894 [INFO] BlockDiagram:2766 - set Specific Code input for plugin: SYSM0P
2025-08-09 18:44:16,895 [INFO] BlockDiagram:2766 - set Specific Code input for plugin: TIM1_8WL5
2025-08-09 18:44:16,895 [INFO] BlockDiagram:2766 - set Specific Code input for plugin: TIM1_8WL5
2025-08-09 18:44:16,895 [INFO] BlockDiagram:2766 - set Specific Code input for plugin: NVIC2
2025-08-09 18:44:16,895 [INFO] BlockDiagram:2766 - set Specific Code input for plugin: GPIO
2025-08-09 18:44:16,895 [INFO] BlockDiagram:2766 - set Specific Code input for plugin: NVIC1
2025-08-09 18:44:16,897 [INFO] CodeGenerator:807 - code generatio: config db path: C:\ST\STM32CubeIDE_1.16.1\STM32CubeIDE\plugins\com.st.stm32cube.common.mx_6.12.1.202409122256\\db\
2025-08-09 18:44:16,961 [INFO] CodeGenerator:1531 - *******************Project context M4 selected
2025-08-09 18:44:17,064 [INFO] CodeEngine:255 - oldGeneratedFile, C:\Users\nacho\OneDrive\Documentos\FIUBA\TPP\Software\MXTmpFiles\license.tmp_save
2025-08-09 18:44:17,441 [INFO] CodeEngine:279 - Generated code: C:\Users\nacho\OneDrive\Documentos\FIUBA\TPP\Software\MXTmpFiles\license.tmp
2025-08-09 18:44:17,741 [INFO] CodeEngine:255 - oldGeneratedFile, C:\Users\nacho\OneDrive\Documentos\FIUBA\TPP\Software\CM4\MXTmpFiles\gpio.tmp_save
2025-08-09 18:44:17,970 [INFO] CodeEngine:279 - Generated code: C:\Users\nacho\OneDrive\Documentos\FIUBA\TPP\Software\CM4\MXTmpFiles\gpio.tmp
2025-08-09 18:44:18,483 [WARN] IPConfigManager:98 - WARNING: Missing Config File for NVIC1 ip!!
2025-08-09 18:44:19,318 [INFO] CodeEngine:255 - oldGeneratedFile, C:\Users\nacho\OneDrive\Documentos\FIUBA\TPP\Software\CM4\Core\Src\stm32wlxx_it.c_save
2025-08-09 18:44:19,456 [INFO] CodeEngine:279 - Generated code: C:\Users\nacho\OneDrive\Documentos\FIUBA\TPP\Software\CM4\Core\Src\stm32wlxx_it.c
2025-08-09 18:44:19,461 [INFO] CodeEngine:255 - oldGeneratedFile, C:\Users\nacho\OneDrive\Documentos\FIUBA\TPP\Software\CM4\Core\Inc\stm32wlxx_it.h_save
2025-08-09 18:44:19,537 [INFO] CodeEngine:279 - Generated code: C:\Users\nacho\OneDrive\Documentos\FIUBA\TPP\Software\CM4\Core\Inc\stm32wlxx_it.h
2025-08-09 18:44:19,687 [INFO] CodeEngine:255 - oldGeneratedFile, C:\Users\nacho\OneDrive\Documentos\FIUBA\TPP\Software\CM4\Core\Src\stm32wlxx_hal_msp.c_save
2025-08-09 18:44:19,876 [INFO] CodeEngine:279 - Generated code: C:\Users\nacho\OneDrive\Documentos\FIUBA\TPP\Software\CM4\Core\Src\stm32wlxx_hal_msp.c
2025-08-09 18:44:19,896 [INFO] CodeEngine:255 - oldGeneratedFile, C:\Users\nacho\OneDrive\Documentos\FIUBA\TPP\Software\CM4\MXTmpFiles\system.tmp_save
2025-08-09 18:44:19,996 [INFO] CodeEngine:279 - Generated code: C:\Users\nacho\OneDrive\Documentos\FIUBA\TPP\Software\CM4\MXTmpFiles\system.tmp
2025-08-09 18:44:20,013 [INFO] CodeEngine:311 - oldGeneratedFile, C:\Users\nacho\OneDrive\Documentos\FIUBA\TPP\Software\CM4\Core\Inc\stm32wlxx_hal_conf.h_save
2025-08-09 18:44:20,190 [INFO] CodeEngine:335 - Generated code: C:\Users\nacho\OneDrive\Documentos\FIUBA\TPP\Software\CM4\Core\Inc\stm32wlxx_hal_conf.h
2025-08-09 18:44:20,232 [WARN] IPConfigManager:3554 - IP not found : NVIC
2025-08-09 18:44:20,232 [WARN] IPConfigManager:3554 - IP not found : TIM
2025-08-09 18:44:20,233 [WARN] CodeGenerator:4002 - IP not found : null
2025-08-09 18:44:20,234 [WARN] CodeGenerator:4002 - IP not found : null
2025-08-09 18:44:20,245 [INFO] CodeEngine:255 - oldGeneratedFile, C:\Users\nacho\OneDrive\Documentos\FIUBA\TPP\Software\CM4\Core\Inc\main.h_save
2025-08-09 18:44:20,409 [INFO] CodeEngine:279 - Generated code: C:\Users\nacho\OneDrive\Documentos\FIUBA\TPP\Software\CM4\Core\Inc\main.h
2025-08-09 18:44:20,421 [INFO] CodeEngine:255 - oldGeneratedFile, C:\Users\nacho\OneDrive\Documentos\FIUBA\TPP\Software\CM4\Core\Src\main.c_save
2025-08-09 18:44:20,659 [INFO] CodeEngine:279 - Generated code: C:\Users\nacho\OneDrive\Documentos\FIUBA\TPP\Software\CM4\Core\Src\main.c
2025-08-09 18:44:20,745 [INFO] CodeGenerator:1531 - *******************Project context M0P selected
2025-08-09 18:44:20,824 [INFO] CodeEngine:255 - oldGeneratedFile, C:\Users\nacho\OneDrive\Documentos\FIUBA\TPP\Software\MXTmpFiles\license.tmp_save
2025-08-09 18:44:20,903 [INFO] CodeEngine:279 - Generated code: C:\Users\nacho\OneDrive\Documentos\FIUBA\TPP\Software\MXTmpFiles\license.tmp
2025-08-09 18:44:20,921 [INFO] CodeEngine:255 - oldGeneratedFile, C:\Users\nacho\OneDrive\Documentos\FIUBA\TPP\Software\CM0PLUS\MXTmpFiles\gpio.tmp_save
2025-08-09 18:44:21,019 [INFO] CodeEngine:279 - Generated code: C:\Users\nacho\OneDrive\Documentos\FIUBA\TPP\Software\CM0PLUS\MXTmpFiles\gpio.tmp
2025-08-09 18:44:21,030 [WARN] IPConfigManager:98 - WARNING: Missing Config File for NVIC2 ip!!
2025-08-09 18:44:21,054 [INFO] CodeEngine:255 - oldGeneratedFile, C:\Users\nacho\OneDrive\Documentos\FIUBA\TPP\Software\CM0PLUS\Core\Src\stm32wlxx_it.c_save
2025-08-09 18:44:21,136 [INFO] CodeEngine:279 - Generated code: C:\Users\nacho\OneDrive\Documentos\FIUBA\TPP\Software\CM0PLUS\Core\Src\stm32wlxx_it.c
2025-08-09 18:44:21,141 [INFO] CodeEngine:255 - oldGeneratedFile, C:\Users\nacho\OneDrive\Documentos\FIUBA\TPP\Software\CM0PLUS\Core\Inc\stm32wlxx_it.h_save
2025-08-09 18:44:21,203 [INFO] CodeEngine:279 - Generated code: C:\Users\nacho\OneDrive\Documentos\FIUBA\TPP\Software\CM0PLUS\Core\Inc\stm32wlxx_it.h
2025-08-09 18:44:21,229 [INFO] CodeEngine:255 - oldGeneratedFile, C:\Users\nacho\OneDrive\Documentos\FIUBA\TPP\Software\CM0PLUS\Core\Src\stm32wlxx_hal_msp.c_save
2025-08-09 18:44:21,321 [INFO] CodeEngine:279 - Generated code: C:\Users\nacho\OneDrive\Documentos\FIUBA\TPP\Software\CM0PLUS\Core\Src\stm32wlxx_hal_msp.c
2025-08-09 18:44:21,326 [INFO] CodeEngine:255 - oldGeneratedFile, C:\Users\nacho\OneDrive\Documentos\FIUBA\TPP\Software\CM0PLUS\MXTmpFiles\system.tmp_save
2025-08-09 18:44:21,379 [INFO] CodeEngine:279 - Generated code: C:\Users\nacho\OneDrive\Documentos\FIUBA\TPP\Software\CM0PLUS\MXTmpFiles\system.tmp
2025-08-09 18:44:21,391 [INFO] CodeEngine:311 - oldGeneratedFile, C:\Users\nacho\OneDrive\Documentos\FIUBA\TPP\Software\CM0PLUS\Core\Inc\stm32wlxx_hal_conf.h_save
2025-08-09 18:44:21,527 [INFO] CodeEngine:335 - Generated code: C:\Users\nacho\OneDrive\Documentos\FIUBA\TPP\Software\CM0PLUS\Core\Inc\stm32wlxx_hal_conf.h
2025-08-09 18:44:21,549 [WARN] IPConfigManager:3554 - IP not found : NVIC
2025-08-09 18:44:21,550 [WARN] CodeGenerator:4002 - IP not found : null
2025-08-09 18:44:21,559 [INFO] CodeEngine:255 - oldGeneratedFile, C:\Users\nacho\OneDrive\Documentos\FIUBA\TPP\Software\CM0PLUS\Core\Inc\main.h_save
2025-08-09 18:44:21,658 [INFO] CodeEngine:279 - Generated code: C:\Users\nacho\OneDrive\Documentos\FIUBA\TPP\Software\CM0PLUS\Core\Inc\main.h
2025-08-09 18:44:21,661 [INFO] CodeEngine:255 - oldGeneratedFile, C:\Users\nacho\OneDrive\Documentos\FIUBA\TPP\Software\CM0PLUS\Core\Src\main.c_save
2025-08-09 18:44:21,746 [INFO] CodeEngine:279 - Generated code: C:\Users\nacho\OneDrive\Documentos\FIUBA\TPP\Software\CM0PLUS\Core\Src\main.c
2025-08-09 18:44:22,139 [INFO] ProjectBuilder:3249 - Time for Copy HAL[1] : 180mS.
2025-08-09 18:44:22,158 [INFO] ProjectBuilder:4828 - Project Generator version: 4.5.0-B34
2025-08-09 18:44:22,231 [INFO] ConfigFileManager:1531 - The Die is : DIE497
2025-08-09 18:44:23,291 [INFO] LogOutputStream:77 - [STDOUT_REDIRECT] 
2025-08-09 18:44:29,871 [INFO] ProjectBuilder:5097 - Time for Generating toolchain IDE Files: 7713mS.
2025-08-09 18:44:29,873 [INFO] ProjectBuilder:3107 - Time for Copy CMSIS : 1mS.
2025-08-09 18:44:29,875 [INFO] ProjectBuilder:3107 - Time for Copy CMSIS : 0mS.
2025-08-09 18:44:31,219 [INFO] McuFinderGlobals:76 - Set McuFinderConnectedMode to true
2025-08-09 18:44:31,867 [INFO] ApiDb:448 - Save user favorites file C:\Users\nacho/.stm32cubeide/favorites.mcus.txt: 0 item(s)
2025-08-09 18:44:31,868 [INFO] ApiDb:452 - User favorites MCUs=[]
2025-08-09 18:44:32,338 [ERROR] LogOutputStream:75 - [STDERR_REDIRECT] Exception in thread "AWT-EventQueue-0" java.awt.IllegalComponentStateException: Native resources unavailable
2025-08-09 18:44:32,340 [ERROR] LogOutputStream:75 - [STDERR_REDIRECT] 	at java.desktop/sun.awt.windows.WWindowPeer.getScreenImOn(Native Method)
2025-08-09 18:44:32,342 [ERROR] LogOutputStream:75 - [STDERR_REDIRECT] 	at java.desktop/sun.awt.windows.WWindowPeer.updateGC(WWindowPeer.java:566)
2025-08-09 18:44:32,346 [ERROR] LogOutputStream:75 - [STDERR_REDIRECT] 	at java.desktop/java.awt.event.InvocationEvent.dispatch(InvocationEvent.java:318)
2025-08-09 18:44:32,348 [ERROR] LogOutputStream:75 - [STDERR_REDIRECT] 	at java.desktop/java.awt.EventQueue.dispatchEventImpl(EventQueue.java:773)
2025-08-09 18:44:32,351 [ERROR] LogOutputStream:75 - [STDERR_REDIRECT] 	at java.desktop/java.awt.EventQueue$4.run(EventQueue.java:720)
2025-08-09 18:44:32,352 [ERROR] LogOutputStream:75 - [STDERR_REDIRECT] 	at java.desktop/java.awt.EventQueue$4.run(EventQueue.java:714)
2025-08-09 18:44:32,353 [ERROR] LogOutputStream:75 - [STDERR_REDIRECT] 	at java.base/java.security.AccessController.doPrivileged(AccessController.java:399)
2025-08-09 18:44:32,356 [ERROR] LogOutputStream:75 - [STDERR_REDIRECT] 	at java.base/java.security.ProtectionDomain$JavaSecurityAccessImpl.doIntersectionPrivilege(ProtectionDomain.java:86)
2025-08-09 18:44:32,357 [ERROR] LogOutputStream:75 - [STDERR_REDIRECT] 	at java.base/java.security.ProtectionDomain$JavaSecurityAccessImpl.doIntersectionPrivilege(ProtectionDomain.java:97)
2025-08-09 18:44:32,358 [ERROR] LogOutputStream:75 - [STDERR_REDIRECT] 	at java.desktop/java.awt.EventQueue$5.run(EventQueue.java:747)
2025-08-09 18:44:32,359 [ERROR] LogOutputStream:75 - [STDERR_REDIRECT] 	at java.desktop/java.awt.EventQueue$5.run(EventQueue.java:745)
2025-08-09 18:44:32,360 [ERROR] LogOutputStream:75 - [STDERR_REDIRECT] 	at java.base/java.security.AccessController.doPrivileged(AccessController.java:399)
2025-08-09 18:44:32,363 [ERROR] LogOutputStream:75 - [STDERR_REDIRECT] 	at java.base/java.security.ProtectionDomain$JavaSecurityAccessImpl.doIntersectionPrivilege(ProtectionDomain.java:86)
2025-08-09 18:44:32,365 [ERROR] LogOutputStream:75 - [STDERR_REDIRECT] 	at java.desktop/java.awt.EventQueue.dispatchEvent(EventQueue.java:744)
2025-08-09 18:44:32,367 [ERROR] LogOutputStream:75 - [STDERR_REDIRECT] 	at java.desktop/java.awt.EventDispatchThread.pumpOneEventForFilters(EventDispatchThread.java:203)
2025-08-09 18:44:32,368 [ERROR] LogOutputStream:75 - [STDERR_REDIRECT] 	at java.desktop/java.awt.EventDispatchThread.pumpEventsForFilter(EventDispatchThread.java:124)
2025-08-09 18:44:32,370 [ERROR] LogOutputStream:75 - [STDERR_REDIRECT] 	at java.desktop/java.awt.EventDispatchThread.pumpEventsForHierarchy(EventDispatchThread.java:113)
2025-08-09 18:44:32,371 [ERROR] LogOutputStream:75 - [STDERR_REDIRECT] 	at java.desktop/java.awt.EventDispatchThread.pumpEvents(EventDispatchThread.java:109)
2025-08-09 18:44:32,373 [ERROR] LogOutputStream:75 - [STDERR_REDIRECT] 	at java.desktop/java.awt.EventDispatchThread.pumpEvents(EventDispatchThread.java:101)
2025-08-09 18:44:32,375 [ERROR] LogOutputStream:75 - [STDERR_REDIRECT] 	at java.desktop/java.awt.EventDispatchThread.run(EventDispatchThread.java:90)
2025-08-09 18:56:57,950 [INFO] Activator:176 - 


2025-08-09 18:56:57,950 [INFO] Activator:177 - !SESSION log4j initialized
2025-08-09 18:57:00,520 [INFO] LogOutputStream:77 - [STDOUT_REDIRECT] 
2025-08-09 18:57:02,431 [INFO] ApplicationProperties:184 - Using Application install path: C:\ST\STM32CubeIDE_1.16.1\STM32CubeIDE\plugins\com.st.stm32cube.common.mx_6.12.1.202409122256
2025-08-09 18:57:02,451 [INFO] DbMcusXml:78 - Set database path to: C:\ST\STM32CubeIDE_1.16.1\STM32CubeIDE\plugins\com.st.stm32cube.common.mx_6.12.1.202409122256\\db\/mcu/
2025-08-09 18:57:02,451 [INFO] ApiDb:274 - Set plugin database path to: C:\ST\STM32CubeIDE_1.16.1\STM32CubeIDE\plugins\com.st.stm32cube.common.mx_6.12.1.202409122256\\db\/plugins/boardmanager/
2025-08-09 18:57:02,452 [WARN] ApiDb:259 - Overriding images path with different value:  => C:\ST\STM32CubeIDE_1.16.1\STM32CubeIDE\plugins\com.st.stm32cube.common.mx_6.12.1.202409122256\\db\/plugins/mcufinder/images/
2025-08-09 18:57:02,459 [INFO] ApiDb:250 - Set database path to: C:\Users\nacho\.stmcufinder\plugins\mcufinder//mcu/
2025-08-09 18:57:02,461 [INFO] DbMcusAds:125 - Set database path to: C:\Users\nacho\.stmcufinder\plugins\mcufinder//mcu/
2025-08-09 18:57:02,463 [INFO] CrossReferenceDbSqlite:203 - Set database path to: C:\Users\nacho\.stmcufinder\plugins\mcufinder//mcu/cs/
2025-08-09 18:57:02,578 [INFO] RulesReader:64 - Compatibility file has been processed (297 Rules)
2025-08-09 18:57:02,649 [INFO] DbMcusXml:78 - Set database path to: C:\ST\STM32CubeIDE_1.16.1\STM32CubeIDE\plugins\com.st.stm32cube.common.mx_6.12.1.202409122256\\db\/mcu/
2025-08-09 18:57:02,649 [INFO] ApiDb:274 - Set plugin database path to: C:\ST\STM32CubeIDE_1.16.1\STM32CubeIDE\plugins\com.st.stm32cube.common.mx_6.12.1.202409122256\\db\/plugins/boardmanager/
2025-08-09 18:57:02,650 [INFO] ApiDb:261 - Set plugin images path to: C:\ST\STM32CubeIDE_1.16.1\STM32CubeIDE\plugins\com.st.stm32cube.common.mx_6.12.1.202409122256\\db\/plugins/mcufinder/images/
2025-08-09 18:57:02,650 [WARN] DbFile:41 - Overriding database path with different value: C:\Users\nacho\.stmcufinder\plugins\mcufinder/ => C:\Users\nacho\.stmcufinder\plugins\mcufinder
2025-08-09 18:57:02,650 [INFO] ApiDb:250 - Set database path to: C:\Users\nacho\.stmcufinder\plugins\mcufinder//mcu/
2025-08-09 18:57:02,651 [WARN] DbFile:41 - Overriding database path with different value: C:\Users\nacho\.stmcufinder\plugins\mcufinder/ => C:\Users\nacho\.stmcufinder\plugins\mcufinder
2025-08-09 18:57:02,651 [INFO] DbMcusAds:125 - Set database path to: C:\Users\nacho\.stmcufinder\plugins\mcufinder//mcu/
2025-08-09 18:57:02,651 [WARN] DbFile:41 - Overriding database path with different value: C:\Users\nacho\.stmcufinder\plugins\mcufinder/ => C:\Users\nacho\.stmcufinder\plugins\mcufinder
2025-08-09 18:57:02,651 [WARN] DbFile:41 - Overriding database path with different value: C:\Users\nacho\.stmcufinder\plugins\mcufinder/ => C:\Users\nacho\.stmcufinder\plugins\mcufinder
2025-08-09 18:57:02,651 [INFO] CrossReferenceDbSqlite:203 - Set database path to: C:\Users\nacho\.stmcufinder\plugins\mcufinder//mcu/cs/
2025-08-09 18:57:02,716 [INFO] MainPanel:268 - HeapMemory: 268435456
2025-08-09 18:57:02,779 [INFO] DbMcusXml:78 - Set database path to: C:\ST\STM32CubeIDE_1.16.1\STM32CubeIDE\plugins\com.st.stm32cube.common.mx_6.12.1.202409122256\\db\/mcu/
2025-08-09 18:57:02,779 [INFO] ApiDb:274 - Set plugin database path to: C:\ST\STM32CubeIDE_1.16.1\STM32CubeIDE\plugins\com.st.stm32cube.common.mx_6.12.1.202409122256\\db\/plugins/boardmanager/
2025-08-09 18:57:02,779 [INFO] ApiDb:261 - Set plugin images path to: C:\ST\STM32CubeIDE_1.16.1\STM32CubeIDE\plugins\com.st.stm32cube.common.mx_6.12.1.202409122256\\db\/plugins/mcufinder/images/
2025-08-09 18:57:02,780 [WARN] DbFile:41 - Overriding database path with different value: C:\Users\nacho\.stmcufinder\plugins\mcufinder/ => C:\Users\nacho\.stmcufinder\plugins\mcufinder
2025-08-09 18:57:02,780 [INFO] ApiDb:250 - Set database path to: C:\Users\nacho\.stmcufinder\plugins\mcufinder//mcu/
2025-08-09 18:57:02,780 [WARN] DbFile:41 - Overriding database path with different value: C:\Users\nacho\.stmcufinder\plugins\mcufinder/ => C:\Users\nacho\.stmcufinder\plugins\mcufinder
2025-08-09 18:57:02,780 [INFO] DbMcusAds:125 - Set database path to: C:\Users\nacho\.stmcufinder\plugins\mcufinder//mcu/
2025-08-09 18:57:02,780 [WARN] DbFile:41 - Overriding database path with different value: C:\Users\nacho\.stmcufinder\plugins\mcufinder/ => C:\Users\nacho\.stmcufinder\plugins\mcufinder
2025-08-09 18:57:02,780 [WARN] DbFile:41 - Overriding database path with different value: C:\Users\nacho\.stmcufinder\plugins\mcufinder/ => C:\Users\nacho\.stmcufinder\plugins\mcufinder
2025-08-09 18:57:02,780 [INFO] CrossReferenceDbSqlite:203 - Set database path to: C:\Users\nacho\.stmcufinder\plugins\mcufinder//mcu/cs/
2025-08-09 18:57:02,796 [INFO] ApplicationProperties:184 - Using Application install path: C:\ST\STM32CubeIDE_1.16.1\STM32CubeIDE\plugins\com.st.stm32cube.common.mx_6.12.1.202409122256
2025-08-09 18:57:02,797 [INFO] PluginManage:196 - Search for loadable plugins [exclusion list=, ]
2025-08-09 18:57:02,799 [INFO] PluginManage:310 - Check plugin analytics
2025-08-09 18:57:02,985 [INFO] AnalyticsPlugin:253 - Accepted Software Licenses: STM32CubeMX.6.12.1
2025-08-09 18:57:02,985 [INFO] AnalyticsPlugin:255 - Accepted CMSIS Pack Licenses: 
2025-08-09 18:57:02,986 [INFO] AnalyticsPlugin:257 - Accepted Firmware Licenses: FW.WL.1.3.0
2025-08-09 18:57:02,986 [INFO] PluginManage:359 - Loaded plugin analytics (category:tool,tabindex:-1)
2025-08-09 18:57:02,986 [INFO] PluginManage:310 - Check plugin cadmodel
2025-08-09 18:57:02,991 [INFO] CADModel:105 - Init CAD model plugin
2025-08-09 18:57:02,991 [INFO] PluginManage:359 - Loaded plugin cadmodel (category:power,tabindex:5)
2025-08-09 18:57:02,991 [INFO] PluginManage:310 - Check plugin clock
2025-08-09 18:57:03,001 [INFO] PluginManage:359 - Loaded plugin clock (category:base,tabindex:2)
2025-08-09 18:57:03,001 [INFO] PluginManage:310 - Check plugin ddr
2025-08-09 18:57:03,003 [INFO] PluginManage:359 - Loaded plugin ddr (category:tool,tabindex:6)
2025-08-09 18:57:03,003 [INFO] PluginManage:310 - Check plugin filemanager
2025-08-09 18:57:03,140 [INFO] PluginManage:359 - Loaded plugin filemanager (category:base,tabindex:10)
2025-08-09 18:57:03,140 [INFO] PluginManage:310 - Check plugin ipmanager
2025-08-09 18:57:03,147 [INFO] PluginManage:359 - Loaded plugin ipmanager (category:base,tabindex:5)
2025-08-09 18:57:03,147 [INFO] PluginManage:310 - Check plugin lpbam
2025-08-09 18:57:03,154 [INFO] PluginManage:359 - Loaded plugin lpbam (category:base,tabindex:0)
2025-08-09 18:57:03,154 [INFO] PluginManage:310 - Check plugin memorymap
2025-08-09 18:57:03,162 [INFO] PluginManage:359 - Loaded plugin memorymap (category:base,tabindex:4)
2025-08-09 18:57:03,163 [INFO] PluginManage:310 - Check plugin pinoutandconfiguration
2025-08-09 18:57:03,169 [INFO] PluginManage:359 - Loaded plugin pinoutandconfiguration (category:base,tabindex:1)
2025-08-09 18:57:03,169 [INFO] PluginManage:310 - Check plugin pinoutconfig
2025-08-09 18:57:03,240 [WARN] SupportedApi:132 - Cannot load RTOS API schema: s4s-elt-must-match.1: The content of 'definitions' must match (annotation?, (simpleType | complexType)?, (unique | key | keyref)*)). A problem was found starting at: attribute.
2025-08-09 18:57:03,356 [INFO] PluginManage:359 - Loaded plugin pinoutconfig (category:base,tabindex:0)
2025-08-09 18:57:03,356 [INFO] PluginManage:310 - Check plugin power
2025-08-09 18:57:03,365 [INFO] PluginManage:359 - Loaded plugin power (category:power,tabindex:4)
2025-08-09 18:57:03,365 [INFO] PluginManage:310 - Check plugin projectmanager
2025-08-09 18:57:03,380 [INFO] PluginManage:359 - Loaded plugin projectmanager (category:projectmanager,tabindex:4)
2025-08-09 18:57:03,381 [INFO] PluginManage:310 - Check plugin rif
2025-08-09 18:57:03,387 [INFO] PluginManage:359 - Loaded plugin rif (category:base,tabindex:3)
2025-08-09 18:57:03,387 [INFO] PluginManage:310 - Check plugin thirdparty
2025-08-09 18:57:03,497 [INFO] PluginManage:359 - Loaded plugin thirdparty (category:base,tabindex:-1)
2025-08-09 18:57:03,499 [INFO] PluginManage:310 - Check plugin tools
2025-08-09 18:57:03,497 [WARN] IntegrityCheckThread:84 - waiting for thirdparty lock release [integrity check]
2025-08-09 18:57:03,499 [INFO] IntegrityCheckThread:86 - entering critical section [integrity check]
2025-08-09 18:57:03,499 [INFO] ThirdPartyUpdaterWithRetryManager:70 - Updater plugin not ready yet. [1/15]
2025-08-09 18:57:03,501 [INFO] PluginManage:359 - Loaded plugin tools (category:base,tabindex:7)
2025-08-09 18:57:03,501 [INFO] PluginManage:310 - Check plugin tutovideos
2025-08-09 18:57:03,679 [INFO] PluginManage:359 - Loaded plugin tutovideos (category:base,tabindex:-1)
2025-08-09 18:57:03,680 [INFO] PluginManage:310 - Check plugin updater
2025-08-09 18:57:03,695 [INFO] PluginManage:359 - Loaded plugin updater (category:base,tabindex:12)
2025-08-09 18:57:03,695 [INFO] PluginManage:310 - Check plugin userauth
2025-08-09 18:57:03,701 [INFO] UserAuth:113 - Init User Auth plugin
2025-08-09 18:57:03,701 [INFO] PluginManage:359 - Loaded plugin userauth (category:base,tabindex:14)
2025-08-09 18:57:03,701 [INFO] PluginManage:283 - PluginManage : Loaded plugins [18]
2025-08-09 18:57:03,874 [INFO] PinOutPanel:1561 - setPackage(No Configuration,No Configuration)
2025-08-09 18:57:03,969 [INFO] CADModel:165 - CPN selected for project level
2025-08-09 18:57:03,970 [INFO] CADModel:114 - Register for checkConnection events
2025-08-09 18:57:03,989 [INFO] IPUIPlugin:80 - create IPUIPlugin
2025-08-09 18:57:03,989 [INFO] PluginManager:220 - loadIPPluginJar : add adc
2025-08-09 18:57:03,992 [INFO] IPUIPlugin:80 - create IPUIPlugin
2025-08-09 18:57:03,993 [INFO] PluginManager:220 - loadIPPluginJar : add aes
2025-08-09 18:57:03,995 [INFO] IPUIPlugin:80 - create IPUIPlugin
2025-08-09 18:57:03,995 [INFO] PluginManager:220 - loadIPPluginJar : add can
2025-08-09 18:57:03,997 [INFO] IPUIPlugin:80 - create IPUIPlugin
2025-08-09 18:57:03,997 [INFO] PluginManager:220 - loadIPPluginJar : add comp
2025-08-09 18:57:03,999 [INFO] IPUIPlugin:80 - create IPUIPlugin
2025-08-09 18:57:03,999 [INFO] PluginManager:220 - loadIPPluginJar : add cryp
2025-08-09 18:57:04,001 [INFO] IPUIPlugin:80 - create IPUIPlugin
2025-08-09 18:57:04,001 [INFO] PluginManager:220 - loadIPPluginJar : add ddr_ctrl_phy
2025-08-09 18:57:04,003 [INFO] IPUIPlugin:80 - create IPUIPlugin
2025-08-09 18:57:04,003 [INFO] PluginManager:220 - loadIPPluginJar : add dfsdm
2025-08-09 18:57:04,008 [INFO] IPUIPlugin:80 - create IPUIPlugin
2025-08-09 18:57:04,009 [INFO] PluginManager:220 - loadIPPluginJar : add dma
2025-08-09 18:57:04,011 [INFO] IPUIPlugin:80 - create IPUIPlugin
2025-08-09 18:57:04,011 [INFO] PluginManager:220 - loadIPPluginJar : add dma3
2025-08-09 18:57:04,014 [INFO] IPUIPlugin:80 - create IPUIPlugin
2025-08-09 18:57:04,014 [INFO] PluginManager:220 - loadIPPluginJar : add extmemmanager
2025-08-09 18:57:04,015 [INFO] IPUIPlugin:80 - create IPUIPlugin
2025-08-09 18:57:04,015 [INFO] PluginManager:220 - loadIPPluginJar : add fatfs
2025-08-09 18:57:04,019 [INFO] IPUIPlugin:80 - create IPUIPlugin
2025-08-09 18:57:04,019 [INFO] PluginManager:220 - loadIPPluginJar : add fmc
2025-08-09 18:57:04,025 [INFO] IPUIPlugin:80 - create IPUIPlugin
2025-08-09 18:57:04,025 [INFO] PluginManager:220 - loadIPPluginJar : add freertos
2025-08-09 18:57:04,026 [INFO] IPUIPlugin:80 - create IPUIPlugin
2025-08-09 18:57:04,027 [INFO] PluginManager:220 - loadIPPluginJar : add genericplugin
2025-08-09 18:57:04,029 [INFO] IPUIPlugin:80 - create IPUIPlugin
2025-08-09 18:57:04,029 [INFO] PluginManager:220 - loadIPPluginJar : add gfxmmu
2025-08-09 18:57:04,034 [INFO] IPUIPlugin:80 - create IPUIPlugin
2025-08-09 18:57:04,034 [INFO] PluginManager:220 - loadIPPluginJar : add gic
2025-08-09 18:57:04,038 [INFO] IPUIPlugin:80 - create IPUIPlugin
2025-08-09 18:57:04,038 [INFO] PluginManager:220 - loadIPPluginJar : add gpio
2025-08-09 18:57:04,040 [INFO] IPUIPlugin:80 - create IPUIPlugin
2025-08-09 18:57:04,041 [INFO] PluginManager:220 - loadIPPluginJar : add gtzc
2025-08-09 18:57:04,043 [INFO] IPUIPlugin:80 - create IPUIPlugin
2025-08-09 18:57:04,043 [INFO] PluginManager:220 - loadIPPluginJar : add hash
2025-08-09 18:57:04,046 [INFO] IPUIPlugin:80 - create IPUIPlugin
2025-08-09 18:57:04,046 [INFO] PluginManager:220 - loadIPPluginJar : add i2c
2025-08-09 18:57:04,048 [INFO] IPUIPlugin:80 - create IPUIPlugin
2025-08-09 18:57:04,048 [INFO] PluginManager:220 - loadIPPluginJar : add i2s
2025-08-09 18:57:04,050 [INFO] IPUIPlugin:80 - create IPUIPlugin
2025-08-09 18:57:04,050 [INFO] PluginManager:220 - loadIPPluginJar : add i3c
2025-08-09 18:57:04,054 [INFO] IPUIPlugin:80 - create IPUIPlugin
2025-08-09 18:57:04,054 [INFO] PluginManager:220 - loadIPPluginJar : add ipddr
2025-08-09 18:57:04,061 [INFO] IPUIPlugin:80 - create IPUIPlugin
2025-08-09 18:57:04,061 [INFO] PluginManager:220 - loadIPPluginJar : add linkedlist
2025-08-09 18:57:04,065 [INFO] IPUIPlugin:80 - create IPUIPlugin
2025-08-09 18:57:04,065 [INFO] PluginManager:220 - loadIPPluginJar : add lorawan
2025-08-09 18:57:04,067 [INFO] IPUIPlugin:80 - create IPUIPlugin
2025-08-09 18:57:04,067 [INFO] PluginManager:220 - loadIPPluginJar : add ltdc
2025-08-09 18:57:04,073 [INFO] IPUIPlugin:80 - create IPUIPlugin
2025-08-09 18:57:04,073 [INFO] PluginManager:220 - loadIPPluginJar : add mdma
2025-08-09 18:57:04,077 [INFO] IPUIPlugin:80 - create IPUIPlugin
2025-08-09 18:57:04,077 [INFO] PluginManager:220 - loadIPPluginJar : add nvic
2025-08-09 18:57:04,080 [INFO] IPUIPlugin:80 - create IPUIPlugin
2025-08-09 18:57:04,080 [INFO] PluginManager:220 - loadIPPluginJar : add opamp
2025-08-09 18:57:04,083 [INFO] IPUIPlugin:80 - create IPUIPlugin
2025-08-09 18:57:04,083 [INFO] PluginManager:220 - loadIPPluginJar : add openamp
2025-08-09 18:57:04,087 [INFO] IPUIPlugin:80 - create IPUIPlugin
2025-08-09 18:57:04,087 [INFO] PluginManager:220 - loadIPPluginJar : add pdm2pcm
2025-08-09 18:57:04,093 [INFO] IPUIPlugin:80 - create IPUIPlugin
2025-08-09 18:57:04,098 [INFO] PluginManager:220 - loadIPPluginJar : add plateformsettings
2025-08-09 18:57:04,100 [INFO] IPUIPlugin:80 - create IPUIPlugin
2025-08-09 18:57:04,101 [INFO] PluginManager:220 - loadIPPluginJar : add quadspi
2025-08-09 18:57:04,103 [INFO] IPUIPlugin:80 - create IPUIPlugin
2025-08-09 18:57:04,104 [INFO] PluginManager:220 - loadIPPluginJar : add radio
2025-08-09 18:57:04,107 [INFO] IPUIPlugin:80 - create IPUIPlugin
2025-08-09 18:57:04,107 [INFO] PluginManager:220 - loadIPPluginJar : add resmgrutility
2025-08-09 18:57:04,111 [INFO] IPUIPlugin:80 - create IPUIPlugin
2025-08-09 18:57:04,112 [INFO] PluginManager:220 - loadIPPluginJar : add sai
2025-08-09 18:57:04,114 [INFO] IPUIPlugin:80 - create IPUIPlugin
2025-08-09 18:57:04,114 [INFO] PluginManager:220 - loadIPPluginJar : add spi
2025-08-09 18:57:04,119 [INFO] IPUIPlugin:80 - create IPUIPlugin
2025-08-09 18:57:04,120 [INFO] PluginManager:220 - loadIPPluginJar : add stm32_wpan
2025-08-09 18:57:04,122 [INFO] IPUIPlugin:80 - create IPUIPlugin
2025-08-09 18:57:04,122 [INFO] PluginManager:220 - loadIPPluginJar : add tim
2025-08-09 18:57:04,125 [INFO] IPUIPlugin:80 - create IPUIPlugin
2025-08-09 18:57:04,126 [INFO] PluginManager:220 - loadIPPluginJar : add touchsensing
2025-08-09 18:57:04,128 [INFO] IPUIPlugin:80 - create IPUIPlugin
2025-08-09 18:57:04,128 [INFO] PluginManager:220 - loadIPPluginJar : add tracer_emb
2025-08-09 18:57:04,131 [INFO] IPUIPlugin:80 - create IPUIPlugin
2025-08-09 18:57:04,131 [INFO] PluginManager:220 - loadIPPluginJar : add ts
2025-08-09 18:57:04,133 [INFO] IPUIPlugin:80 - create IPUIPlugin
2025-08-09 18:57:04,133 [INFO] PluginManager:220 - loadIPPluginJar : add tsc
2025-08-09 18:57:04,134 [INFO] IPUIPlugin:80 - create IPUIPlugin
2025-08-09 18:57:04,135 [INFO] PluginManager:220 - loadIPPluginJar : add ucpd
2025-08-09 18:57:04,137 [INFO] IPUIPlugin:80 - create IPUIPlugin
2025-08-09 18:57:04,137 [INFO] PluginManager:220 - loadIPPluginJar : add usart
2025-08-09 18:57:04,140 [INFO] IPUIPlugin:80 - create IPUIPlugin
2025-08-09 18:57:04,141 [INFO] PluginManager:220 - loadIPPluginJar : add usbx
2025-08-09 18:57:04,266 [INFO] CADModel:165 - CPN selected for project level
2025-08-09 18:57:04,266 [INFO] CADModel:114 - Register for checkConnection events
2025-08-09 18:57:04,266 [FATAL] Updater:334 - Updater called before beeing initialized
2025-08-09 18:57:04,266 [ERROR] CADModel:125 - Updater not yet initialized, retry later 
2025-08-09 18:57:04,380 [INFO] CADModel:165 - CPN selected for project level
2025-08-09 18:57:04,381 [INFO] CADModel:114 - Register for checkConnection events
2025-08-09 18:57:04,381 [FATAL] Updater:334 - Updater called before beeing initialized
2025-08-09 18:57:04,381 [ERROR] CADModel:125 - Updater not yet initialized, retry later 
2025-08-09 18:57:04,384 [FATAL] Updater:334 - Updater called before beeing initialized
2025-08-09 18:57:04,470 [FATAL] Updater:334 - Updater called before beeing initialized
2025-08-09 18:57:04,474 [INFO] DbMcusAds:53 - JSON generation date=Tue Jul 08 05:14:23 ART 2025 (1751962463582)
2025-08-09 18:57:04,474 [FATAL] Updater:334 - Updater called before beeing initialized
2025-08-09 18:57:04,500 [WARN] DetailPanel:346 - Failed to get advertising image, set to default
2025-08-09 18:57:04,569 [FATAL] Updater:334 - Updater called before beeing initialized
2025-08-09 18:57:04,571 [FATAL] Updater:334 - Updater called before beeing initialized
2025-08-09 18:57:04,571 [FATAL] Updater:334 - Updater called before beeing initialized
2025-08-09 18:57:04,571 [WARN] DetailPanel:346 - Failed to get advertising image, set to default
2025-08-09 18:57:04,572 [FATAL] Updater:334 - Updater called before beeing initialized
2025-08-09 18:57:04,608 [ERROR] Updater:1164 - MainUpdater not yet initialized. External WinMGr cannot be set.
2025-08-09 18:57:04,610 [INFO] Updater:1100 - Updater Version found : 6.12.1
2025-08-09 18:57:04,624 [INFO] ApplicationProperties:184 - Using Application install path: C:\ST\STM32CubeIDE_1.16.1\STM32CubeIDE\plugins\com.st.stm32cube.common.mx_6.12.1.202409122256
2025-08-09 18:57:04,839 [INFO] MainUpdater:2873 - connection check result : 10
2025-08-09 18:57:04,840 [INFO] MainUpdater:290 - Updater Check For Update Now.
2025-08-09 18:57:04,840 [INFO] MicroXplorer:498 - Change Database Version : DB.6.0.121
2025-08-09 18:57:04,845 [INFO] McuFinderGlobals:63 - Set McuFinder mode to 2 (CubeIDE integrated)
2025-08-09 18:57:04,845 [INFO] UserAuth:417 - Internet connection configuration mode: 1
2025-08-09 18:57:04,869 [INFO] JxBrowserEngine:152 - Initiate JxBrowser Engine with user profile folder
2025-08-09 18:57:05,062 [INFO] CheckServerUpdateThread:120 - End of CheckServer Thread
2025-08-09 18:57:05,447 [INFO] WebApp:167 - Instantiating new browser for Auth
2025-08-09 18:57:06,015 [INFO] WebApp:448 - Apply proxy settings
2025-08-09 18:57:06,016 [INFO] WebApp:533 - Chromium requires no authentication
2025-08-09 18:57:06,021 [INFO] WebApp:476 - Direct internet connection detected
2025-08-09 18:57:06,035 [INFO] WebApp:869 - Register for checkConnection events
2025-08-09 18:57:06,036 [INFO] WebApp:448 - Apply proxy settings
2025-08-09 18:57:06,036 [INFO] WebApp:533 - Chromium requires no authentication
2025-08-09 18:57:06,036 [INFO] WebApp:476 - Direct internet connection detected
2025-08-09 18:57:06,212 [INFO] WebApp:186 - Connection restablished
2025-08-09 18:57:06,279 [INFO] WebApp:220 - Starting web application
2025-08-09 18:57:06,280 [INFO] WebApp:578 - Web application path used C:\ST\STM32CubeIDE_1.16.1\STM32CubeIDE\plugins\com.st.stm32cube.common.mx_6.12.1.202409122256\db\plugins\mcufinder\reactClient1\index.html
2025-08-09 18:57:06,729 [WARN] PackLoader:240 - Cannot read IP mode file for STMicroelectronics.FP-SNS-MOTENVWB1.1.4.0
2025-08-09 18:57:06,740 [WARN] PackLoader:240 - Cannot read IP mode file for STMicroelectronics.FP-ATR-ASTRA1.2.0.2
2025-08-09 18:57:06,744 [WARN] PackLoader:240 - Cannot read IP mode file for STMicroelectronics.FP-ATR-ASTRA1.2.0.1
2025-08-09 18:57:06,761 [WARN] PackLoader:240 - Cannot read IP mode file for STMicroelectronics.X-CUBE-SMBUS.2.1.0
2025-08-09 18:57:06,775 [WARN] PackLoader:240 - Cannot read IP mode file for STMicroelectronics.X-CUBE-WB05N.1.1.0
2025-08-09 18:57:06,782 [ERROR] Engine:466 - C:\Users\nacho\.stm32cubemx\thirdparties\pdsc\STMicroelectronics.X-CUBE-ST60.1.0.0.pdsc: PDSC version is not supported
2025-08-09 18:57:06,828 [WARN] PackLoader:240 - Cannot read IP mode file for STMicroelectronics.X-CUBE-AZRTOS-F7.1.1.0
2025-08-09 18:57:06,943 [WARN] PackLoader:240 - Cannot read IP mode file for STMicroelectronics.X-CUBE-MEMS1.11.0.0
2025-08-09 18:57:06,950 [INFO] UserAuth:417 - Internet connection configuration mode: 1
2025-08-09 18:57:07,140 [WARN] PackLoader:240 - Cannot read IP mode file for STMicroelectronics.FP-SNS-FLIGHT1.5.0.2
2025-08-09 18:57:07,168 [WARN] PackLoader:240 - Cannot read IP mode file for STMicroelectronics.X-CUBE-AZRTOS-H7.3.4.0
2025-08-09 18:57:07,179 [WARN] PackLoader:240 - Cannot read IP mode file for STMicroelectronics.X-CUBE-DISPLAY.3.0.0
2025-08-09 18:57:07,187 [WARN] PackLoader:240 - Cannot read IP mode file for STMicroelectronics.X-CUBE-BLE1.7.0.0
2025-08-09 18:57:07,194 [WARN] PackLoader:240 - Cannot read IP mode file for STMicroelectronics.X-CUBE-NFC10.1.0.0
2025-08-09 18:57:07,203 [WARN] PackLoader:240 - Cannot read IP mode file for STMicroelectronics.X-CUBE-BLEMGR.4.0.0
2025-08-09 18:57:07,210 [WARN] PackLoader:240 - Cannot read IP mode file for emotas.I-CUBE-CANOPEN.1.3.0
2025-08-09 18:57:07,219 [WARN] PackLoader:240 - Cannot read IP mode file for STMicroelectronics.X-CUBE-BLEMGR.3.1.0
2025-08-09 18:57:07,229 [WARN] PackLoader:240 - Cannot read IP mode file for STMicroelectronics.X-CUBE-AI.10.0.0
2025-08-09 18:57:07,235 [ERROR] Engine:466 - C:\Users\nacho\.stm32cubemx\thirdparties\pdsc\STMicroelectronics.FP-SNS-STBOX1.2.1.0.pdsc: PDSC version is not supported
2025-08-09 18:57:07,240 [WARN] PackLoader:240 - Cannot read IP mode file for STMicroelectronics.FP-SNS-SMARTAG2.1.2.0
2025-08-09 18:57:07,244 [ERROR] Engine:466 - C:\Users\nacho\.stm32cubemx\thirdparties\pdsc\STMicroelectronics.FP-SNS-FLIGHT1.5.1.0.pdsc: PDSC version is not supported
2025-08-09 18:57:07,303 [WARN] PackLoader:240 - Cannot read IP mode file for STMicroelectronics.X-CUBE-MEMS1.11.1.0
2025-08-09 18:57:07,494 [INFO] LogOutputStream:77 - [STDOUT_REDIRECT] 1 : Invalid condition id : UX_CORESTACK_Condition cause : null
2025-08-09 18:57:07,496 [INFO] LogOutputStream:77 - [STDOUT_REDIRECT] 1 : Invalid condition id : UX_CORESTACK_Condition cause : null
2025-08-09 18:57:07,497 [INFO] LogOutputStream:77 - [STDOUT_REDIRECT] 1 : Invalid condition id : UX_CORESTACK_Condition cause : null
2025-08-09 18:57:07,498 [INFO] LogOutputStream:77 - [STDOUT_REDIRECT] 1 : Invalid condition id : UX_CORESTACK_Condition cause : null
2025-08-09 18:57:07,500 [INFO] LogOutputStream:77 - [STDOUT_REDIRECT] 1 : Invalid condition id : UX_CORESTACK_Condition cause : null
2025-08-09 18:57:07,504 [WARN] PackLoader:240 - Cannot read IP mode file for STMicroelectronics.X-CUBE-AZRTOS-WL.2.0.0
2025-08-09 18:57:07,511 [WARN] PackLoader:240 - Cannot read IP mode file for STMicroelectronics.FP-SNS-MOTENV1.5.0.0
2025-08-09 18:57:07,517 [WARN] PackLoader:240 - Cannot read IP mode file for wolfSSL.I-CUBE-wolfMQTT.1.19.0
2025-08-09 18:57:07,526 [WARN] PackLoader:240 - Cannot read IP mode file for WES.I-CUBE-Cesium.1.3.0
2025-08-09 18:57:07,533 [WARN] PackLoader:240 - Cannot read IP mode file for STMicroelectronics.X-CUBE-BLE2.3.3.0
2025-08-09 18:57:07,540 [WARN] PackLoader:240 - Cannot read IP mode file for STMicroelectronics.X-CUBE-NFC9.1.0.0
2025-08-09 18:57:07,545 [WARN] PackLoader:240 - Cannot read IP mode file for STMicroelectronics.X-CUBE-BLE1.7.1.0
2025-08-09 18:57:07,551 [WARN] PackLoader:240 - Cannot read IP mode file for STMicroelectronics.X-CUBE-TCPP.4.1.0
2025-08-09 18:57:07,560 [WARN] PackLoader:240 - Cannot read IP mode file for STMicroelectronics.X-CUBE-EEPRMA1.5.2.0
2025-08-09 18:57:07,566 [WARN] PackLoader:240 - Cannot read IP mode file for STMicroelectronics.X-CUBE-AI.10.1.0
2025-08-09 18:57:07,608 [WARN] PackLoader:240 - Cannot read IP mode file for STMicroelectronics.X-CUBE-MEMS1.11.2.0
2025-08-09 18:57:07,733 [WARN] PackLoader:240 - Cannot read IP mode file for STMicroelectronics.X-CUBE-AZRTOS-G0.1.1.0
2025-08-09 18:57:07,740 [WARN] PackLoader:240 - Cannot read IP mode file for STMicroelectronics.X-CUBE-SAFEA1.1.2.2
2025-08-09 18:57:07,747 [WARN] PackLoader:240 - Cannot read IP mode file for STMicroelectronics.X-CUBE-NFC4.3.0.0
2025-08-09 18:57:07,756 [WARN] PackLoader:240 - Cannot read IP mode file for EmbeddedOffice.I-CUBE-FS-RTOS.1.0.1
2025-08-09 18:57:07,756 [ERROR] ConditionMgr:805 - Attr not supported : Dmpu
2025-08-09 18:57:07,757 [ERROR] ConditionMgr:805 - Attr not supported : Dmpu
2025-08-09 18:57:07,757 [ERROR] ConditionMgr:805 - Attr not supported : Dmpu
2025-08-09 18:57:07,757 [ERROR] ConditionMgr:805 - Attr not supported : Dmpu
2025-08-09 18:57:07,757 [ERROR] ConditionMgr:805 - Attr not supported : Dmpu
2025-08-09 18:57:07,757 [ERROR] ConditionMgr:805 - Attr not supported : Dmpu
2025-08-09 18:57:07,757 [ERROR] ConditionMgr:805 - Attr not supported : Dmpu
2025-08-09 18:57:07,757 [ERROR] ConditionMgr:805 - Attr not supported : Dmpu
2025-08-09 18:57:07,757 [ERROR] ConditionMgr:805 - Attr not supported : Dmpu
2025-08-09 18:57:07,758 [ERROR] ConditionMgr:805 - Attr not supported : Dmpu
2025-08-09 18:57:07,758 [ERROR] ConditionMgr:805 - Attr not supported : Dmpu
2025-08-09 18:57:07,758 [ERROR] ConditionMgr:805 - Attr not supported : Dmpu
2025-08-09 18:57:07,758 [ERROR] ConditionMgr:805 - Attr not supported : Dmpu
2025-08-09 18:57:07,758 [ERROR] ConditionMgr:805 - Attr not supported : Dmpu
2025-08-09 18:57:07,758 [ERROR] ConditionMgr:805 - Attr not supported : Dmpu
2025-08-09 18:57:07,758 [ERROR] ConditionMgr:805 - Attr not supported : Dmpu
2025-08-09 18:57:07,758 [ERROR] ConditionMgr:805 - Attr not supported : Dmpu
2025-08-09 18:57:07,759 [ERROR] ConditionMgr:805 - Attr not supported : Dmpu
2025-08-09 18:57:07,759 [ERROR] ConditionMgr:805 - Attr not supported : Dmpu
2025-08-09 18:57:07,759 [ERROR] ConditionMgr:805 - Attr not supported : Dmpu
2025-08-09 18:57:07,759 [ERROR] ConditionMgr:805 - Attr not supported : Dmpu
2025-08-09 18:57:07,759 [ERROR] ConditionMgr:805 - Attr not supported : Dmpu
2025-08-09 18:57:07,759 [ERROR] ConditionMgr:805 - Attr not supported : Dmpu
2025-08-09 18:57:07,759 [ERROR] ConditionMgr:805 - Attr not supported : Dmpu
2025-08-09 18:57:07,759 [ERROR] ConditionMgr:805 - Attr not supported : Dmpu
2025-08-09 18:57:07,759 [ERROR] ConditionMgr:805 - Attr not supported : Dmpu
2025-08-09 18:57:07,760 [ERROR] ConditionMgr:805 - Attr not supported : Dmpu
2025-08-09 18:57:07,760 [ERROR] ConditionMgr:805 - Attr not supported : Dmpu
2025-08-09 18:57:07,760 [ERROR] ConditionMgr:805 - Attr not supported : Dmpu
2025-08-09 18:57:07,760 [ERROR] ConditionMgr:805 - Attr not supported : Dmpu
2025-08-09 18:57:07,760 [ERROR] ConditionMgr:805 - Attr not supported : Dmpu
2025-08-09 18:57:07,760 [ERROR] ConditionMgr:805 - Attr not supported : Dmpu
2025-08-09 18:57:07,760 [ERROR] ConditionMgr:805 - Attr not supported : Dmpu
2025-08-09 18:57:07,760 [ERROR] ConditionMgr:805 - Attr not supported : Dmpu
2025-08-09 18:57:07,760 [ERROR] ConditionMgr:805 - Attr not supported : Dmpu
2025-08-09 18:57:07,760 [ERROR] ConditionMgr:805 - Attr not supported : Dmpu
2025-08-09 18:57:07,761 [ERROR] ConditionMgr:805 - Attr not supported : Dmpu
2025-08-09 18:57:07,761 [ERROR] ConditionMgr:805 - Attr not supported : Dmpu
2025-08-09 18:57:07,761 [ERROR] ConditionMgr:805 - Attr not supported : Dmpu
2025-08-09 18:57:07,761 [ERROR] ConditionMgr:805 - Attr not supported : Dmpu
2025-08-09 18:57:07,761 [ERROR] ConditionMgr:805 - Attr not supported : Dmpu
2025-08-09 18:57:07,761 [ERROR] ConditionMgr:805 - Attr not supported : Dmpu
2025-08-09 18:57:07,761 [ERROR] ConditionMgr:805 - Attr not supported : Dmpu
2025-08-09 18:57:07,761 [ERROR] ConditionMgr:805 - Attr not supported : Dmpu
2025-08-09 18:57:07,761 [ERROR] ConditionMgr:805 - Attr not supported : Dmpu
2025-08-09 18:57:07,761 [ERROR] ConditionMgr:805 - Attr not supported : Dmpu
2025-08-09 18:57:07,761 [ERROR] ConditionMgr:805 - Attr not supported : Dmpu
2025-08-09 18:57:07,761 [ERROR] ConditionMgr:805 - Attr not supported : Dmpu
2025-08-09 18:57:07,761 [ERROR] ConditionMgr:805 - Attr not supported : Dmpu
2025-08-09 18:57:07,761 [ERROR] ConditionMgr:805 - Attr not supported : Dmpu
2025-08-09 18:57:07,761 [ERROR] ConditionMgr:805 - Attr not supported : Dmpu
2025-08-09 18:57:07,761 [ERROR] ConditionMgr:805 - Attr not supported : Dmpu
2025-08-09 18:57:07,761 [ERROR] ConditionMgr:805 - Attr not supported : Dmpu
2025-08-09 18:57:07,761 [ERROR] ConditionMgr:805 - Attr not supported : Dmpu
2025-08-09 18:57:07,761 [ERROR] ConditionMgr:805 - Attr not supported : Dmpu
2025-08-09 18:57:07,762 [ERROR] ConditionMgr:805 - Attr not supported : Dmpu
2025-08-09 18:57:07,762 [ERROR] ConditionMgr:805 - Attr not supported : Dmpu
2025-08-09 18:57:07,762 [ERROR] ConditionMgr:805 - Attr not supported : Dmpu
2025-08-09 18:57:07,762 [ERROR] ConditionMgr:805 - Attr not supported : Dmpu
2025-08-09 18:57:07,762 [ERROR] ConditionMgr:805 - Attr not supported : Dmpu
2025-08-09 18:57:07,762 [ERROR] ConditionMgr:805 - Attr not supported : Dmpu
2025-08-09 18:57:07,762 [ERROR] ConditionMgr:805 - Attr not supported : Dmpu
2025-08-09 18:57:07,762 [ERROR] ConditionMgr:805 - Attr not supported : Dmpu
2025-08-09 18:57:07,762 [ERROR] ConditionMgr:805 - Attr not supported : Dmpu
2025-08-09 18:57:07,767 [WARN] PackLoader:240 - Cannot read IP mode file for STMicroelectronics.X-CUBE-WB05N.2.0.0
2025-08-09 18:57:07,772 [ERROR] Engine:466 - C:\Users\nacho\.stm32cubemx\thirdparties\pdsc\STMicroelectronics.X-CUBE-TCPP.4.2.0.pdsc: PDSC version is not supported
2025-08-09 18:57:07,777 [WARN] PackLoader:240 - Cannot read IP mode file for RealThread.X-CUBE-RT-Thread_Nano.4.1.1
2025-08-09 18:57:07,781 [WARN] PackLoader:240 - Cannot read IP mode file for STMicroelectronics.FP-ATR-SIGFOX1.3.2.0
2025-08-09 18:57:07,788 [WARN] ConditionMgr:438 - getConditionDescription Invalid condition id : Cortex-A Device cause : null
2025-08-09 18:57:07,819 [WARN] ConditionMgr:1039 - genDependencies : Invalid condition id : Cortex-A Device cause : null
2025-08-09 18:57:07,820 [WARN] ConditionMgr:1039 - genDependencies : Invalid condition id : Cortex-A Device cause : null
2025-08-09 18:57:07,820 [WARN] ConditionMgr:1039 - genDependencies : Invalid condition id : Cortex-A Device cause : null
2025-08-09 18:57:07,825 [WARN] PackLoader:240 - Cannot read IP mode file for STMicroelectronics.X-CUBE-EEPRMA1.5.1.0
2025-08-09 18:57:07,832 [WARN] PackLoader:240 - Cannot read IP mode file for wolfSSL.I-CUBE-wolfSSL.5.7.4
2025-08-09 18:57:07,839 [WARN] PackLoader:240 - Cannot read IP mode file for ITTIA_DB.I-CUBE-ITTIADB.8.9.0
2025-08-09 18:57:07,844 [ERROR] Engine:466 - C:\Users\nacho\.stm32cubemx\thirdparties\pdsc\STMicroelectronics.X-CUBE-ST67W61.1.0.0.pdsc: PDSC version is not supported
2025-08-09 18:57:07,853 [WARN] PackLoader:240 - Cannot read IP mode file for STMicroelectronics.X-CUBE-AI.10.2.0
2025-08-09 18:57:07,891 [WARN] PackLoader:240 - Cannot read IP mode file for SEGGER.I-CUBE-embOS.1.3.1
2025-08-09 18:57:07,925 [WARN] PackLoader:240 - Cannot read IP mode file for STMicroelectronics.X-CUBE-ALGOBUILD.1.4.0
2025-08-09 18:57:07,968 [WARN] PackLoader:240 - Cannot read IP mode file for STMicroelectronics.X-CUBE-MEMS1.11.3.0
2025-08-09 18:57:08,058 [WARN] PackLoader:240 - Cannot read IP mode file for STMicroelectronics.X-CUBE-AI.9.1.0
2025-08-09 18:57:08,062 [WARN] PackLoader:240 - Cannot read IP mode file for STMicroelectronics.X-CUBE-PM33A1.1.0.0
2025-08-09 18:57:08,076 [WARN] PackLoader:240 - Cannot read IP mode file for STMicroelectronics.X-CUBE-AZRTOS-F4.1.1.0
2025-08-09 18:57:08,080 [ERROR] Engine:466 - C:\Users\nacho\.stm32cubemx\thirdparties\pdsc\Avnet-IotConnect.X-CUBE-IoTC-DA16k-PMOD.1.0.0.pdsc: PDSC version is not supported
2025-08-09 18:57:08,084 [WARN] PackLoader:240 - Cannot read IP mode file for STMicroelectronics.X-CUBE-ISPU.2.1.0
2025-08-09 18:57:08,088 [WARN] PackLoader:240 - Cannot read IP mode file for STMicroelectronics.X-CUBE-FREERTOS.1.2.0
2025-08-09 18:57:08,095 [WARN] PackLoader:240 - Cannot read IP mode file for STMicroelectronics.X-CUBE-NFC12.1.0.0
2025-08-09 18:57:08,109 [WARN] PackLoader:240 - Cannot read IP mode file for STMicroelectronics.X-CUBE-AZRTOS-L5.2.0.0
2025-08-09 18:57:08,117 [WARN] PackLoader:240 - Cannot read IP mode file for STMicroelectronics.X-CUBE-NFC6.3.1.0
2025-08-09 18:57:08,123 [WARN] PackLoader:240 - Cannot read IP mode file for STMicroelectronics.X-CUBE-DPower.1.2.0
2025-08-09 18:57:08,129 [WARN] PackLoader:240 - Cannot read IP mode file for STMicroelectronics.X-CUBE-FREERTOS.1.3.1
2025-08-09 18:57:08,134 [WARN] PackLoader:240 - Cannot read IP mode file for STMicroelectronics.X-CUBE-FREERTOS.1.3.0
2025-08-09 18:57:08,138 [WARN] PackLoader:240 - Cannot read IP mode file for STMicroelectronics.X-CUBE-NFC7.1.0.1
2025-08-09 18:57:08,141 [ERROR] Engine:466 - C:\Users\nacho\.stm32cubemx\thirdparties\pdsc\STMicroelectronics.FP-SNS-STAIOTCFT.1.0.0.pdsc: PDSC version is not supported
2025-08-09 18:57:08,145 [WARN] PackLoader:240 - Cannot read IP mode file for STMicroelectronics.X-CUBE-DPower.1.3.0
2025-08-09 18:57:08,158 [WARN] ConditionMgr:438 - getConditionDescription Invalid condition id : LAN8742 Phy interface Condition cause : null
2025-08-09 18:57:08,159 [WARN] PackLoader:240 - Cannot read IP mode file for STMicroelectronics.X-CUBE-AZRTOS-L4.2.0.0
2025-08-09 18:57:08,160 [WARN] ConditionMgr:1039 - genDependencies : Invalid condition id : LAN8742 Phy interface Condition cause : null
2025-08-09 18:57:08,161 [WARN] ConditionMgr:1039 - genDependencies : Invalid condition id : LAN8742 Phy interface Condition cause : null
2025-08-09 18:57:08,161 [WARN] ConditionMgr:1039 - genDependencies : Invalid condition id : LAN8742 Phy interface Condition cause : null
2025-08-09 18:57:08,168 [WARN] PackLoader:240 - Cannot read IP mode file for STMicroelectronics.X-CUBE-SFXS2LP1.4.0.0
2025-08-09 18:57:08,189 [WARN] PackLoader:240 - Cannot read IP mode file for STMicroelectronics.X-CUBE-AZRTOS-H7.3.3.0
2025-08-09 18:57:08,196 [ERROR] Engine:466 - C:\Users\nacho\.stm32cubemx\thirdparties\pdsc\STMicroelectronics.X-CUBE-BLEMGR.4.1.0.pdsc: PDSC version is not supported
2025-08-09 18:57:08,204 [WARN] PackLoader:240 - Cannot read IP mode file for STMicroelectronics.X-CUBE-IPS.3.0.0
2025-08-09 18:57:08,218 [WARN] ConditionMgr:438 - getConditionDescription Invalid condition id : UX DEVICE CLASS RTOS Condition cause : null
2025-08-09 18:57:08,218 [WARN] ConditionMgr:438 - getConditionDescription Invalid condition id : UX DEVICE CLASS RTOS Condition cause : null
2025-08-09 18:57:08,219 [WARN] PackLoader:240 - Cannot read IP mode file for STMicroelectronics.X-CUBE-AZRTOS-WB.2.0.0
2025-08-09 18:57:08,220 [WARN] ConditionMgr:1039 - genDependencies : Invalid condition id : UX DEVICE CLASS RTOS Condition cause : null
2025-08-09 18:57:08,220 [WARN] ConditionMgr:1039 - genDependencies : Invalid condition id : UX DEVICE CLASS RTOS Condition cause : null
2025-08-09 18:57:08,220 [WARN] ConditionMgr:1039 - genDependencies : Invalid condition id : UX DEVICE CLASS RTOS Condition cause : null
2025-08-09 18:57:08,220 [WARN] ConditionMgr:1039 - genDependencies : Invalid condition id : UX DEVICE CLASS RTOS Condition cause : null
2025-08-09 18:57:08,220 [WARN] ConditionMgr:1039 - genDependencies : Invalid condition id : UX DEVICE CLASS RTOS Condition cause : null
2025-08-09 18:57:08,226 [WARN] PackLoader:240 - Cannot read IP mode file for STMicroelectronics.X-CUBE-GNSS1.7.0.0
2025-08-09 18:57:08,230 [WARN] PackLoader:240 - Cannot read IP mode file for STMicroelectronics.X-CUBE-GNSS1.7.0.1
2025-08-09 18:57:08,235 [WARN] PackLoader:240 - Cannot read IP mode file for STMicroelectronics.X-CUBE-TOUCHGFX.4.25.0
2025-08-09 18:57:08,241 [WARN] PackLoader:240 - Cannot read IP mode file for STMicroelectronics.FP-SNS-STBOX1.2.0.0
2025-08-09 18:57:08,249 [WARN] PackLoader:240 - Cannot read IP mode file for STMicroelectronics.X-CUBE-SUBG2.5.0.0
2025-08-09 18:57:08,266 [WARN] PackLoader:240 - Cannot read IP mode file for STMicroelectronics.X-CUBE-AZRTOS-H7RS.1.1.0
2025-08-09 18:57:08,272 [WARN] PackLoader:240 - Cannot read IP mode file for Cesanta.I-CUBE-Mongoose.7.13.0
2025-08-09 18:57:08,282 [WARN] PackLoader:240 - Cannot read IP mode file for STMicroelectronics.X-CUBE-AZRTOS-G4.2.0.0
2025-08-09 18:57:08,288 [WARN] PackLoader:240 - Cannot read IP mode file for STMicroelectronics.X-CUBE-NFC7.2.0.0
2025-08-09 18:57:08,293 [ERROR] Engine:466 - C:\Users\nacho\.stm32cubemx\thirdparties\pdsc\STMicroelectronics.X-CUBE-IPS.3.1.0.pdsc: PDSC version is not supported
2025-08-09 18:57:08,297 [WARN] PackLoader:240 - Cannot read IP mode file for STMicroelectronics.X-CUBE-ALS.1.0.2
2025-08-09 18:57:08,301 [WARN] PackLoader:240 - Cannot read IP mode file for STMicroelectronics.X-CUBE-TOUCHGFX.4.24.2
2025-08-09 18:57:08,304 [WARN] PackLoader:240 - Cannot read IP mode file for STMicroelectronics.X-CUBE-TOUCHGFX.4.24.1
2025-08-09 18:57:08,307 [WARN] PackLoader:240 - Cannot read IP mode file for wolfSSL.I-CUBE-wolfTPM.3.4.0
2025-08-09 18:57:08,312 [WARN] PackLoader:240 - Cannot read IP mode file for portGmbH.I-Cube-SoM-uGOAL.1.1.0
2025-08-09 18:57:08,328 [WARN] PackLoader:240 - Cannot read IP mode file for STMicroelectronics.X-CUBE-AZRTOS-H7RS.1.0.0
2025-08-09 18:57:08,341 [WARN] PackLoader:240 - Cannot read IP mode file for STMicroelectronics.X-CUBE-TOF1.3.4.2
2025-08-09 18:57:08,356 [ERROR] Engine:466 - C:\Users\nacho\.stm32cubemx\thirdparties\pdsc\STMicroelectronics.X-CUBE-TOF1.3.4.3.pdsc: PDSC version is not supported
2025-08-09 18:57:08,372 [WARN] PackLoader:240 - Cannot read IP mode file for Infineon.AIROC-Wi-Fi-Bluetooth-STM32.1.6.1
2025-08-09 18:57:08,379 [WARN] PackLoader:240 - Cannot read IP mode file for wolfSSL.I-CUBE-wolfSSH.1.4.17
2025-08-09 18:57:08,380 [INFO] ThirdParty:978 - Integrity check success = true
2025-08-09 18:57:08,380 [INFO] IntegrityCheckThread:100 - exiting critical section [integrity check]
2025-08-09 18:57:08,380 [INFO] IntegrityCheckThread:103 - End integrity checks thread
2025-08-09 18:57:24,638 [ERROR] LogOutputStream:75 - [STDERR_REDIRECT] 
2025-08-09 18:57:33,494 [INFO] Activator:176 - 


2025-08-09 18:57:33,509 [INFO] Activator:177 - !SESSION log4j initialized
2025-08-09 18:57:35,888 [INFO] LogOutputStream:77 - [STDOUT_REDIRECT] 
2025-08-09 18:57:37,365 [INFO] ApplicationProperties:184 - Using Application install path: C:\ST\STM32CubeIDE_1.16.1\STM32CubeIDE\plugins\com.st.stm32cube.common.mx_6.12.1.202409122256
2025-08-09 18:57:37,380 [INFO] DbMcusXml:78 - Set database path to: C:\ST\STM32CubeIDE_1.16.1\STM32CubeIDE\plugins\com.st.stm32cube.common.mx_6.12.1.202409122256\\db\/mcu/
2025-08-09 18:57:37,380 [INFO] ApiDb:274 - Set plugin database path to: C:\ST\STM32CubeIDE_1.16.1\STM32CubeIDE\plugins\com.st.stm32cube.common.mx_6.12.1.202409122256\\db\/plugins/boardmanager/
2025-08-09 18:57:37,381 [WARN] ApiDb:259 - Overriding images path with different value:  => C:\ST\STM32CubeIDE_1.16.1\STM32CubeIDE\plugins\com.st.stm32cube.common.mx_6.12.1.202409122256\\db\/plugins/mcufinder/images/
2025-08-09 18:57:37,386 [INFO] ApiDb:250 - Set database path to: C:\Users\nacho\.stmcufinder\plugins\mcufinder//mcu/
2025-08-09 18:57:37,387 [INFO] DbMcusAds:125 - Set database path to: C:\Users\nacho\.stmcufinder\plugins\mcufinder//mcu/
2025-08-09 18:57:37,389 [INFO] CrossReferenceDbSqlite:203 - Set database path to: C:\Users\nacho\.stmcufinder\plugins\mcufinder//mcu/cs/
2025-08-09 18:57:37,494 [INFO] RulesReader:64 - Compatibility file has been processed (297 Rules)
2025-08-09 18:57:37,567 [INFO] DbMcusXml:78 - Set database path to: C:\ST\STM32CubeIDE_1.16.1\STM32CubeIDE\plugins\com.st.stm32cube.common.mx_6.12.1.202409122256\\db\/mcu/
2025-08-09 18:57:37,567 [INFO] ApiDb:274 - Set plugin database path to: C:\ST\STM32CubeIDE_1.16.1\STM32CubeIDE\plugins\com.st.stm32cube.common.mx_6.12.1.202409122256\\db\/plugins/boardmanager/
2025-08-09 18:57:37,567 [INFO] ApiDb:261 - Set plugin images path to: C:\ST\STM32CubeIDE_1.16.1\STM32CubeIDE\plugins\com.st.stm32cube.common.mx_6.12.1.202409122256\\db\/plugins/mcufinder/images/
2025-08-09 18:57:37,567 [WARN] DbFile:41 - Overriding database path with different value: C:\Users\nacho\.stmcufinder\plugins\mcufinder/ => C:\Users\nacho\.stmcufinder\plugins\mcufinder
2025-08-09 18:57:37,567 [INFO] ApiDb:250 - Set database path to: C:\Users\nacho\.stmcufinder\plugins\mcufinder//mcu/
2025-08-09 18:57:37,567 [WARN] DbFile:41 - Overriding database path with different value: C:\Users\nacho\.stmcufinder\plugins\mcufinder/ => C:\Users\nacho\.stmcufinder\plugins\mcufinder
2025-08-09 18:57:37,567 [INFO] DbMcusAds:125 - Set database path to: C:\Users\nacho\.stmcufinder\plugins\mcufinder//mcu/
2025-08-09 18:57:37,567 [WARN] DbFile:41 - Overriding database path with different value: C:\Users\nacho\.stmcufinder\plugins\mcufinder/ => C:\Users\nacho\.stmcufinder\plugins\mcufinder
2025-08-09 18:57:37,568 [WARN] DbFile:41 - Overriding database path with different value: C:\Users\nacho\.stmcufinder\plugins\mcufinder/ => C:\Users\nacho\.stmcufinder\plugins\mcufinder
2025-08-09 18:57:37,568 [INFO] CrossReferenceDbSqlite:203 - Set database path to: C:\Users\nacho\.stmcufinder\plugins\mcufinder//mcu/cs/
2025-08-09 18:57:37,634 [INFO] MainPanel:268 - HeapMemory: 268435456
2025-08-09 18:57:37,711 [INFO] DbMcusXml:78 - Set database path to: C:\ST\STM32CubeIDE_1.16.1\STM32CubeIDE\plugins\com.st.stm32cube.common.mx_6.12.1.202409122256\\db\/mcu/
2025-08-09 18:57:37,711 [INFO] ApiDb:274 - Set plugin database path to: C:\ST\STM32CubeIDE_1.16.1\STM32CubeIDE\plugins\com.st.stm32cube.common.mx_6.12.1.202409122256\\db\/plugins/boardmanager/
2025-08-09 18:57:37,711 [INFO] ApiDb:261 - Set plugin images path to: C:\ST\STM32CubeIDE_1.16.1\STM32CubeIDE\plugins\com.st.stm32cube.common.mx_6.12.1.202409122256\\db\/plugins/mcufinder/images/
2025-08-09 18:57:37,712 [WARN] DbFile:41 - Overriding database path with different value: C:\Users\nacho\.stmcufinder\plugins\mcufinder/ => C:\Users\nacho\.stmcufinder\plugins\mcufinder
2025-08-09 18:57:37,712 [INFO] ApiDb:250 - Set database path to: C:\Users\nacho\.stmcufinder\plugins\mcufinder//mcu/
2025-08-09 18:57:37,712 [WARN] DbFile:41 - Overriding database path with different value: C:\Users\nacho\.stmcufinder\plugins\mcufinder/ => C:\Users\nacho\.stmcufinder\plugins\mcufinder
2025-08-09 18:57:37,712 [INFO] DbMcusAds:125 - Set database path to: C:\Users\nacho\.stmcufinder\plugins\mcufinder//mcu/
2025-08-09 18:57:37,712 [WARN] DbFile:41 - Overriding database path with different value: C:\Users\nacho\.stmcufinder\plugins\mcufinder/ => C:\Users\nacho\.stmcufinder\plugins\mcufinder
2025-08-09 18:57:37,712 [WARN] DbFile:41 - Overriding database path with different value: C:\Users\nacho\.stmcufinder\plugins\mcufinder/ => C:\Users\nacho\.stmcufinder\plugins\mcufinder
2025-08-09 18:57:37,712 [INFO] CrossReferenceDbSqlite:203 - Set database path to: C:\Users\nacho\.stmcufinder\plugins\mcufinder//mcu/cs/
2025-08-09 18:57:37,726 [INFO] ApplicationProperties:184 - Using Application install path: C:\ST\STM32CubeIDE_1.16.1\STM32CubeIDE\plugins\com.st.stm32cube.common.mx_6.12.1.202409122256
2025-08-09 18:57:37,728 [INFO] PluginManage:196 - Search for loadable plugins [exclusion list=, ]
2025-08-09 18:57:37,729 [INFO] PluginManage:310 - Check plugin analytics
2025-08-09 18:57:37,894 [INFO] AnalyticsPlugin:253 - Accepted Software Licenses: STM32CubeMX.6.12.1
2025-08-09 18:57:37,895 [INFO] AnalyticsPlugin:255 - Accepted CMSIS Pack Licenses: 
2025-08-09 18:57:37,895 [INFO] AnalyticsPlugin:257 - Accepted Firmware Licenses: FW.WL.1.3.0
2025-08-09 18:57:37,899 [INFO] PluginManage:359 - Loaded plugin analytics (category:tool,tabindex:-1)
2025-08-09 18:57:37,899 [INFO] PluginManage:310 - Check plugin cadmodel
2025-08-09 18:57:37,903 [INFO] CADModel:105 - Init CAD model plugin
2025-08-09 18:57:37,904 [INFO] PluginManage:359 - Loaded plugin cadmodel (category:power,tabindex:5)
2025-08-09 18:57:37,904 [INFO] PluginManage:310 - Check plugin clock
2025-08-09 18:57:37,912 [INFO] PluginManage:359 - Loaded plugin clock (category:base,tabindex:2)
2025-08-09 18:57:37,912 [INFO] PluginManage:310 - Check plugin ddr
2025-08-09 18:57:37,915 [INFO] PluginManage:359 - Loaded plugin ddr (category:tool,tabindex:6)
2025-08-09 18:57:37,915 [INFO] PluginManage:310 - Check plugin filemanager
2025-08-09 18:57:38,102 [INFO] PluginManage:359 - Loaded plugin filemanager (category:base,tabindex:10)
2025-08-09 18:57:38,103 [INFO] PluginManage:310 - Check plugin ipmanager
2025-08-09 18:57:38,109 [INFO] PluginManage:359 - Loaded plugin ipmanager (category:base,tabindex:5)
2025-08-09 18:57:38,109 [INFO] PluginManage:310 - Check plugin lpbam
2025-08-09 18:57:38,117 [INFO] PluginManage:359 - Loaded plugin lpbam (category:base,tabindex:0)
2025-08-09 18:57:38,117 [INFO] PluginManage:310 - Check plugin memorymap
2025-08-09 18:57:38,126 [INFO] PluginManage:359 - Loaded plugin memorymap (category:base,tabindex:4)
2025-08-09 18:57:38,127 [INFO] PluginManage:310 - Check plugin pinoutandconfiguration
2025-08-09 18:57:38,132 [INFO] PluginManage:359 - Loaded plugin pinoutandconfiguration (category:base,tabindex:1)
2025-08-09 18:57:38,132 [INFO] PluginManage:310 - Check plugin pinoutconfig
2025-08-09 18:57:38,206 [WARN] SupportedApi:132 - Cannot load RTOS API schema: s4s-elt-must-match.1: The content of 'definitions' must match (annotation?, (simpleType | complexType)?, (unique | key | keyref)*)). A problem was found starting at: attribute.
2025-08-09 18:57:38,323 [INFO] PluginManage:359 - Loaded plugin pinoutconfig (category:base,tabindex:0)
2025-08-09 18:57:38,323 [INFO] PluginManage:310 - Check plugin power
2025-08-09 18:57:38,331 [INFO] PluginManage:359 - Loaded plugin power (category:power,tabindex:4)
2025-08-09 18:57:38,331 [INFO] PluginManage:310 - Check plugin projectmanager
2025-08-09 18:57:38,347 [INFO] PluginManage:359 - Loaded plugin projectmanager (category:projectmanager,tabindex:4)
2025-08-09 18:57:38,347 [INFO] PluginManage:310 - Check plugin rif
2025-08-09 18:57:38,352 [INFO] PluginManage:359 - Loaded plugin rif (category:base,tabindex:3)
2025-08-09 18:57:38,352 [INFO] PluginManage:310 - Check plugin thirdparty
2025-08-09 18:57:38,459 [INFO] PluginManage:359 - Loaded plugin thirdparty (category:base,tabindex:-1)
2025-08-09 18:57:38,459 [INFO] PluginManage:310 - Check plugin tools
2025-08-09 18:57:38,459 [WARN] IntegrityCheckThread:84 - waiting for thirdparty lock release [integrity check]
2025-08-09 18:57:38,459 [INFO] IntegrityCheckThread:86 - entering critical section [integrity check]
2025-08-09 18:57:38,460 [INFO] ThirdPartyUpdaterWithRetryManager:70 - Updater plugin not ready yet. [1/15]
2025-08-09 18:57:38,462 [INFO] PluginManage:359 - Loaded plugin tools (category:base,tabindex:7)
2025-08-09 18:57:38,462 [INFO] PluginManage:310 - Check plugin tutovideos
2025-08-09 18:57:38,643 [INFO] PluginManage:359 - Loaded plugin tutovideos (category:base,tabindex:-1)
2025-08-09 18:57:38,643 [INFO] PluginManage:310 - Check plugin updater
2025-08-09 18:57:38,657 [INFO] PluginManage:359 - Loaded plugin updater (category:base,tabindex:12)
2025-08-09 18:57:38,657 [INFO] PluginManage:310 - Check plugin userauth
2025-08-09 18:57:38,662 [INFO] UserAuth:113 - Init User Auth plugin
2025-08-09 18:57:38,662 [INFO] PluginManage:359 - Loaded plugin userauth (category:base,tabindex:14)
2025-08-09 18:57:38,663 [INFO] PluginManage:283 - PluginManage : Loaded plugins [18]
2025-08-09 18:57:38,836 [INFO] PinOutPanel:1561 - setPackage(No Configuration,No Configuration)
2025-08-09 18:57:38,913 [INFO] CADModel:165 - CPN selected for project level
2025-08-09 18:57:38,913 [INFO] CADModel:114 - Register for checkConnection events
2025-08-09 18:57:38,927 [INFO] IPUIPlugin:80 - create IPUIPlugin
2025-08-09 18:57:38,928 [INFO] PluginManager:220 - loadIPPluginJar : add adc
2025-08-09 18:57:38,930 [INFO] IPUIPlugin:80 - create IPUIPlugin
2025-08-09 18:57:38,930 [INFO] PluginManager:220 - loadIPPluginJar : add aes
2025-08-09 18:57:38,932 [INFO] IPUIPlugin:80 - create IPUIPlugin
2025-08-09 18:57:38,932 [INFO] PluginManager:220 - loadIPPluginJar : add can
2025-08-09 18:57:38,933 [INFO] IPUIPlugin:80 - create IPUIPlugin
2025-08-09 18:57:38,934 [INFO] PluginManager:220 - loadIPPluginJar : add comp
2025-08-09 18:57:38,936 [INFO] IPUIPlugin:80 - create IPUIPlugin
2025-08-09 18:57:38,936 [INFO] PluginManager:220 - loadIPPluginJar : add cryp
2025-08-09 18:57:38,938 [INFO] IPUIPlugin:80 - create IPUIPlugin
2025-08-09 18:57:38,938 [INFO] PluginManager:220 - loadIPPluginJar : add ddr_ctrl_phy
2025-08-09 18:57:38,940 [INFO] IPUIPlugin:80 - create IPUIPlugin
2025-08-09 18:57:38,940 [INFO] PluginManager:220 - loadIPPluginJar : add dfsdm
2025-08-09 18:57:38,944 [INFO] IPUIPlugin:80 - create IPUIPlugin
2025-08-09 18:57:38,944 [INFO] PluginManager:220 - loadIPPluginJar : add dma
2025-08-09 18:57:38,947 [INFO] IPUIPlugin:80 - create IPUIPlugin
2025-08-09 18:57:38,947 [INFO] PluginManager:220 - loadIPPluginJar : add dma3
2025-08-09 18:57:38,949 [INFO] IPUIPlugin:80 - create IPUIPlugin
2025-08-09 18:57:38,949 [INFO] PluginManager:220 - loadIPPluginJar : add extmemmanager
2025-08-09 18:57:38,950 [INFO] IPUIPlugin:80 - create IPUIPlugin
2025-08-09 18:57:38,950 [INFO] PluginManager:220 - loadIPPluginJar : add fatfs
2025-08-09 18:57:38,954 [INFO] IPUIPlugin:80 - create IPUIPlugin
2025-08-09 18:57:38,954 [INFO] PluginManager:220 - loadIPPluginJar : add fmc
2025-08-09 18:57:38,959 [INFO] IPUIPlugin:80 - create IPUIPlugin
2025-08-09 18:57:38,959 [INFO] PluginManager:220 - loadIPPluginJar : add freertos
2025-08-09 18:57:38,960 [INFO] IPUIPlugin:80 - create IPUIPlugin
2025-08-09 18:57:38,960 [INFO] PluginManager:220 - loadIPPluginJar : add genericplugin
2025-08-09 18:57:38,962 [INFO] IPUIPlugin:80 - create IPUIPlugin
2025-08-09 18:57:38,962 [INFO] PluginManager:220 - loadIPPluginJar : add gfxmmu
2025-08-09 18:57:38,966 [INFO] IPUIPlugin:80 - create IPUIPlugin
2025-08-09 18:57:38,966 [INFO] PluginManager:220 - loadIPPluginJar : add gic
2025-08-09 18:57:38,970 [INFO] IPUIPlugin:80 - create IPUIPlugin
2025-08-09 18:57:38,970 [INFO] PluginManager:220 - loadIPPluginJar : add gpio
2025-08-09 18:57:38,971 [INFO] IPUIPlugin:80 - create IPUIPlugin
2025-08-09 18:57:38,971 [INFO] PluginManager:220 - loadIPPluginJar : add gtzc
2025-08-09 18:57:38,973 [INFO] IPUIPlugin:80 - create IPUIPlugin
2025-08-09 18:57:38,973 [INFO] PluginManager:220 - loadIPPluginJar : add hash
2025-08-09 18:57:38,976 [INFO] IPUIPlugin:80 - create IPUIPlugin
2025-08-09 18:57:38,976 [INFO] PluginManager:220 - loadIPPluginJar : add i2c
2025-08-09 18:57:38,977 [INFO] IPUIPlugin:80 - create IPUIPlugin
2025-08-09 18:57:38,977 [INFO] PluginManager:220 - loadIPPluginJar : add i2s
2025-08-09 18:57:38,980 [INFO] IPUIPlugin:80 - create IPUIPlugin
2025-08-09 18:57:38,980 [INFO] PluginManager:220 - loadIPPluginJar : add i3c
2025-08-09 18:57:38,984 [INFO] IPUIPlugin:80 - create IPUIPlugin
2025-08-09 18:57:38,984 [INFO] PluginManager:220 - loadIPPluginJar : add ipddr
2025-08-09 18:57:38,990 [INFO] IPUIPlugin:80 - create IPUIPlugin
2025-08-09 18:57:38,991 [INFO] PluginManager:220 - loadIPPluginJar : add linkedlist
2025-08-09 18:57:38,993 [INFO] IPUIPlugin:80 - create IPUIPlugin
2025-08-09 18:57:38,993 [INFO] PluginManager:220 - loadIPPluginJar : add lorawan
2025-08-09 18:57:38,994 [INFO] IPUIPlugin:80 - create IPUIPlugin
2025-08-09 18:57:38,994 [INFO] PluginManager:220 - loadIPPluginJar : add ltdc
2025-08-09 18:57:38,999 [INFO] IPUIPlugin:80 - create IPUIPlugin
2025-08-09 18:57:39,000 [INFO] PluginManager:220 - loadIPPluginJar : add mdma
2025-08-09 18:57:39,004 [INFO] IPUIPlugin:80 - create IPUIPlugin
2025-08-09 18:57:39,004 [INFO] PluginManager:220 - loadIPPluginJar : add nvic
2025-08-09 18:57:39,007 [INFO] IPUIPlugin:80 - create IPUIPlugin
2025-08-09 18:57:39,007 [INFO] PluginManager:220 - loadIPPluginJar : add opamp
2025-08-09 18:57:39,012 [INFO] IPUIPlugin:80 - create IPUIPlugin
2025-08-09 18:57:39,013 [INFO] PluginManager:220 - loadIPPluginJar : add openamp
2025-08-09 18:57:39,015 [INFO] IPUIPlugin:80 - create IPUIPlugin
2025-08-09 18:57:39,015 [INFO] PluginManager:220 - loadIPPluginJar : add pdm2pcm
2025-08-09 18:57:39,021 [INFO] IPUIPlugin:80 - create IPUIPlugin
2025-08-09 18:57:39,023 [INFO] PluginManager:220 - loadIPPluginJar : add plateformsettings
2025-08-09 18:57:39,024 [INFO] IPUIPlugin:80 - create IPUIPlugin
2025-08-09 18:57:39,025 [INFO] PluginManager:220 - loadIPPluginJar : add quadspi
2025-08-09 18:57:39,026 [INFO] IPUIPlugin:80 - create IPUIPlugin
2025-08-09 18:57:39,027 [INFO] PluginManager:220 - loadIPPluginJar : add radio
2025-08-09 18:57:39,030 [INFO] IPUIPlugin:80 - create IPUIPlugin
2025-08-09 18:57:39,030 [INFO] PluginManager:220 - loadIPPluginJar : add resmgrutility
2025-08-09 18:57:39,033 [INFO] IPUIPlugin:80 - create IPUIPlugin
2025-08-09 18:57:39,033 [INFO] PluginManager:220 - loadIPPluginJar : add sai
2025-08-09 18:57:39,035 [INFO] IPUIPlugin:80 - create IPUIPlugin
2025-08-09 18:57:39,035 [INFO] PluginManager:220 - loadIPPluginJar : add spi
2025-08-09 18:57:39,041 [INFO] IPUIPlugin:80 - create IPUIPlugin
2025-08-09 18:57:39,041 [INFO] PluginManager:220 - loadIPPluginJar : add stm32_wpan
2025-08-09 18:57:39,043 [INFO] IPUIPlugin:80 - create IPUIPlugin
2025-08-09 18:57:39,043 [INFO] PluginManager:220 - loadIPPluginJar : add tim
2025-08-09 18:57:39,046 [INFO] IPUIPlugin:80 - create IPUIPlugin
2025-08-09 18:57:39,046 [INFO] PluginManager:220 - loadIPPluginJar : add touchsensing
2025-08-09 18:57:39,047 [INFO] IPUIPlugin:80 - create IPUIPlugin
2025-08-09 18:57:39,048 [INFO] PluginManager:220 - loadIPPluginJar : add tracer_emb
2025-08-09 18:57:39,050 [INFO] IPUIPlugin:80 - create IPUIPlugin
2025-08-09 18:57:39,050 [INFO] PluginManager:220 - loadIPPluginJar : add ts
2025-08-09 18:57:39,053 [INFO] IPUIPlugin:80 - create IPUIPlugin
2025-08-09 18:57:39,053 [INFO] PluginManager:220 - loadIPPluginJar : add tsc
2025-08-09 18:57:39,055 [INFO] IPUIPlugin:80 - create IPUIPlugin
2025-08-09 18:57:39,055 [INFO] PluginManager:220 - loadIPPluginJar : add ucpd
2025-08-09 18:57:39,056 [INFO] IPUIPlugin:80 - create IPUIPlugin
2025-08-09 18:57:39,056 [INFO] PluginManager:220 - loadIPPluginJar : add usart
2025-08-09 18:57:39,059 [INFO] IPUIPlugin:80 - create IPUIPlugin
2025-08-09 18:57:39,059 [INFO] PluginManager:220 - loadIPPluginJar : add usbx
2025-08-09 18:57:39,183 [INFO] CADModel:165 - CPN selected for project level
2025-08-09 18:57:39,183 [INFO] CADModel:114 - Register for checkConnection events
2025-08-09 18:57:39,183 [FATAL] Updater:334 - Updater called before beeing initialized
2025-08-09 18:57:39,183 [ERROR] CADModel:125 - Updater not yet initialized, retry later 
2025-08-09 18:57:39,279 [INFO] CADModel:165 - CPN selected for project level
2025-08-09 18:57:39,279 [INFO] CADModel:114 - Register for checkConnection events
2025-08-09 18:57:39,279 [FATAL] Updater:334 - Updater called before beeing initialized
2025-08-09 18:57:39,279 [ERROR] CADModel:125 - Updater not yet initialized, retry later 
2025-08-09 18:57:39,282 [FATAL] Updater:334 - Updater called before beeing initialized
2025-08-09 18:57:39,366 [FATAL] Updater:334 - Updater called before beeing initialized
2025-08-09 18:57:39,370 [INFO] DbMcusAds:53 - JSON generation date=Tue Jul 08 05:14:23 ART 2025 (1751962463582)
2025-08-09 18:57:39,370 [FATAL] Updater:334 - Updater called before beeing initialized
2025-08-09 18:57:39,400 [WARN] DetailPanel:346 - Failed to get advertising image, set to default
2025-08-09 18:57:39,478 [FATAL] Updater:334 - Updater called before beeing initialized
2025-08-09 18:57:39,480 [FATAL] Updater:334 - Updater called before beeing initialized
2025-08-09 18:57:39,480 [FATAL] Updater:334 - Updater called before beeing initialized
2025-08-09 18:57:39,480 [WARN] DetailPanel:346 - Failed to get advertising image, set to default
2025-08-09 18:57:39,481 [FATAL] Updater:334 - Updater called before beeing initialized
2025-08-09 18:57:39,517 [ERROR] Updater:1164 - MainUpdater not yet initialized. External WinMGr cannot be set.
2025-08-09 18:57:39,518 [INFO] Updater:1100 - Updater Version found : 6.12.1
2025-08-09 18:57:39,533 [INFO] ApplicationProperties:184 - Using Application install path: C:\ST\STM32CubeIDE_1.16.1\STM32CubeIDE\plugins\com.st.stm32cube.common.mx_6.12.1.202409122256
2025-08-09 18:57:39,746 [INFO] MainUpdater:2873 - connection check result : 10
2025-08-09 18:57:39,747 [INFO] MainUpdater:290 - Updater Check For Update Now.
2025-08-09 18:57:39,747 [INFO] MicroXplorer:498 - Change Database Version : DB.6.0.121
2025-08-09 18:57:39,751 [INFO] McuFinderGlobals:63 - Set McuFinder mode to 2 (CubeIDE integrated)
2025-08-09 18:57:39,752 [INFO] UserAuth:417 - Internet connection configuration mode: 1
2025-08-09 18:57:39,769 [INFO] JxBrowserEngine:152 - Initiate JxBrowser Engine with user profile folder
2025-08-09 18:57:39,917 [INFO] CheckServerUpdateThread:120 - End of CheckServer Thread
2025-08-09 18:57:40,304 [INFO] WebApp:167 - Instantiating new browser for Auth
2025-08-09 18:57:40,869 [INFO] WebApp:448 - Apply proxy settings
2025-08-09 18:57:40,870 [INFO] WebApp:533 - Chromium requires no authentication
2025-08-09 18:57:40,875 [INFO] WebApp:476 - Direct internet connection detected
2025-08-09 18:57:40,891 [INFO] WebApp:869 - Register for checkConnection events
2025-08-09 18:57:40,891 [INFO] WebApp:448 - Apply proxy settings
2025-08-09 18:57:40,891 [INFO] WebApp:533 - Chromium requires no authentication
2025-08-09 18:57:40,892 [INFO] WebApp:476 - Direct internet connection detected
2025-08-09 18:57:41,017 [INFO] WebApp:220 - Starting web application
2025-08-09 18:57:41,018 [INFO] WebApp:578 - Web application path used C:\ST\STM32CubeIDE_1.16.1\STM32CubeIDE\plugins\com.st.stm32cube.common.mx_6.12.1.202409122256\db\plugins\mcufinder\reactClient1\index.html
2025-08-09 18:57:41,033 [INFO] WebApp:186 - Connection restablished
2025-08-09 18:57:41,649 [INFO] UserAuth:417 - Internet connection configuration mode: 1
2025-08-09 18:57:41,797 [WARN] PackLoader:240 - Cannot read IP mode file for STMicroelectronics.FP-SNS-MOTENVWB1.1.4.0
2025-08-09 18:57:41,809 [WARN] PackLoader:240 - Cannot read IP mode file for STMicroelectronics.FP-ATR-ASTRA1.2.0.2
2025-08-09 18:57:41,815 [WARN] PackLoader:240 - Cannot read IP mode file for STMicroelectronics.FP-ATR-ASTRA1.2.0.1
2025-08-09 18:57:41,829 [WARN] PackLoader:240 - Cannot read IP mode file for STMicroelectronics.X-CUBE-SMBUS.2.1.0
2025-08-09 18:57:41,844 [WARN] PackLoader:240 - Cannot read IP mode file for STMicroelectronics.X-CUBE-WB05N.1.1.0
2025-08-09 18:57:41,852 [ERROR] Engine:466 - C:\Users\nacho\.stm32cubemx\thirdparties\pdsc\STMicroelectronics.X-CUBE-ST60.1.0.0.pdsc: PDSC version is not supported
2025-08-09 18:57:41,903 [WARN] PackLoader:240 - Cannot read IP mode file for STMicroelectronics.X-CUBE-AZRTOS-F7.1.1.0
2025-08-09 18:57:42,008 [WARN] PackLoader:240 - Cannot read IP mode file for STMicroelectronics.X-CUBE-MEMS1.11.0.0
2025-08-09 18:57:42,181 [WARN] PackLoader:240 - Cannot read IP mode file for STMicroelectronics.FP-SNS-FLIGHT1.5.0.2
2025-08-09 18:57:42,204 [WARN] PackLoader:240 - Cannot read IP mode file for STMicroelectronics.X-CUBE-AZRTOS-H7.3.4.0
2025-08-09 18:57:42,215 [WARN] PackLoader:240 - Cannot read IP mode file for STMicroelectronics.X-CUBE-DISPLAY.3.0.0
2025-08-09 18:57:42,224 [WARN] PackLoader:240 - Cannot read IP mode file for STMicroelectronics.X-CUBE-BLE1.7.0.0
2025-08-09 18:57:42,231 [WARN] PackLoader:240 - Cannot read IP mode file for STMicroelectronics.X-CUBE-NFC10.1.0.0
2025-08-09 18:57:42,240 [WARN] PackLoader:240 - Cannot read IP mode file for STMicroelectronics.X-CUBE-BLEMGR.4.0.0
2025-08-09 18:57:42,248 [WARN] PackLoader:240 - Cannot read IP mode file for emotas.I-CUBE-CANOPEN.1.3.0
2025-08-09 18:57:42,257 [WARN] PackLoader:240 - Cannot read IP mode file for STMicroelectronics.X-CUBE-BLEMGR.3.1.0
2025-08-09 18:57:42,264 [WARN] PackLoader:240 - Cannot read IP mode file for STMicroelectronics.X-CUBE-AI.10.0.0
2025-08-09 18:57:42,268 [ERROR] Engine:466 - C:\Users\nacho\.stm32cubemx\thirdparties\pdsc\STMicroelectronics.FP-SNS-STBOX1.2.1.0.pdsc: PDSC version is not supported
2025-08-09 18:57:42,272 [WARN] PackLoader:240 - Cannot read IP mode file for STMicroelectronics.FP-SNS-SMARTAG2.1.2.0
2025-08-09 18:57:42,275 [ERROR] Engine:466 - C:\Users\nacho\.stm32cubemx\thirdparties\pdsc\STMicroelectronics.FP-SNS-FLIGHT1.5.1.0.pdsc: PDSC version is not supported
2025-08-09 18:57:42,318 [WARN] PackLoader:240 - Cannot read IP mode file for STMicroelectronics.X-CUBE-MEMS1.11.1.0
2025-08-09 18:57:42,415 [INFO] LogOutputStream:77 - [STDOUT_REDIRECT] 1 : Invalid condition id : UX_CORESTACK_Condition cause : null
2025-08-09 18:57:42,416 [INFO] LogOutputStream:77 - [STDOUT_REDIRECT] 1 : Invalid condition id : UX_CORESTACK_Condition cause : null
2025-08-09 18:57:42,417 [INFO] LogOutputStream:77 - [STDOUT_REDIRECT] 1 : Invalid condition id : UX_CORESTACK_Condition cause : null
2025-08-09 18:57:42,417 [INFO] LogOutputStream:77 - [STDOUT_REDIRECT] 1 : Invalid condition id : UX_CORESTACK_Condition cause : null
2025-08-09 18:57:42,418 [INFO] LogOutputStream:77 - [STDOUT_REDIRECT] 1 : Invalid condition id : UX_CORESTACK_Condition cause : null
2025-08-09 18:57:42,420 [WARN] PackLoader:240 - Cannot read IP mode file for STMicroelectronics.X-CUBE-AZRTOS-WL.2.0.0
2025-08-09 18:57:42,425 [WARN] PackLoader:240 - Cannot read IP mode file for STMicroelectronics.FP-SNS-MOTENV1.5.0.0
2025-08-09 18:57:42,430 [WARN] PackLoader:240 - Cannot read IP mode file for wolfSSL.I-CUBE-wolfMQTT.1.19.0
2025-08-09 18:57:42,438 [WARN] PackLoader:240 - Cannot read IP mode file for WES.I-CUBE-Cesium.1.3.0
2025-08-09 18:57:42,443 [WARN] PackLoader:240 - Cannot read IP mode file for STMicroelectronics.X-CUBE-BLE2.3.3.0
2025-08-09 18:57:42,448 [WARN] PackLoader:240 - Cannot read IP mode file for STMicroelectronics.X-CUBE-NFC9.1.0.0
2025-08-09 18:57:42,452 [WARN] PackLoader:240 - Cannot read IP mode file for STMicroelectronics.X-CUBE-BLE1.7.1.0
2025-08-09 18:57:42,457 [WARN] PackLoader:240 - Cannot read IP mode file for STMicroelectronics.X-CUBE-TCPP.4.1.0
2025-08-09 18:57:42,464 [WARN] PackLoader:240 - Cannot read IP mode file for STMicroelectronics.X-CUBE-EEPRMA1.5.2.0
2025-08-09 18:57:42,469 [WARN] PackLoader:240 - Cannot read IP mode file for STMicroelectronics.X-CUBE-AI.10.1.0
2025-08-09 18:57:42,502 [WARN] PackLoader:240 - Cannot read IP mode file for STMicroelectronics.X-CUBE-MEMS1.11.2.0
2025-08-09 18:57:42,590 [WARN] PackLoader:240 - Cannot read IP mode file for STMicroelectronics.X-CUBE-AZRTOS-G0.1.1.0
2025-08-09 18:57:42,597 [WARN] PackLoader:240 - Cannot read IP mode file for STMicroelectronics.X-CUBE-SAFEA1.1.2.2
2025-08-09 18:57:42,604 [WARN] PackLoader:240 - Cannot read IP mode file for STMicroelectronics.X-CUBE-NFC4.3.0.0
2025-08-09 18:57:42,613 [WARN] PackLoader:240 - Cannot read IP mode file for EmbeddedOffice.I-CUBE-FS-RTOS.1.0.1
2025-08-09 18:57:42,613 [ERROR] ConditionMgr:805 - Attr not supported : Dmpu
2025-08-09 18:57:42,614 [ERROR] ConditionMgr:805 - Attr not supported : Dmpu
2025-08-09 18:57:42,614 [ERROR] ConditionMgr:805 - Attr not supported : Dmpu
2025-08-09 18:57:42,614 [ERROR] ConditionMgr:805 - Attr not supported : Dmpu
2025-08-09 18:57:42,614 [ERROR] ConditionMgr:805 - Attr not supported : Dmpu
2025-08-09 18:57:42,614 [ERROR] ConditionMgr:805 - Attr not supported : Dmpu
2025-08-09 18:57:42,614 [ERROR] ConditionMgr:805 - Attr not supported : Dmpu
2025-08-09 18:57:42,614 [ERROR] ConditionMgr:805 - Attr not supported : Dmpu
2025-08-09 18:57:42,614 [ERROR] ConditionMgr:805 - Attr not supported : Dmpu
2025-08-09 18:57:42,614 [ERROR] ConditionMgr:805 - Attr not supported : Dmpu
2025-08-09 18:57:42,614 [ERROR] ConditionMgr:805 - Attr not supported : Dmpu
2025-08-09 18:57:42,614 [ERROR] ConditionMgr:805 - Attr not supported : Dmpu
2025-08-09 18:57:42,614 [ERROR] ConditionMgr:805 - Attr not supported : Dmpu
2025-08-09 18:57:42,614 [ERROR] ConditionMgr:805 - Attr not supported : Dmpu
2025-08-09 18:57:42,614 [ERROR] ConditionMgr:805 - Attr not supported : Dmpu
2025-08-09 18:57:42,615 [ERROR] ConditionMgr:805 - Attr not supported : Dmpu
2025-08-09 18:57:42,615 [ERROR] ConditionMgr:805 - Attr not supported : Dmpu
2025-08-09 18:57:42,615 [ERROR] ConditionMgr:805 - Attr not supported : Dmpu
2025-08-09 18:57:42,615 [ERROR] ConditionMgr:805 - Attr not supported : Dmpu
2025-08-09 18:57:42,615 [ERROR] ConditionMgr:805 - Attr not supported : Dmpu
2025-08-09 18:57:42,615 [ERROR] ConditionMgr:805 - Attr not supported : Dmpu
2025-08-09 18:57:42,615 [ERROR] ConditionMgr:805 - Attr not supported : Dmpu
2025-08-09 18:57:42,615 [ERROR] ConditionMgr:805 - Attr not supported : Dmpu
2025-08-09 18:57:42,615 [ERROR] ConditionMgr:805 - Attr not supported : Dmpu
2025-08-09 18:57:42,615 [ERROR] ConditionMgr:805 - Attr not supported : Dmpu
2025-08-09 18:57:42,615 [ERROR] ConditionMgr:805 - Attr not supported : Dmpu
2025-08-09 18:57:42,615 [ERROR] ConditionMgr:805 - Attr not supported : Dmpu
2025-08-09 18:57:42,615 [ERROR] ConditionMgr:805 - Attr not supported : Dmpu
2025-08-09 18:57:42,615 [ERROR] ConditionMgr:805 - Attr not supported : Dmpu
2025-08-09 18:57:42,615 [ERROR] ConditionMgr:805 - Attr not supported : Dmpu
2025-08-09 18:57:42,615 [ERROR] ConditionMgr:805 - Attr not supported : Dmpu
2025-08-09 18:57:42,615 [ERROR] ConditionMgr:805 - Attr not supported : Dmpu
2025-08-09 18:57:42,615 [ERROR] ConditionMgr:805 - Attr not supported : Dmpu
2025-08-09 18:57:42,615 [ERROR] ConditionMgr:805 - Attr not supported : Dmpu
2025-08-09 18:57:42,615 [ERROR] ConditionMgr:805 - Attr not supported : Dmpu
2025-08-09 18:57:42,615 [ERROR] ConditionMgr:805 - Attr not supported : Dmpu
2025-08-09 18:57:42,616 [ERROR] ConditionMgr:805 - Attr not supported : Dmpu
2025-08-09 18:57:42,616 [ERROR] ConditionMgr:805 - Attr not supported : Dmpu
2025-08-09 18:57:42,616 [ERROR] ConditionMgr:805 - Attr not supported : Dmpu
2025-08-09 18:57:42,616 [ERROR] ConditionMgr:805 - Attr not supported : Dmpu
2025-08-09 18:57:42,616 [ERROR] ConditionMgr:805 - Attr not supported : Dmpu
2025-08-09 18:57:42,616 [ERROR] ConditionMgr:805 - Attr not supported : Dmpu
2025-08-09 18:57:42,616 [ERROR] ConditionMgr:805 - Attr not supported : Dmpu
2025-08-09 18:57:42,616 [ERROR] ConditionMgr:805 - Attr not supported : Dmpu
2025-08-09 18:57:42,616 [ERROR] ConditionMgr:805 - Attr not supported : Dmpu
2025-08-09 18:57:42,616 [ERROR] ConditionMgr:805 - Attr not supported : Dmpu
2025-08-09 18:57:42,616 [ERROR] ConditionMgr:805 - Attr not supported : Dmpu
2025-08-09 18:57:42,616 [ERROR] ConditionMgr:805 - Attr not supported : Dmpu
2025-08-09 18:57:42,616 [ERROR] ConditionMgr:805 - Attr not supported : Dmpu
2025-08-09 18:57:42,616 [ERROR] ConditionMgr:805 - Attr not supported : Dmpu
2025-08-09 18:57:42,616 [ERROR] ConditionMgr:805 - Attr not supported : Dmpu
2025-08-09 18:57:42,616 [ERROR] ConditionMgr:805 - Attr not supported : Dmpu
2025-08-09 18:57:42,616 [ERROR] ConditionMgr:805 - Attr not supported : Dmpu
2025-08-09 18:57:42,616 [ERROR] ConditionMgr:805 - Attr not supported : Dmpu
2025-08-09 18:57:42,616 [ERROR] ConditionMgr:805 - Attr not supported : Dmpu
2025-08-09 18:57:42,616 [ERROR] ConditionMgr:805 - Attr not supported : Dmpu
2025-08-09 18:57:42,616 [ERROR] ConditionMgr:805 - Attr not supported : Dmpu
2025-08-09 18:57:42,616 [ERROR] ConditionMgr:805 - Attr not supported : Dmpu
2025-08-09 18:57:42,617 [ERROR] ConditionMgr:805 - Attr not supported : Dmpu
2025-08-09 18:57:42,617 [ERROR] ConditionMgr:805 - Attr not supported : Dmpu
2025-08-09 18:57:42,617 [ERROR] ConditionMgr:805 - Attr not supported : Dmpu
2025-08-09 18:57:42,617 [ERROR] ConditionMgr:805 - Attr not supported : Dmpu
2025-08-09 18:57:42,617 [ERROR] ConditionMgr:805 - Attr not supported : Dmpu
2025-08-09 18:57:42,617 [ERROR] ConditionMgr:805 - Attr not supported : Dmpu
2025-08-09 18:57:42,621 [WARN] PackLoader:240 - Cannot read IP mode file for STMicroelectronics.X-CUBE-WB05N.2.0.0
2025-08-09 18:57:42,624 [ERROR] Engine:466 - C:\Users\nacho\.stm32cubemx\thirdparties\pdsc\STMicroelectronics.X-CUBE-TCPP.4.2.0.pdsc: PDSC version is not supported
2025-08-09 18:57:42,628 [WARN] PackLoader:240 - Cannot read IP mode file for RealThread.X-CUBE-RT-Thread_Nano.4.1.1
2025-08-09 18:57:42,636 [WARN] PackLoader:240 - Cannot read IP mode file for STMicroelectronics.FP-ATR-SIGFOX1.3.2.0
2025-08-09 18:57:42,641 [WARN] ConditionMgr:438 - getConditionDescription Invalid condition id : Cortex-A Device cause : null
2025-08-09 18:57:42,659 [WARN] ConditionMgr:1039 - genDependencies : Invalid condition id : Cortex-A Device cause : null
2025-08-09 18:57:42,660 [WARN] ConditionMgr:1039 - genDependencies : Invalid condition id : Cortex-A Device cause : null
2025-08-09 18:57:42,660 [WARN] ConditionMgr:1039 - genDependencies : Invalid condition id : Cortex-A Device cause : null
2025-08-09 18:57:42,664 [WARN] PackLoader:240 - Cannot read IP mode file for STMicroelectronics.X-CUBE-EEPRMA1.5.1.0
2025-08-09 18:57:42,669 [WARN] PackLoader:240 - Cannot read IP mode file for wolfSSL.I-CUBE-wolfSSL.5.7.4
2025-08-09 18:57:42,674 [WARN] PackLoader:240 - Cannot read IP mode file for ITTIA_DB.I-CUBE-ITTIADB.8.9.0
2025-08-09 18:57:42,677 [ERROR] Engine:466 - C:\Users\nacho\.stm32cubemx\thirdparties\pdsc\STMicroelectronics.X-CUBE-ST67W61.1.0.0.pdsc: PDSC version is not supported
2025-08-09 18:57:42,680 [WARN] PackLoader:240 - Cannot read IP mode file for STMicroelectronics.X-CUBE-AI.10.2.0
2025-08-09 18:57:42,701 [WARN] PackLoader:240 - Cannot read IP mode file for SEGGER.I-CUBE-embOS.1.3.1
2025-08-09 18:57:42,735 [WARN] PackLoader:240 - Cannot read IP mode file for STMicroelectronics.X-CUBE-ALGOBUILD.1.4.0
2025-08-09 18:57:42,770 [WARN] PackLoader:240 - Cannot read IP mode file for STMicroelectronics.X-CUBE-MEMS1.11.3.0
2025-08-09 18:57:42,865 [WARN] PackLoader:240 - Cannot read IP mode file for STMicroelectronics.X-CUBE-AI.9.1.0
2025-08-09 18:57:42,869 [WARN] PackLoader:240 - Cannot read IP mode file for STMicroelectronics.X-CUBE-PM33A1.1.0.0
2025-08-09 18:57:42,879 [WARN] PackLoader:240 - Cannot read IP mode file for STMicroelectronics.X-CUBE-AZRTOS-F4.1.1.0
2025-08-09 18:57:42,882 [ERROR] Engine:466 - C:\Users\nacho\.stm32cubemx\thirdparties\pdsc\Avnet-IotConnect.X-CUBE-IoTC-DA16k-PMOD.1.0.0.pdsc: PDSC version is not supported
2025-08-09 18:57:42,885 [WARN] PackLoader:240 - Cannot read IP mode file for STMicroelectronics.X-CUBE-ISPU.2.1.0
2025-08-09 18:57:42,889 [WARN] PackLoader:240 - Cannot read IP mode file for STMicroelectronics.X-CUBE-FREERTOS.1.2.0
2025-08-09 18:57:42,894 [WARN] PackLoader:240 - Cannot read IP mode file for STMicroelectronics.X-CUBE-NFC12.1.0.0
2025-08-09 18:57:42,905 [WARN] PackLoader:240 - Cannot read IP mode file for STMicroelectronics.X-CUBE-AZRTOS-L5.2.0.0
2025-08-09 18:57:42,912 [WARN] PackLoader:240 - Cannot read IP mode file for STMicroelectronics.X-CUBE-NFC6.3.1.0
2025-08-09 18:57:42,917 [WARN] PackLoader:240 - Cannot read IP mode file for STMicroelectronics.X-CUBE-DPower.1.2.0
2025-08-09 18:57:42,921 [WARN] PackLoader:240 - Cannot read IP mode file for STMicroelectronics.X-CUBE-FREERTOS.1.3.1
2025-08-09 18:57:42,927 [WARN] PackLoader:240 - Cannot read IP mode file for STMicroelectronics.X-CUBE-FREERTOS.1.3.0
2025-08-09 18:57:42,932 [WARN] PackLoader:240 - Cannot read IP mode file for STMicroelectronics.X-CUBE-NFC7.1.0.1
2025-08-09 18:57:42,935 [ERROR] Engine:466 - C:\Users\nacho\.stm32cubemx\thirdparties\pdsc\STMicroelectronics.FP-SNS-STAIOTCFT.1.0.0.pdsc: PDSC version is not supported
2025-08-09 18:57:42,938 [WARN] PackLoader:240 - Cannot read IP mode file for STMicroelectronics.X-CUBE-DPower.1.3.0
2025-08-09 18:57:42,950 [WARN] ConditionMgr:438 - getConditionDescription Invalid condition id : LAN8742 Phy interface Condition cause : null
2025-08-09 18:57:42,951 [WARN] PackLoader:240 - Cannot read IP mode file for STMicroelectronics.X-CUBE-AZRTOS-L4.2.0.0
2025-08-09 18:57:42,951 [WARN] ConditionMgr:1039 - genDependencies : Invalid condition id : LAN8742 Phy interface Condition cause : null
2025-08-09 18:57:42,952 [WARN] ConditionMgr:1039 - genDependencies : Invalid condition id : LAN8742 Phy interface Condition cause : null
2025-08-09 18:57:42,952 [WARN] ConditionMgr:1039 - genDependencies : Invalid condition id : LAN8742 Phy interface Condition cause : null
2025-08-09 18:57:42,958 [WARN] PackLoader:240 - Cannot read IP mode file for STMicroelectronics.X-CUBE-SFXS2LP1.4.0.0
2025-08-09 18:57:42,978 [WARN] PackLoader:240 - Cannot read IP mode file for STMicroelectronics.X-CUBE-AZRTOS-H7.3.3.0
2025-08-09 18:57:42,986 [ERROR] Engine:466 - C:\Users\nacho\.stm32cubemx\thirdparties\pdsc\STMicroelectronics.X-CUBE-BLEMGR.4.1.0.pdsc: PDSC version is not supported
2025-08-09 18:57:42,998 [WARN] PackLoader:240 - Cannot read IP mode file for STMicroelectronics.X-CUBE-IPS.3.0.0
2025-08-09 18:57:43,022 [WARN] ConditionMgr:438 - getConditionDescription Invalid condition id : UX DEVICE CLASS RTOS Condition cause : null
2025-08-09 18:57:43,022 [WARN] ConditionMgr:438 - getConditionDescription Invalid condition id : UX DEVICE CLASS RTOS Condition cause : null
2025-08-09 18:57:43,042 [WARN] PackLoader:240 - Cannot read IP mode file for STMicroelectronics.X-CUBE-AZRTOS-WB.2.0.0
2025-08-09 18:57:43,043 [WARN] ConditionMgr:1039 - genDependencies : Invalid condition id : UX DEVICE CLASS RTOS Condition cause : null
2025-08-09 18:57:43,043 [WARN] ConditionMgr:1039 - genDependencies : Invalid condition id : UX DEVICE CLASS RTOS Condition cause : null
2025-08-09 18:57:43,044 [WARN] ConditionMgr:1039 - genDependencies : Invalid condition id : UX DEVICE CLASS RTOS Condition cause : null
2025-08-09 18:57:43,044 [WARN] ConditionMgr:1039 - genDependencies : Invalid condition id : UX DEVICE CLASS RTOS Condition cause : null
2025-08-09 18:57:43,044 [WARN] ConditionMgr:1039 - genDependencies : Invalid condition id : UX DEVICE CLASS RTOS Condition cause : null
2025-08-09 18:57:43,053 [WARN] PackLoader:240 - Cannot read IP mode file for STMicroelectronics.X-CUBE-GNSS1.7.0.0
2025-08-09 18:57:43,060 [WARN] PackLoader:240 - Cannot read IP mode file for STMicroelectronics.X-CUBE-GNSS1.7.0.1
2025-08-09 18:57:43,068 [WARN] PackLoader:240 - Cannot read IP mode file for STMicroelectronics.X-CUBE-TOUCHGFX.4.25.0
2025-08-09 18:57:43,088 [WARN] PackLoader:240 - Cannot read IP mode file for STMicroelectronics.FP-SNS-STBOX1.2.0.0
2025-08-09 18:57:43,097 [WARN] PackLoader:240 - Cannot read IP mode file for STMicroelectronics.X-CUBE-SUBG2.5.0.0
2025-08-09 18:57:43,113 [WARN] PackLoader:240 - Cannot read IP mode file for STMicroelectronics.X-CUBE-AZRTOS-H7RS.1.1.0
2025-08-09 18:57:43,118 [WARN] PackLoader:240 - Cannot read IP mode file for Cesanta.I-CUBE-Mongoose.7.13.0
2025-08-09 18:57:43,130 [WARN] PackLoader:240 - Cannot read IP mode file for STMicroelectronics.X-CUBE-AZRTOS-G4.2.0.0
2025-08-09 18:57:43,134 [WARN] PackLoader:240 - Cannot read IP mode file for STMicroelectronics.X-CUBE-NFC7.2.0.0
2025-08-09 18:57:43,138 [ERROR] Engine:466 - C:\Users\nacho\.stm32cubemx\thirdparties\pdsc\STMicroelectronics.X-CUBE-IPS.3.1.0.pdsc: PDSC version is not supported
2025-08-09 18:57:43,141 [WARN] PackLoader:240 - Cannot read IP mode file for STMicroelectronics.X-CUBE-ALS.1.0.2
2025-08-09 18:57:43,144 [WARN] PackLoader:240 - Cannot read IP mode file for STMicroelectronics.X-CUBE-TOUCHGFX.4.24.2
2025-08-09 18:57:43,146 [WARN] PackLoader:240 - Cannot read IP mode file for STMicroelectronics.X-CUBE-TOUCHGFX.4.24.1
2025-08-09 18:57:43,150 [WARN] PackLoader:240 - Cannot read IP mode file for wolfSSL.I-CUBE-wolfTPM.3.4.0
2025-08-09 18:57:43,154 [WARN] PackLoader:240 - Cannot read IP mode file for portGmbH.I-Cube-SoM-uGOAL.1.1.0
2025-08-09 18:57:43,168 [WARN] PackLoader:240 - Cannot read IP mode file for STMicroelectronics.X-CUBE-AZRTOS-H7RS.1.0.0
2025-08-09 18:57:43,179 [WARN] PackLoader:240 - Cannot read IP mode file for STMicroelectronics.X-CUBE-TOF1.3.4.2
2025-08-09 18:57:43,190 [ERROR] Engine:466 - C:\Users\nacho\.stm32cubemx\thirdparties\pdsc\STMicroelectronics.X-CUBE-TOF1.3.4.3.pdsc: PDSC version is not supported
2025-08-09 18:57:43,204 [WARN] PackLoader:240 - Cannot read IP mode file for Infineon.AIROC-Wi-Fi-Bluetooth-STM32.1.6.1
2025-08-09 18:57:43,219 [WARN] PackLoader:240 - Cannot read IP mode file for wolfSSL.I-CUBE-wolfSSH.1.4.17
2025-08-09 18:57:43,220 [INFO] ThirdParty:978 - Integrity check success = true
2025-08-09 18:57:43,220 [INFO] IntegrityCheckThread:100 - exiting critical section [integrity check]
2025-08-09 18:57:43,220 [INFO] IntegrityCheckThread:103 - End integrity checks thread
2025-08-09 19:20:51,478 [ERROR] LogOutputStream:75 - [STDERR_REDIRECT] 
2025-08-09 19:21:17,224 [INFO] Activator:176 - 


2025-08-09 19:21:17,227 [INFO] Activator:177 - !SESSION log4j initialized
2025-08-09 19:21:20,261 [INFO] LogOutputStream:77 - [STDOUT_REDIRECT] 
2025-08-09 19:21:22,304 [INFO] ApplicationProperties:184 - Using Application install path: C:\ST\STM32CubeIDE_1.16.1\STM32CubeIDE\plugins\com.st.stm32cube.common.mx_6.12.1.202409122256
2025-08-09 19:21:22,319 [INFO] DbMcusXml:78 - Set database path to: C:\ST\STM32CubeIDE_1.16.1\STM32CubeIDE\plugins\com.st.stm32cube.common.mx_6.12.1.202409122256\\db\/mcu/
2025-08-09 19:21:22,319 [INFO] ApiDb:274 - Set plugin database path to: C:\ST\STM32CubeIDE_1.16.1\STM32CubeIDE\plugins\com.st.stm32cube.common.mx_6.12.1.202409122256\\db\/plugins/boardmanager/
2025-08-09 19:21:22,319 [WARN] ApiDb:259 - Overriding images path with different value:  => C:\ST\STM32CubeIDE_1.16.1\STM32CubeIDE\plugins\com.st.stm32cube.common.mx_6.12.1.202409122256\\db\/plugins/mcufinder/images/
2025-08-09 19:21:22,331 [INFO] ApiDb:250 - Set database path to: C:\Users\nacho\.stmcufinder\plugins\mcufinder//mcu/
2025-08-09 19:21:22,332 [INFO] DbMcusAds:125 - Set database path to: C:\Users\nacho\.stmcufinder\plugins\mcufinder//mcu/
2025-08-09 19:21:22,334 [INFO] CrossReferenceDbSqlite:203 - Set database path to: C:\Users\nacho\.stmcufinder\plugins\mcufinder//mcu/cs/
2025-08-09 19:21:22,453 [INFO] RulesReader:64 - Compatibility file has been processed (297 Rules)
2025-08-09 19:21:22,519 [INFO] DbMcusXml:78 - Set database path to: C:\ST\STM32CubeIDE_1.16.1\STM32CubeIDE\plugins\com.st.stm32cube.common.mx_6.12.1.202409122256\\db\/mcu/
2025-08-09 19:21:22,520 [INFO] ApiDb:274 - Set plugin database path to: C:\ST\STM32CubeIDE_1.16.1\STM32CubeIDE\plugins\com.st.stm32cube.common.mx_6.12.1.202409122256\\db\/plugins/boardmanager/
2025-08-09 19:21:22,520 [INFO] ApiDb:261 - Set plugin images path to: C:\ST\STM32CubeIDE_1.16.1\STM32CubeIDE\plugins\com.st.stm32cube.common.mx_6.12.1.202409122256\\db\/plugins/mcufinder/images/
2025-08-09 19:21:22,520 [WARN] DbFile:41 - Overriding database path with different value: C:\Users\nacho\.stmcufinder\plugins\mcufinder/ => C:\Users\nacho\.stmcufinder\plugins\mcufinder
2025-08-09 19:21:22,520 [INFO] ApiDb:250 - Set database path to: C:\Users\nacho\.stmcufinder\plugins\mcufinder//mcu/
2025-08-09 19:21:22,520 [WARN] DbFile:41 - Overriding database path with different value: C:\Users\nacho\.stmcufinder\plugins\mcufinder/ => C:\Users\nacho\.stmcufinder\plugins\mcufinder
2025-08-09 19:21:22,520 [INFO] DbMcusAds:125 - Set database path to: C:\Users\nacho\.stmcufinder\plugins\mcufinder//mcu/
2025-08-09 19:21:22,520 [WARN] DbFile:41 - Overriding database path with different value: C:\Users\nacho\.stmcufinder\plugins\mcufinder/ => C:\Users\nacho\.stmcufinder\plugins\mcufinder
2025-08-09 19:21:22,520 [WARN] DbFile:41 - Overriding database path with different value: C:\Users\nacho\.stmcufinder\plugins\mcufinder/ => C:\Users\nacho\.stmcufinder\plugins\mcufinder
2025-08-09 19:21:22,520 [INFO] CrossReferenceDbSqlite:203 - Set database path to: C:\Users\nacho\.stmcufinder\plugins\mcufinder//mcu/cs/
2025-08-09 19:21:22,582 [INFO] MainPanel:268 - HeapMemory: 268435456
2025-08-09 19:21:22,645 [INFO] DbMcusXml:78 - Set database path to: C:\ST\STM32CubeIDE_1.16.1\STM32CubeIDE\plugins\com.st.stm32cube.common.mx_6.12.1.202409122256\\db\/mcu/
2025-08-09 19:21:22,645 [INFO] ApiDb:274 - Set plugin database path to: C:\ST\STM32CubeIDE_1.16.1\STM32CubeIDE\plugins\com.st.stm32cube.common.mx_6.12.1.202409122256\\db\/plugins/boardmanager/
2025-08-09 19:21:22,645 [INFO] ApiDb:261 - Set plugin images path to: C:\ST\STM32CubeIDE_1.16.1\STM32CubeIDE\plugins\com.st.stm32cube.common.mx_6.12.1.202409122256\\db\/plugins/mcufinder/images/
2025-08-09 19:21:22,646 [WARN] DbFile:41 - Overriding database path with different value: C:\Users\nacho\.stmcufinder\plugins\mcufinder/ => C:\Users\nacho\.stmcufinder\plugins\mcufinder
2025-08-09 19:21:22,646 [INFO] ApiDb:250 - Set database path to: C:\Users\nacho\.stmcufinder\plugins\mcufinder//mcu/
2025-08-09 19:21:22,646 [WARN] DbFile:41 - Overriding database path with different value: C:\Users\nacho\.stmcufinder\plugins\mcufinder/ => C:\Users\nacho\.stmcufinder\plugins\mcufinder
2025-08-09 19:21:22,646 [INFO] DbMcusAds:125 - Set database path to: C:\Users\nacho\.stmcufinder\plugins\mcufinder//mcu/
2025-08-09 19:21:22,646 [WARN] DbFile:41 - Overriding database path with different value: C:\Users\nacho\.stmcufinder\plugins\mcufinder/ => C:\Users\nacho\.stmcufinder\plugins\mcufinder
2025-08-09 19:21:22,646 [WARN] DbFile:41 - Overriding database path with different value: C:\Users\nacho\.stmcufinder\plugins\mcufinder/ => C:\Users\nacho\.stmcufinder\plugins\mcufinder
2025-08-09 19:21:22,646 [INFO] CrossReferenceDbSqlite:203 - Set database path to: C:\Users\nacho\.stmcufinder\plugins\mcufinder//mcu/cs/
2025-08-09 19:21:22,659 [INFO] ApplicationProperties:184 - Using Application install path: C:\ST\STM32CubeIDE_1.16.1\STM32CubeIDE\plugins\com.st.stm32cube.common.mx_6.12.1.202409122256
2025-08-09 19:21:22,660 [INFO] PluginManage:196 - Search for loadable plugins [exclusion list=, ]
2025-08-09 19:21:22,661 [INFO] PluginManage:310 - Check plugin analytics
2025-08-09 19:21:22,815 [INFO] AnalyticsPlugin:253 - Accepted Software Licenses: STM32CubeMX.6.12.1
2025-08-09 19:21:22,815 [INFO] AnalyticsPlugin:255 - Accepted CMSIS Pack Licenses: 
2025-08-09 19:21:22,816 [INFO] AnalyticsPlugin:257 - Accepted Firmware Licenses: FW.WL.1.3.0
2025-08-09 19:21:22,816 [INFO] PluginManage:359 - Loaded plugin analytics (category:tool,tabindex:-1)
2025-08-09 19:21:22,816 [INFO] PluginManage:310 - Check plugin cadmodel
2025-08-09 19:21:22,823 [INFO] CADModel:105 - Init CAD model plugin
2025-08-09 19:21:22,823 [INFO] PluginManage:359 - Loaded plugin cadmodel (category:power,tabindex:5)
2025-08-09 19:21:22,823 [INFO] PluginManage:310 - Check plugin clock
2025-08-09 19:21:22,833 [INFO] PluginManage:359 - Loaded plugin clock (category:base,tabindex:2)
2025-08-09 19:21:22,834 [INFO] PluginManage:310 - Check plugin ddr
2025-08-09 19:21:22,838 [INFO] PluginManage:359 - Loaded plugin ddr (category:tool,tabindex:6)
2025-08-09 19:21:22,839 [INFO] PluginManage:310 - Check plugin filemanager
2025-08-09 19:21:23,031 [INFO] PluginManage:359 - Loaded plugin filemanager (category:base,tabindex:10)
2025-08-09 19:21:23,032 [INFO] PluginManage:310 - Check plugin ipmanager
2025-08-09 19:21:23,042 [INFO] PluginManage:359 - Loaded plugin ipmanager (category:base,tabindex:5)
2025-08-09 19:21:23,042 [INFO] PluginManage:310 - Check plugin lpbam
2025-08-09 19:21:23,055 [INFO] PluginManage:359 - Loaded plugin lpbam (category:base,tabindex:0)
2025-08-09 19:21:23,055 [INFO] PluginManage:310 - Check plugin memorymap
2025-08-09 19:21:23,069 [INFO] PluginManage:359 - Loaded plugin memorymap (category:base,tabindex:4)
2025-08-09 19:21:23,070 [INFO] PluginManage:310 - Check plugin pinoutandconfiguration
2025-08-09 19:21:23,078 [INFO] PluginManage:359 - Loaded plugin pinoutandconfiguration (category:base,tabindex:1)
2025-08-09 19:21:23,078 [INFO] PluginManage:310 - Check plugin pinoutconfig
2025-08-09 19:21:23,176 [WARN] SupportedApi:132 - Cannot load RTOS API schema: s4s-elt-must-match.1: The content of 'definitions' must match (annotation?, (simpleType | complexType)?, (unique | key | keyref)*)). A problem was found starting at: attribute.
2025-08-09 19:21:23,294 [INFO] PluginManage:359 - Loaded plugin pinoutconfig (category:base,tabindex:0)
2025-08-09 19:21:23,295 [INFO] PluginManage:310 - Check plugin power
2025-08-09 19:21:23,305 [INFO] PluginManage:359 - Loaded plugin power (category:power,tabindex:4)
2025-08-09 19:21:23,305 [INFO] PluginManage:310 - Check plugin projectmanager
2025-08-09 19:21:23,321 [INFO] PluginManage:359 - Loaded plugin projectmanager (category:projectmanager,tabindex:4)
2025-08-09 19:21:23,322 [INFO] PluginManage:310 - Check plugin rif
2025-08-09 19:21:23,327 [INFO] PluginManage:359 - Loaded plugin rif (category:base,tabindex:3)
2025-08-09 19:21:23,327 [INFO] PluginManage:310 - Check plugin thirdparty
2025-08-09 19:21:23,432 [WARN] IntegrityCheckThread:84 - waiting for thirdparty lock release [integrity check]
2025-08-09 19:21:23,432 [INFO] PluginManage:359 - Loaded plugin thirdparty (category:base,tabindex:-1)
2025-08-09 19:21:23,432 [INFO] IntegrityCheckThread:86 - entering critical section [integrity check]
2025-08-09 19:21:23,432 [INFO] PluginManage:310 - Check plugin tools
2025-08-09 19:21:23,433 [INFO] ThirdPartyUpdaterWithRetryManager:70 - Updater plugin not ready yet. [1/15]
2025-08-09 19:21:23,435 [INFO] PluginManage:359 - Loaded plugin tools (category:base,tabindex:7)
2025-08-09 19:21:23,435 [INFO] PluginManage:310 - Check plugin tutovideos
2025-08-09 19:21:23,575 [INFO] PluginManage:359 - Loaded plugin tutovideos (category:base,tabindex:-1)
2025-08-09 19:21:23,576 [INFO] PluginManage:310 - Check plugin updater
2025-08-09 19:21:23,588 [INFO] PluginManage:359 - Loaded plugin updater (category:base,tabindex:12)
2025-08-09 19:21:23,588 [INFO] PluginManage:310 - Check plugin userauth
2025-08-09 19:21:23,592 [INFO] UserAuth:113 - Init User Auth plugin
2025-08-09 19:21:23,592 [INFO] PluginManage:359 - Loaded plugin userauth (category:base,tabindex:14)
2025-08-09 19:21:23,593 [INFO] PluginManage:283 - PluginManage : Loaded plugins [18]
2025-08-09 19:21:23,746 [INFO] PinOutPanel:1561 - setPackage(No Configuration,No Configuration)
2025-08-09 19:21:23,829 [INFO] CADModel:165 - CPN selected for project level
2025-08-09 19:21:23,830 [INFO] CADModel:114 - Register for checkConnection events
2025-08-09 19:21:23,849 [INFO] IPUIPlugin:80 - create IPUIPlugin
2025-08-09 19:21:23,849 [INFO] PluginManager:220 - loadIPPluginJar : add adc
2025-08-09 19:21:23,852 [INFO] IPUIPlugin:80 - create IPUIPlugin
2025-08-09 19:21:23,852 [INFO] PluginManager:220 - loadIPPluginJar : add aes
2025-08-09 19:21:23,856 [INFO] IPUIPlugin:80 - create IPUIPlugin
2025-08-09 19:21:23,856 [INFO] PluginManager:220 - loadIPPluginJar : add can
2025-08-09 19:21:23,858 [INFO] IPUIPlugin:80 - create IPUIPlugin
2025-08-09 19:21:23,858 [INFO] PluginManager:220 - loadIPPluginJar : add comp
2025-08-09 19:21:23,861 [INFO] IPUIPlugin:80 - create IPUIPlugin
2025-08-09 19:21:23,861 [INFO] PluginManager:220 - loadIPPluginJar : add cryp
2025-08-09 19:21:23,864 [INFO] IPUIPlugin:80 - create IPUIPlugin
2025-08-09 19:21:23,864 [INFO] PluginManager:220 - loadIPPluginJar : add ddr_ctrl_phy
2025-08-09 19:21:23,867 [INFO] IPUIPlugin:80 - create IPUIPlugin
2025-08-09 19:21:23,868 [INFO] PluginManager:220 - loadIPPluginJar : add dfsdm
2025-08-09 19:21:23,875 [INFO] IPUIPlugin:80 - create IPUIPlugin
2025-08-09 19:21:23,876 [INFO] PluginManager:220 - loadIPPluginJar : add dma
2025-08-09 19:21:23,879 [INFO] IPUIPlugin:80 - create IPUIPlugin
2025-08-09 19:21:23,880 [INFO] PluginManager:220 - loadIPPluginJar : add dma3
2025-08-09 19:21:23,885 [INFO] IPUIPlugin:80 - create IPUIPlugin
2025-08-09 19:21:23,885 [INFO] PluginManager:220 - loadIPPluginJar : add extmemmanager
2025-08-09 19:21:23,887 [INFO] IPUIPlugin:80 - create IPUIPlugin
2025-08-09 19:21:23,887 [INFO] PluginManager:220 - loadIPPluginJar : add fatfs
2025-08-09 19:21:23,892 [INFO] IPUIPlugin:80 - create IPUIPlugin
2025-08-09 19:21:23,892 [INFO] PluginManager:220 - loadIPPluginJar : add fmc
2025-08-09 19:21:23,898 [INFO] IPUIPlugin:80 - create IPUIPlugin
2025-08-09 19:21:23,898 [INFO] PluginManager:220 - loadIPPluginJar : add freertos
2025-08-09 19:21:23,900 [INFO] IPUIPlugin:80 - create IPUIPlugin
2025-08-09 19:21:23,900 [INFO] PluginManager:220 - loadIPPluginJar : add genericplugin
2025-08-09 19:21:23,903 [INFO] IPUIPlugin:80 - create IPUIPlugin
2025-08-09 19:21:23,903 [INFO] PluginManager:220 - loadIPPluginJar : add gfxmmu
2025-08-09 19:21:23,908 [INFO] IPUIPlugin:80 - create IPUIPlugin
2025-08-09 19:21:23,909 [INFO] PluginManager:220 - loadIPPluginJar : add gic
2025-08-09 19:21:23,913 [INFO] IPUIPlugin:80 - create IPUIPlugin
2025-08-09 19:21:23,913 [INFO] PluginManager:220 - loadIPPluginJar : add gpio
2025-08-09 19:21:23,916 [INFO] IPUIPlugin:80 - create IPUIPlugin
2025-08-09 19:21:23,916 [INFO] PluginManager:220 - loadIPPluginJar : add gtzc
2025-08-09 19:21:23,919 [INFO] IPUIPlugin:80 - create IPUIPlugin
2025-08-09 19:21:23,919 [INFO] PluginManager:220 - loadIPPluginJar : add hash
2025-08-09 19:21:23,923 [INFO] IPUIPlugin:80 - create IPUIPlugin
2025-08-09 19:21:23,923 [INFO] PluginManager:220 - loadIPPluginJar : add i2c
2025-08-09 19:21:23,926 [INFO] IPUIPlugin:80 - create IPUIPlugin
2025-08-09 19:21:23,926 [INFO] PluginManager:220 - loadIPPluginJar : add i2s
2025-08-09 19:21:23,929 [INFO] IPUIPlugin:80 - create IPUIPlugin
2025-08-09 19:21:23,929 [INFO] PluginManager:220 - loadIPPluginJar : add i3c
2025-08-09 19:21:23,934 [INFO] IPUIPlugin:80 - create IPUIPlugin
2025-08-09 19:21:23,934 [INFO] PluginManager:220 - loadIPPluginJar : add ipddr
2025-08-09 19:21:23,942 [INFO] IPUIPlugin:80 - create IPUIPlugin
2025-08-09 19:21:23,942 [INFO] PluginManager:220 - loadIPPluginJar : add linkedlist
2025-08-09 19:21:23,946 [INFO] IPUIPlugin:80 - create IPUIPlugin
2025-08-09 19:21:23,946 [INFO] PluginManager:220 - loadIPPluginJar : add lorawan
2025-08-09 19:21:23,948 [INFO] IPUIPlugin:80 - create IPUIPlugin
2025-08-09 19:21:23,948 [INFO] PluginManager:220 - loadIPPluginJar : add ltdc
2025-08-09 19:21:23,955 [INFO] IPUIPlugin:80 - create IPUIPlugin
2025-08-09 19:21:23,955 [INFO] PluginManager:220 - loadIPPluginJar : add mdma
2025-08-09 19:21:23,959 [INFO] IPUIPlugin:80 - create IPUIPlugin
2025-08-09 19:21:23,959 [INFO] PluginManager:220 - loadIPPluginJar : add nvic
2025-08-09 19:21:23,962 [INFO] IPUIPlugin:80 - create IPUIPlugin
2025-08-09 19:21:23,962 [INFO] PluginManager:220 - loadIPPluginJar : add opamp
2025-08-09 19:21:23,965 [INFO] IPUIPlugin:80 - create IPUIPlugin
2025-08-09 19:21:23,966 [INFO] PluginManager:220 - loadIPPluginJar : add openamp
2025-08-09 19:21:23,970 [INFO] IPUIPlugin:80 - create IPUIPlugin
2025-08-09 19:21:23,970 [INFO] PluginManager:220 - loadIPPluginJar : add pdm2pcm
2025-08-09 19:21:23,976 [INFO] IPUIPlugin:80 - create IPUIPlugin
2025-08-09 19:21:23,980 [INFO] PluginManager:220 - loadIPPluginJar : add plateformsettings
2025-08-09 19:21:23,982 [INFO] IPUIPlugin:80 - create IPUIPlugin
2025-08-09 19:21:23,983 [INFO] PluginManager:220 - loadIPPluginJar : add quadspi
2025-08-09 19:21:23,984 [INFO] IPUIPlugin:80 - create IPUIPlugin
2025-08-09 19:21:23,985 [INFO] PluginManager:220 - loadIPPluginJar : add radio
2025-08-09 19:21:23,989 [INFO] IPUIPlugin:80 - create IPUIPlugin
2025-08-09 19:21:23,989 [INFO] PluginManager:220 - loadIPPluginJar : add resmgrutility
2025-08-09 19:21:23,992 [INFO] IPUIPlugin:80 - create IPUIPlugin
2025-08-09 19:21:23,992 [INFO] PluginManager:220 - loadIPPluginJar : add sai
2025-08-09 19:21:23,996 [INFO] IPUIPlugin:80 - create IPUIPlugin
2025-08-09 19:21:23,996 [INFO] PluginManager:220 - loadIPPluginJar : add spi
2025-08-09 19:21:24,002 [INFO] IPUIPlugin:80 - create IPUIPlugin
2025-08-09 19:21:24,002 [INFO] PluginManager:220 - loadIPPluginJar : add stm32_wpan
2025-08-09 19:21:24,004 [INFO] IPUIPlugin:80 - create IPUIPlugin
2025-08-09 19:21:24,004 [INFO] PluginManager:220 - loadIPPluginJar : add tim
2025-08-09 19:21:24,007 [INFO] IPUIPlugin:80 - create IPUIPlugin
2025-08-09 19:21:24,008 [INFO] PluginManager:220 - loadIPPluginJar : add touchsensing
2025-08-09 19:21:24,010 [INFO] IPUIPlugin:80 - create IPUIPlugin
2025-08-09 19:21:24,010 [INFO] PluginManager:220 - loadIPPluginJar : add tracer_emb
2025-08-09 19:21:24,013 [INFO] IPUIPlugin:80 - create IPUIPlugin
2025-08-09 19:21:24,013 [INFO] PluginManager:220 - loadIPPluginJar : add ts
2025-08-09 19:21:24,015 [INFO] IPUIPlugin:80 - create IPUIPlugin
2025-08-09 19:21:24,015 [INFO] PluginManager:220 - loadIPPluginJar : add tsc
2025-08-09 19:21:24,017 [INFO] IPUIPlugin:80 - create IPUIPlugin
2025-08-09 19:21:24,017 [INFO] PluginManager:220 - loadIPPluginJar : add ucpd
2025-08-09 19:21:24,020 [INFO] IPUIPlugin:80 - create IPUIPlugin
2025-08-09 19:21:24,020 [INFO] PluginManager:220 - loadIPPluginJar : add usart
2025-08-09 19:21:24,022 [INFO] IPUIPlugin:80 - create IPUIPlugin
2025-08-09 19:21:24,023 [INFO] PluginManager:220 - loadIPPluginJar : add usbx
2025-08-09 19:21:24,140 [INFO] CADModel:165 - CPN selected for project level
2025-08-09 19:21:24,140 [INFO] CADModel:114 - Register for checkConnection events
2025-08-09 19:21:24,140 [FATAL] Updater:334 - Updater called before beeing initialized
2025-08-09 19:21:24,140 [ERROR] CADModel:125 - Updater not yet initialized, retry later 
2025-08-09 19:21:24,232 [INFO] CADModel:165 - CPN selected for project level
2025-08-09 19:21:24,232 [INFO] CADModel:114 - Register for checkConnection events
2025-08-09 19:21:24,232 [FATAL] Updater:334 - Updater called before beeing initialized
2025-08-09 19:21:24,232 [ERROR] CADModel:125 - Updater not yet initialized, retry later 
2025-08-09 19:21:24,235 [FATAL] Updater:334 - Updater called before beeing initialized
2025-08-09 19:21:24,313 [FATAL] Updater:334 - Updater called before beeing initialized
2025-08-09 19:21:24,316 [INFO] DbMcusAds:53 - JSON generation date=Tue Jul 08 05:14:23 ART 2025 (1751962463582)
2025-08-09 19:21:24,316 [FATAL] Updater:334 - Updater called before beeing initialized
2025-08-09 19:21:24,342 [WARN] DetailPanel:346 - Failed to get advertising image, set to default
2025-08-09 19:21:24,426 [FATAL] Updater:334 - Updater called before beeing initialized
2025-08-09 19:21:24,428 [FATAL] Updater:334 - Updater called before beeing initialized
2025-08-09 19:21:24,428 [FATAL] Updater:334 - Updater called before beeing initialized
2025-08-09 19:21:24,429 [WARN] DetailPanel:346 - Failed to get advertising image, set to default
2025-08-09 19:21:24,429 [FATAL] Updater:334 - Updater called before beeing initialized
2025-08-09 19:21:24,465 [ERROR] Updater:1164 - MainUpdater not yet initialized. External WinMGr cannot be set.
2025-08-09 19:21:24,467 [INFO] Updater:1100 - Updater Version found : 6.12.1
2025-08-09 19:21:24,485 [INFO] ApplicationProperties:184 - Using Application install path: C:\ST\STM32CubeIDE_1.16.1\STM32CubeIDE\plugins\com.st.stm32cube.common.mx_6.12.1.202409122256
2025-08-09 19:21:24,706 [INFO] MainUpdater:2873 - connection check result : 10
2025-08-09 19:21:24,706 [INFO] MainUpdater:290 - Updater Check For Update Now.
2025-08-09 19:21:24,706 [INFO] MicroXplorer:498 - Change Database Version : DB.6.0.121
2025-08-09 19:21:24,713 [INFO] McuFinderGlobals:63 - Set McuFinder mode to 2 (CubeIDE integrated)
2025-08-09 19:21:24,714 [INFO] UserAuth:417 - Internet connection configuration mode: 1
2025-08-09 19:21:24,729 [INFO] JxBrowserEngine:152 - Initiate JxBrowser Engine with user profile folder
2025-08-09 19:21:24,886 [INFO] CheckServerUpdateThread:120 - End of CheckServer Thread
2025-08-09 19:21:26,751 [WARN] PackLoader:240 - Cannot read IP mode file for STMicroelectronics.FP-SNS-MOTENVWB1.1.4.0
2025-08-09 19:21:26,766 [WARN] PackLoader:240 - Cannot read IP mode file for STMicroelectronics.FP-ATR-ASTRA1.2.0.2
2025-08-09 19:21:26,771 [WARN] PackLoader:240 - Cannot read IP mode file for STMicroelectronics.FP-ATR-ASTRA1.2.0.1
2025-08-09 19:21:26,782 [WARN] PackLoader:240 - Cannot read IP mode file for STMicroelectronics.X-CUBE-SMBUS.2.1.0
2025-08-09 19:21:26,790 [WARN] PackLoader:240 - Cannot read IP mode file for STMicroelectronics.X-CUBE-WB05N.1.1.0
2025-08-09 19:21:26,794 [ERROR] Engine:466 - C:\Users\nacho\.stm32cubemx\thirdparties\pdsc\STMicroelectronics.X-CUBE-ST60.1.0.0.pdsc: PDSC version is not supported
2025-08-09 19:21:26,820 [WARN] PackLoader:240 - Cannot read IP mode file for STMicroelectronics.X-CUBE-AZRTOS-F7.1.1.0
2025-08-09 19:21:26,895 [WARN] PackLoader:240 - Cannot read IP mode file for STMicroelectronics.X-CUBE-MEMS1.11.0.0
2025-08-09 19:21:26,981 [INFO] WebApp:167 - Instantiating new browser for Auth
2025-08-09 19:21:27,122 [WARN] PackLoader:240 - Cannot read IP mode file for STMicroelectronics.FP-SNS-FLIGHT1.5.0.2
2025-08-09 19:21:27,142 [WARN] PackLoader:240 - Cannot read IP mode file for STMicroelectronics.X-CUBE-AZRTOS-H7.3.4.0
2025-08-09 19:21:27,152 [WARN] PackLoader:240 - Cannot read IP mode file for STMicroelectronics.X-CUBE-DISPLAY.3.0.0
2025-08-09 19:21:27,159 [WARN] PackLoader:240 - Cannot read IP mode file for STMicroelectronics.X-CUBE-BLE1.7.0.0
2025-08-09 19:21:27,165 [WARN] PackLoader:240 - Cannot read IP mode file for STMicroelectronics.X-CUBE-NFC10.1.0.0
2025-08-09 19:21:27,174 [WARN] PackLoader:240 - Cannot read IP mode file for STMicroelectronics.X-CUBE-BLEMGR.4.0.0
2025-08-09 19:21:27,181 [WARN] PackLoader:240 - Cannot read IP mode file for emotas.I-CUBE-CANOPEN.1.3.0
2025-08-09 19:21:27,192 [WARN] PackLoader:240 - Cannot read IP mode file for STMicroelectronics.X-CUBE-BLEMGR.3.1.0
2025-08-09 19:21:27,197 [WARN] PackLoader:240 - Cannot read IP mode file for STMicroelectronics.X-CUBE-AI.10.0.0
2025-08-09 19:21:27,200 [ERROR] Engine:466 - C:\Users\nacho\.stm32cubemx\thirdparties\pdsc\STMicroelectronics.FP-SNS-STBOX1.2.1.0.pdsc: PDSC version is not supported
2025-08-09 19:21:27,204 [WARN] PackLoader:240 - Cannot read IP mode file for STMicroelectronics.FP-SNS-SMARTAG2.1.2.0
2025-08-09 19:21:27,206 [ERROR] Engine:466 - C:\Users\nacho\.stm32cubemx\thirdparties\pdsc\STMicroelectronics.FP-SNS-FLIGHT1.5.1.0.pdsc: PDSC version is not supported
2025-08-09 19:21:27,243 [WARN] PackLoader:240 - Cannot read IP mode file for STMicroelectronics.X-CUBE-MEMS1.11.1.0
2025-08-09 19:21:27,342 [INFO] LogOutputStream:77 - [STDOUT_REDIRECT] 1 : Invalid condition id : UX_CORESTACK_Condition cause : null
2025-08-09 19:21:27,342 [INFO] LogOutputStream:77 - [STDOUT_REDIRECT] 1 : Invalid condition id : UX_CORESTACK_Condition cause : null
2025-08-09 19:21:27,343 [INFO] LogOutputStream:77 - [STDOUT_REDIRECT] 1 : Invalid condition id : UX_CORESTACK_Condition cause : null
2025-08-09 19:21:27,344 [INFO] LogOutputStream:77 - [STDOUT_REDIRECT] 1 : Invalid condition id : UX_CORESTACK_Condition cause : null
2025-08-09 19:21:27,345 [INFO] LogOutputStream:77 - [STDOUT_REDIRECT] 1 : Invalid condition id : UX_CORESTACK_Condition cause : null
2025-08-09 19:21:27,347 [WARN] PackLoader:240 - Cannot read IP mode file for STMicroelectronics.X-CUBE-AZRTOS-WL.2.0.0
2025-08-09 19:21:27,352 [WARN] PackLoader:240 - Cannot read IP mode file for STMicroelectronics.FP-SNS-MOTENV1.5.0.0
2025-08-09 19:21:27,356 [WARN] PackLoader:240 - Cannot read IP mode file for wolfSSL.I-CUBE-wolfMQTT.1.19.0
2025-08-09 19:21:27,364 [WARN] PackLoader:240 - Cannot read IP mode file for WES.I-CUBE-Cesium.1.3.0
2025-08-09 19:21:27,368 [WARN] PackLoader:240 - Cannot read IP mode file for STMicroelectronics.X-CUBE-BLE2.3.3.0
2025-08-09 19:21:27,374 [WARN] PackLoader:240 - Cannot read IP mode file for STMicroelectronics.X-CUBE-NFC9.1.0.0
2025-08-09 19:21:27,380 [WARN] PackLoader:240 - Cannot read IP mode file for STMicroelectronics.X-CUBE-BLE1.7.1.0
2025-08-09 19:21:27,386 [WARN] PackLoader:240 - Cannot read IP mode file for STMicroelectronics.X-CUBE-TCPP.4.1.0
2025-08-09 19:21:27,391 [WARN] PackLoader:240 - Cannot read IP mode file for STMicroelectronics.X-CUBE-EEPRMA1.5.2.0
2025-08-09 19:21:27,398 [WARN] PackLoader:240 - Cannot read IP mode file for STMicroelectronics.X-CUBE-AI.10.1.0
2025-08-09 19:21:27,437 [WARN] PackLoader:240 - Cannot read IP mode file for STMicroelectronics.X-CUBE-MEMS1.11.2.0
2025-08-09 19:21:27,575 [WARN] PackLoader:240 - Cannot read IP mode file for STMicroelectronics.X-CUBE-AZRTOS-G0.1.1.0
2025-08-09 19:21:27,584 [WARN] PackLoader:240 - Cannot read IP mode file for STMicroelectronics.X-CUBE-SAFEA1.1.2.2
2025-08-09 19:21:27,592 [WARN] PackLoader:240 - Cannot read IP mode file for STMicroelectronics.X-CUBE-NFC4.3.0.0
2025-08-09 19:21:27,610 [WARN] PackLoader:240 - Cannot read IP mode file for EmbeddedOffice.I-CUBE-FS-RTOS.1.0.1
2025-08-09 19:21:27,610 [ERROR] ConditionMgr:805 - Attr not supported : Dmpu
2025-08-09 19:21:27,611 [ERROR] ConditionMgr:805 - Attr not supported : Dmpu
2025-08-09 19:21:27,611 [ERROR] ConditionMgr:805 - Attr not supported : Dmpu
2025-08-09 19:21:27,611 [ERROR] ConditionMgr:805 - Attr not supported : Dmpu
2025-08-09 19:21:27,611 [ERROR] ConditionMgr:805 - Attr not supported : Dmpu
2025-08-09 19:21:27,611 [ERROR] ConditionMgr:805 - Attr not supported : Dmpu
2025-08-09 19:21:27,611 [ERROR] ConditionMgr:805 - Attr not supported : Dmpu
2025-08-09 19:21:27,611 [ERROR] ConditionMgr:805 - Attr not supported : Dmpu
2025-08-09 19:21:27,611 [ERROR] ConditionMgr:805 - Attr not supported : Dmpu
2025-08-09 19:21:27,611 [ERROR] ConditionMgr:805 - Attr not supported : Dmpu
2025-08-09 19:21:27,611 [ERROR] ConditionMgr:805 - Attr not supported : Dmpu
2025-08-09 19:21:27,611 [ERROR] ConditionMgr:805 - Attr not supported : Dmpu
2025-08-09 19:21:27,611 [ERROR] ConditionMgr:805 - Attr not supported : Dmpu
2025-08-09 19:21:27,611 [ERROR] ConditionMgr:805 - Attr not supported : Dmpu
2025-08-09 19:21:27,611 [ERROR] ConditionMgr:805 - Attr not supported : Dmpu
2025-08-09 19:21:27,611 [ERROR] ConditionMgr:805 - Attr not supported : Dmpu
2025-08-09 19:21:27,612 [ERROR] ConditionMgr:805 - Attr not supported : Dmpu
2025-08-09 19:21:27,612 [ERROR] ConditionMgr:805 - Attr not supported : Dmpu
2025-08-09 19:21:27,612 [ERROR] ConditionMgr:805 - Attr not supported : Dmpu
2025-08-09 19:21:27,612 [ERROR] ConditionMgr:805 - Attr not supported : Dmpu
2025-08-09 19:21:27,612 [ERROR] ConditionMgr:805 - Attr not supported : Dmpu
2025-08-09 19:21:27,612 [ERROR] ConditionMgr:805 - Attr not supported : Dmpu
2025-08-09 19:21:27,612 [ERROR] ConditionMgr:805 - Attr not supported : Dmpu
2025-08-09 19:21:27,612 [ERROR] ConditionMgr:805 - Attr not supported : Dmpu
2025-08-09 19:21:27,612 [ERROR] ConditionMgr:805 - Attr not supported : Dmpu
2025-08-09 19:21:27,612 [ERROR] ConditionMgr:805 - Attr not supported : Dmpu
2025-08-09 19:21:27,612 [ERROR] ConditionMgr:805 - Attr not supported : Dmpu
2025-08-09 19:21:27,612 [ERROR] ConditionMgr:805 - Attr not supported : Dmpu
2025-08-09 19:21:27,612 [ERROR] ConditionMgr:805 - Attr not supported : Dmpu
2025-08-09 19:21:27,612 [ERROR] ConditionMgr:805 - Attr not supported : Dmpu
2025-08-09 19:21:27,612 [ERROR] ConditionMgr:805 - Attr not supported : Dmpu
2025-08-09 19:21:27,612 [ERROR] ConditionMgr:805 - Attr not supported : Dmpu
2025-08-09 19:21:27,612 [ERROR] ConditionMgr:805 - Attr not supported : Dmpu
2025-08-09 19:21:27,612 [ERROR] ConditionMgr:805 - Attr not supported : Dmpu
2025-08-09 19:21:27,612 [ERROR] ConditionMgr:805 - Attr not supported : Dmpu
2025-08-09 19:21:27,612 [ERROR] ConditionMgr:805 - Attr not supported : Dmpu
2025-08-09 19:21:27,612 [ERROR] ConditionMgr:805 - Attr not supported : Dmpu
2025-08-09 19:21:27,613 [ERROR] ConditionMgr:805 - Attr not supported : Dmpu
2025-08-09 19:21:27,613 [ERROR] ConditionMgr:805 - Attr not supported : Dmpu
2025-08-09 19:21:27,613 [ERROR] ConditionMgr:805 - Attr not supported : Dmpu
2025-08-09 19:21:27,613 [ERROR] ConditionMgr:805 - Attr not supported : Dmpu
2025-08-09 19:21:27,613 [ERROR] ConditionMgr:805 - Attr not supported : Dmpu
2025-08-09 19:21:27,613 [ERROR] ConditionMgr:805 - Attr not supported : Dmpu
2025-08-09 19:21:27,613 [ERROR] ConditionMgr:805 - Attr not supported : Dmpu
2025-08-09 19:21:27,613 [ERROR] ConditionMgr:805 - Attr not supported : Dmpu
2025-08-09 19:21:27,613 [ERROR] ConditionMgr:805 - Attr not supported : Dmpu
2025-08-09 19:21:27,613 [ERROR] ConditionMgr:805 - Attr not supported : Dmpu
2025-08-09 19:21:27,613 [ERROR] ConditionMgr:805 - Attr not supported : Dmpu
2025-08-09 19:21:27,613 [ERROR] ConditionMgr:805 - Attr not supported : Dmpu
2025-08-09 19:21:27,613 [ERROR] ConditionMgr:805 - Attr not supported : Dmpu
2025-08-09 19:21:27,613 [ERROR] ConditionMgr:805 - Attr not supported : Dmpu
2025-08-09 19:21:27,613 [ERROR] ConditionMgr:805 - Attr not supported : Dmpu
2025-08-09 19:21:27,613 [ERROR] ConditionMgr:805 - Attr not supported : Dmpu
2025-08-09 19:21:27,613 [ERROR] ConditionMgr:805 - Attr not supported : Dmpu
2025-08-09 19:21:27,613 [ERROR] ConditionMgr:805 - Attr not supported : Dmpu
2025-08-09 19:21:27,613 [ERROR] ConditionMgr:805 - Attr not supported : Dmpu
2025-08-09 19:21:27,613 [ERROR] ConditionMgr:805 - Attr not supported : Dmpu
2025-08-09 19:21:27,613 [ERROR] ConditionMgr:805 - Attr not supported : Dmpu
2025-08-09 19:21:27,614 [ERROR] ConditionMgr:805 - Attr not supported : Dmpu
2025-08-09 19:21:27,614 [ERROR] ConditionMgr:805 - Attr not supported : Dmpu
2025-08-09 19:21:27,614 [ERROR] ConditionMgr:805 - Attr not supported : Dmpu
2025-08-09 19:21:27,614 [ERROR] ConditionMgr:805 - Attr not supported : Dmpu
2025-08-09 19:21:27,614 [ERROR] ConditionMgr:805 - Attr not supported : Dmpu
2025-08-09 19:21:27,614 [ERROR] ConditionMgr:805 - Attr not supported : Dmpu
2025-08-09 19:21:27,619 [WARN] PackLoader:240 - Cannot read IP mode file for STMicroelectronics.X-CUBE-WB05N.2.0.0
2025-08-09 19:21:27,623 [ERROR] Engine:466 - C:\Users\nacho\.stm32cubemx\thirdparties\pdsc\STMicroelectronics.X-CUBE-TCPP.4.2.0.pdsc: PDSC version is not supported
2025-08-09 19:21:27,627 [WARN] PackLoader:240 - Cannot read IP mode file for RealThread.X-CUBE-RT-Thread_Nano.4.1.1
2025-08-09 19:21:27,632 [WARN] PackLoader:240 - Cannot read IP mode file for STMicroelectronics.FP-ATR-SIGFOX1.3.2.0
2025-08-09 19:21:27,637 [WARN] ConditionMgr:438 - getConditionDescription Invalid condition id : Cortex-A Device cause : null
2025-08-09 19:21:27,654 [WARN] ConditionMgr:1039 - genDependencies : Invalid condition id : Cortex-A Device cause : null
2025-08-09 19:21:27,654 [WARN] ConditionMgr:1039 - genDependencies : Invalid condition id : Cortex-A Device cause : null
2025-08-09 19:21:27,654 [WARN] ConditionMgr:1039 - genDependencies : Invalid condition id : Cortex-A Device cause : null
2025-08-09 19:21:27,659 [WARN] PackLoader:240 - Cannot read IP mode file for STMicroelectronics.X-CUBE-EEPRMA1.5.1.0
2025-08-09 19:21:27,665 [WARN] PackLoader:240 - Cannot read IP mode file for wolfSSL.I-CUBE-wolfSSL.5.7.4
2025-08-09 19:21:27,671 [WARN] PackLoader:240 - Cannot read IP mode file for ITTIA_DB.I-CUBE-ITTIADB.8.9.0
2025-08-09 19:21:27,675 [ERROR] Engine:466 - C:\Users\nacho\.stm32cubemx\thirdparties\pdsc\STMicroelectronics.X-CUBE-ST67W61.1.0.0.pdsc: PDSC version is not supported
2025-08-09 19:21:27,679 [WARN] PackLoader:240 - Cannot read IP mode file for STMicroelectronics.X-CUBE-AI.10.2.0
2025-08-09 19:21:27,702 [WARN] PackLoader:240 - Cannot read IP mode file for SEGGER.I-CUBE-embOS.1.3.1
2025-08-09 19:21:27,733 [WARN] PackLoader:240 - Cannot read IP mode file for STMicroelectronics.X-CUBE-ALGOBUILD.1.4.0
2025-08-09 19:21:27,767 [WARN] PackLoader:240 - Cannot read IP mode file for STMicroelectronics.X-CUBE-MEMS1.11.3.0
2025-08-09 19:21:27,853 [WARN] PackLoader:240 - Cannot read IP mode file for STMicroelectronics.X-CUBE-AI.9.1.0
2025-08-09 19:21:27,856 [WARN] PackLoader:240 - Cannot read IP mode file for STMicroelectronics.X-CUBE-PM33A1.1.0.0
2025-08-09 19:21:27,867 [WARN] PackLoader:240 - Cannot read IP mode file for STMicroelectronics.X-CUBE-AZRTOS-F4.1.1.0
2025-08-09 19:21:27,871 [ERROR] Engine:466 - C:\Users\nacho\.stm32cubemx\thirdparties\pdsc\Avnet-IotConnect.X-CUBE-IoTC-DA16k-PMOD.1.0.0.pdsc: PDSC version is not supported
2025-08-09 19:21:27,874 [WARN] PackLoader:240 - Cannot read IP mode file for STMicroelectronics.X-CUBE-ISPU.2.1.0
2025-08-09 19:21:27,879 [WARN] PackLoader:240 - Cannot read IP mode file for STMicroelectronics.X-CUBE-FREERTOS.1.2.0
2025-08-09 19:21:27,883 [WARN] PackLoader:240 - Cannot read IP mode file for STMicroelectronics.X-CUBE-NFC12.1.0.0
2025-08-09 19:21:27,895 [WARN] PackLoader:240 - Cannot read IP mode file for STMicroelectronics.X-CUBE-AZRTOS-L5.2.0.0
2025-08-09 19:21:27,902 [WARN] PackLoader:240 - Cannot read IP mode file for STMicroelectronics.X-CUBE-NFC6.3.1.0
2025-08-09 19:21:27,908 [WARN] PackLoader:240 - Cannot read IP mode file for STMicroelectronics.X-CUBE-DPower.1.2.0
2025-08-09 19:21:27,912 [WARN] PackLoader:240 - Cannot read IP mode file for STMicroelectronics.X-CUBE-FREERTOS.1.3.1
2025-08-09 19:21:27,917 [WARN] PackLoader:240 - Cannot read IP mode file for STMicroelectronics.X-CUBE-FREERTOS.1.3.0
2025-08-09 19:21:27,921 [WARN] PackLoader:240 - Cannot read IP mode file for STMicroelectronics.X-CUBE-NFC7.1.0.1
2025-08-09 19:21:27,924 [ERROR] Engine:466 - C:\Users\nacho\.stm32cubemx\thirdparties\pdsc\STMicroelectronics.FP-SNS-STAIOTCFT.1.0.0.pdsc: PDSC version is not supported
2025-08-09 19:21:27,930 [WARN] PackLoader:240 - Cannot read IP mode file for STMicroelectronics.X-CUBE-DPower.1.3.0
2025-08-09 19:21:27,942 [WARN] ConditionMgr:438 - getConditionDescription Invalid condition id : LAN8742 Phy interface Condition cause : null
2025-08-09 19:21:27,943 [WARN] PackLoader:240 - Cannot read IP mode file for STMicroelectronics.X-CUBE-AZRTOS-L4.2.0.0
2025-08-09 19:21:27,944 [WARN] ConditionMgr:1039 - genDependencies : Invalid condition id : LAN8742 Phy interface Condition cause : null
2025-08-09 19:21:27,944 [WARN] ConditionMgr:1039 - genDependencies : Invalid condition id : LAN8742 Phy interface Condition cause : null
2025-08-09 19:21:27,945 [WARN] ConditionMgr:1039 - genDependencies : Invalid condition id : LAN8742 Phy interface Condition cause : null
2025-08-09 19:21:27,957 [WARN] PackLoader:240 - Cannot read IP mode file for STMicroelectronics.X-CUBE-SFXS2LP1.4.0.0
2025-08-09 19:21:27,983 [WARN] PackLoader:240 - Cannot read IP mode file for STMicroelectronics.X-CUBE-AZRTOS-H7.3.3.0
2025-08-09 19:21:27,992 [ERROR] Engine:466 - C:\Users\nacho\.stm32cubemx\thirdparties\pdsc\STMicroelectronics.X-CUBE-BLEMGR.4.1.0.pdsc: PDSC version is not supported
2025-08-09 19:21:28,008 [WARN] PackLoader:240 - Cannot read IP mode file for STMicroelectronics.X-CUBE-IPS.3.0.0
2025-08-09 19:21:28,039 [WARN] ConditionMgr:438 - getConditionDescription Invalid condition id : UX DEVICE CLASS RTOS Condition cause : null
2025-08-09 19:21:28,040 [WARN] ConditionMgr:438 - getConditionDescription Invalid condition id : UX DEVICE CLASS RTOS Condition cause : null
2025-08-09 19:21:28,042 [WARN] PackLoader:240 - Cannot read IP mode file for STMicroelectronics.X-CUBE-AZRTOS-WB.2.0.0
2025-08-09 19:21:28,043 [WARN] ConditionMgr:1039 - genDependencies : Invalid condition id : UX DEVICE CLASS RTOS Condition cause : null
2025-08-09 19:21:28,043 [WARN] ConditionMgr:1039 - genDependencies : Invalid condition id : UX DEVICE CLASS RTOS Condition cause : null
2025-08-09 19:21:28,044 [WARN] ConditionMgr:1039 - genDependencies : Invalid condition id : UX DEVICE CLASS RTOS Condition cause : null
2025-08-09 19:21:28,044 [WARN] ConditionMgr:1039 - genDependencies : Invalid condition id : UX DEVICE CLASS RTOS Condition cause : null
2025-08-09 19:21:28,044 [WARN] ConditionMgr:1039 - genDependencies : Invalid condition id : UX DEVICE CLASS RTOS Condition cause : null
2025-08-09 19:21:28,053 [WARN] PackLoader:240 - Cannot read IP mode file for STMicroelectronics.X-CUBE-GNSS1.7.0.0
2025-08-09 19:21:28,059 [WARN] PackLoader:240 - Cannot read IP mode file for STMicroelectronics.X-CUBE-GNSS1.7.0.1
2025-08-09 19:21:28,066 [WARN] PackLoader:240 - Cannot read IP mode file for STMicroelectronics.X-CUBE-TOUCHGFX.4.25.0
2025-08-09 19:21:28,073 [WARN] PackLoader:240 - Cannot read IP mode file for STMicroelectronics.FP-SNS-STBOX1.2.0.0
2025-08-09 19:21:28,086 [WARN] PackLoader:240 - Cannot read IP mode file for STMicroelectronics.X-CUBE-SUBG2.5.0.0
2025-08-09 19:21:28,112 [WARN] PackLoader:240 - Cannot read IP mode file for STMicroelectronics.X-CUBE-AZRTOS-H7RS.1.1.0
2025-08-09 19:21:28,120 [WARN] PackLoader:240 - Cannot read IP mode file for Cesanta.I-CUBE-Mongoose.7.13.0
2025-08-09 19:21:28,135 [WARN] PackLoader:240 - Cannot read IP mode file for STMicroelectronics.X-CUBE-AZRTOS-G4.2.0.0
2025-08-09 19:21:28,140 [WARN] PackLoader:240 - Cannot read IP mode file for STMicroelectronics.X-CUBE-NFC7.2.0.0
2025-08-09 19:21:28,146 [ERROR] Engine:466 - C:\Users\nacho\.stm32cubemx\thirdparties\pdsc\STMicroelectronics.X-CUBE-IPS.3.1.0.pdsc: PDSC version is not supported
2025-08-09 19:21:28,150 [WARN] PackLoader:240 - Cannot read IP mode file for STMicroelectronics.X-CUBE-ALS.1.0.2
2025-08-09 19:21:28,155 [WARN] PackLoader:240 - Cannot read IP mode file for STMicroelectronics.X-CUBE-TOUCHGFX.4.24.2
2025-08-09 19:21:28,158 [WARN] PackLoader:240 - Cannot read IP mode file for STMicroelectronics.X-CUBE-TOUCHGFX.4.24.1
2025-08-09 19:21:28,163 [WARN] PackLoader:240 - Cannot read IP mode file for wolfSSL.I-CUBE-wolfTPM.3.4.0
2025-08-09 19:21:28,170 [WARN] PackLoader:240 - Cannot read IP mode file for portGmbH.I-Cube-SoM-uGOAL.1.1.0
2025-08-09 19:21:28,184 [WARN] PackLoader:240 - Cannot read IP mode file for STMicroelectronics.X-CUBE-AZRTOS-H7RS.1.0.0
2025-08-09 19:21:28,199 [WARN] PackLoader:240 - Cannot read IP mode file for STMicroelectronics.X-CUBE-TOF1.3.4.2
2025-08-09 19:21:28,224 [ERROR] Engine:466 - C:\Users\nacho\.stm32cubemx\thirdparties\pdsc\STMicroelectronics.X-CUBE-TOF1.3.4.3.pdsc: PDSC version is not supported
2025-08-09 19:21:28,264 [WARN] PackLoader:240 - Cannot read IP mode file for Infineon.AIROC-Wi-Fi-Bluetooth-STM32.1.6.1
2025-08-09 19:21:28,275 [WARN] PackLoader:240 - Cannot read IP mode file for wolfSSL.I-CUBE-wolfSSH.1.4.17
2025-08-09 19:21:28,277 [INFO] ThirdParty:978 - Integrity check success = true
2025-08-09 19:21:28,277 [INFO] IntegrityCheckThread:100 - exiting critical section [integrity check]
2025-08-09 19:21:28,277 [INFO] IntegrityCheckThread:103 - End integrity checks thread
2025-08-09 19:21:28,498 [INFO] WebApp:448 - Apply proxy settings
2025-08-09 19:21:28,498 [INFO] WebApp:533 - Chromium requires no authentication
2025-08-09 19:21:28,519 [INFO] WebApp:476 - Direct internet connection detected
2025-08-09 19:21:28,569 [INFO] WebApp:869 - Register for checkConnection events
2025-08-09 19:21:28,569 [INFO] WebApp:448 - Apply proxy settings
2025-08-09 19:21:28,570 [INFO] WebApp:533 - Chromium requires no authentication
2025-08-09 19:21:28,571 [INFO] WebApp:476 - Direct internet connection detected
2025-08-09 19:21:28,707 [INFO] WebApp:186 - Connection restablished
2025-08-09 19:21:28,733 [INFO] WebApp:220 - Starting web application
2025-08-09 19:21:28,733 [INFO] WebApp:578 - Web application path used C:\ST\STM32CubeIDE_1.16.1\STM32CubeIDE\plugins\com.st.stm32cube.common.mx_6.12.1.202409122256\db\plugins\mcufinder\reactClient1\index.html
2025-08-09 19:21:28,844 [INFO] UserAuth:417 - Internet connection configuration mode: 1
2025-08-09 19:21:31,548 [ERROR] LogOutputStream:75 - [STDERR_REDIRECT] 
2025-08-09 19:21:44,144 [INFO] Activator:176 - 


2025-08-09 19:21:44,144 [INFO] Activator:177 - !SESSION log4j initialized
2025-08-09 19:21:46,969 [INFO] LogOutputStream:77 - [STDOUT_REDIRECT] 
2025-08-09 19:21:48,550 [INFO] ApplicationProperties:184 - Using Application install path: C:\ST\STM32CubeIDE_1.16.1\STM32CubeIDE\plugins\com.st.stm32cube.common.mx_6.12.1.202409122256
2025-08-09 19:21:48,568 [INFO] DbMcusXml:78 - Set database path to: C:\ST\STM32CubeIDE_1.16.1\STM32CubeIDE\plugins\com.st.stm32cube.common.mx_6.12.1.202409122256\\db\/mcu/
2025-08-09 19:21:48,568 [INFO] ApiDb:274 - Set plugin database path to: C:\ST\STM32CubeIDE_1.16.1\STM32CubeIDE\plugins\com.st.stm32cube.common.mx_6.12.1.202409122256\\db\/plugins/boardmanager/
2025-08-09 19:21:48,568 [WARN] ApiDb:259 - Overriding images path with different value:  => C:\ST\STM32CubeIDE_1.16.1\STM32CubeIDE\plugins\com.st.stm32cube.common.mx_6.12.1.202409122256\\db\/plugins/mcufinder/images/
2025-08-09 19:21:48,573 [INFO] ApiDb:250 - Set database path to: C:\Users\nacho\.stmcufinder\plugins\mcufinder//mcu/
2025-08-09 19:21:48,574 [INFO] DbMcusAds:125 - Set database path to: C:\Users\nacho\.stmcufinder\plugins\mcufinder//mcu/
2025-08-09 19:21:48,576 [INFO] CrossReferenceDbSqlite:203 - Set database path to: C:\Users\nacho\.stmcufinder\plugins\mcufinder//mcu/cs/
2025-08-09 19:21:48,680 [INFO] RulesReader:64 - Compatibility file has been processed (297 Rules)
2025-08-09 19:21:48,754 [INFO] DbMcusXml:78 - Set database path to: C:\ST\STM32CubeIDE_1.16.1\STM32CubeIDE\plugins\com.st.stm32cube.common.mx_6.12.1.202409122256\\db\/mcu/
2025-08-09 19:21:48,754 [INFO] ApiDb:274 - Set plugin database path to: C:\ST\STM32CubeIDE_1.16.1\STM32CubeIDE\plugins\com.st.stm32cube.common.mx_6.12.1.202409122256\\db\/plugins/boardmanager/
2025-08-09 19:21:48,754 [INFO] ApiDb:261 - Set plugin images path to: C:\ST\STM32CubeIDE_1.16.1\STM32CubeIDE\plugins\com.st.stm32cube.common.mx_6.12.1.202409122256\\db\/plugins/mcufinder/images/
2025-08-09 19:21:48,754 [WARN] DbFile:41 - Overriding database path with different value: C:\Users\nacho\.stmcufinder\plugins\mcufinder/ => C:\Users\nacho\.stmcufinder\plugins\mcufinder
2025-08-09 19:21:48,754 [INFO] ApiDb:250 - Set database path to: C:\Users\nacho\.stmcufinder\plugins\mcufinder//mcu/
2025-08-09 19:21:48,755 [WARN] DbFile:41 - Overriding database path with different value: C:\Users\nacho\.stmcufinder\plugins\mcufinder/ => C:\Users\nacho\.stmcufinder\plugins\mcufinder
2025-08-09 19:21:48,755 [INFO] DbMcusAds:125 - Set database path to: C:\Users\nacho\.stmcufinder\plugins\mcufinder//mcu/
2025-08-09 19:21:48,755 [WARN] DbFile:41 - Overriding database path with different value: C:\Users\nacho\.stmcufinder\plugins\mcufinder/ => C:\Users\nacho\.stmcufinder\plugins\mcufinder
2025-08-09 19:21:48,755 [WARN] DbFile:41 - Overriding database path with different value: C:\Users\nacho\.stmcufinder\plugins\mcufinder/ => C:\Users\nacho\.stmcufinder\plugins\mcufinder
2025-08-09 19:21:48,755 [INFO] CrossReferenceDbSqlite:203 - Set database path to: C:\Users\nacho\.stmcufinder\plugins\mcufinder//mcu/cs/
2025-08-09 19:21:48,816 [INFO] MainPanel:268 - HeapMemory: 268435456
2025-08-09 19:21:48,903 [INFO] DbMcusXml:78 - Set database path to: C:\ST\STM32CubeIDE_1.16.1\STM32CubeIDE\plugins\com.st.stm32cube.common.mx_6.12.1.202409122256\\db\/mcu/
2025-08-09 19:21:48,903 [INFO] ApiDb:274 - Set plugin database path to: C:\ST\STM32CubeIDE_1.16.1\STM32CubeIDE\plugins\com.st.stm32cube.common.mx_6.12.1.202409122256\\db\/plugins/boardmanager/
2025-08-09 19:21:48,904 [INFO] ApiDb:261 - Set plugin images path to: C:\ST\STM32CubeIDE_1.16.1\STM32CubeIDE\plugins\com.st.stm32cube.common.mx_6.12.1.202409122256\\db\/plugins/mcufinder/images/
2025-08-09 19:21:48,904 [WARN] DbFile:41 - Overriding database path with different value: C:\Users\nacho\.stmcufinder\plugins\mcufinder/ => C:\Users\nacho\.stmcufinder\plugins\mcufinder
2025-08-09 19:21:48,904 [INFO] ApiDb:250 - Set database path to: C:\Users\nacho\.stmcufinder\plugins\mcufinder//mcu/
2025-08-09 19:21:48,904 [WARN] DbFile:41 - Overriding database path with different value: C:\Users\nacho\.stmcufinder\plugins\mcufinder/ => C:\Users\nacho\.stmcufinder\plugins\mcufinder
2025-08-09 19:21:48,904 [INFO] DbMcusAds:125 - Set database path to: C:\Users\nacho\.stmcufinder\plugins\mcufinder//mcu/
2025-08-09 19:21:48,904 [WARN] DbFile:41 - Overriding database path with different value: C:\Users\nacho\.stmcufinder\plugins\mcufinder/ => C:\Users\nacho\.stmcufinder\plugins\mcufinder
2025-08-09 19:21:48,904 [WARN] DbFile:41 - Overriding database path with different value: C:\Users\nacho\.stmcufinder\plugins\mcufinder/ => C:\Users\nacho\.stmcufinder\plugins\mcufinder
2025-08-09 19:21:48,904 [INFO] CrossReferenceDbSqlite:203 - Set database path to: C:\Users\nacho\.stmcufinder\plugins\mcufinder//mcu/cs/
2025-08-09 19:21:48,918 [INFO] ApplicationProperties:184 - Using Application install path: C:\ST\STM32CubeIDE_1.16.1\STM32CubeIDE\plugins\com.st.stm32cube.common.mx_6.12.1.202409122256
2025-08-09 19:21:48,919 [INFO] PluginManage:196 - Search for loadable plugins [exclusion list=, ]
2025-08-09 19:21:48,920 [INFO] PluginManage:310 - Check plugin analytics
2025-08-09 19:21:49,077 [INFO] AnalyticsPlugin:253 - Accepted Software Licenses: STM32CubeMX.6.12.1
2025-08-09 19:21:49,077 [INFO] AnalyticsPlugin:255 - Accepted CMSIS Pack Licenses: 
2025-08-09 19:21:49,077 [INFO] AnalyticsPlugin:257 - Accepted Firmware Licenses: FW.WL.1.3.0
2025-08-09 19:21:49,080 [INFO] PluginManage:359 - Loaded plugin analytics (category:tool,tabindex:-1)
2025-08-09 19:21:49,080 [INFO] PluginManage:310 - Check plugin cadmodel
2025-08-09 19:21:49,084 [INFO] CADModel:105 - Init CAD model plugin
2025-08-09 19:21:49,085 [INFO] PluginManage:359 - Loaded plugin cadmodel (category:power,tabindex:5)
2025-08-09 19:21:49,085 [INFO] PluginManage:310 - Check plugin clock
2025-08-09 19:21:49,095 [INFO] PluginManage:359 - Loaded plugin clock (category:base,tabindex:2)
2025-08-09 19:21:49,095 [INFO] PluginManage:310 - Check plugin ddr
2025-08-09 19:21:49,098 [INFO] PluginManage:359 - Loaded plugin ddr (category:tool,tabindex:6)
2025-08-09 19:21:49,099 [INFO] PluginManage:310 - Check plugin filemanager
2025-08-09 19:21:49,238 [INFO] PluginManage:359 - Loaded plugin filemanager (category:base,tabindex:10)
2025-08-09 19:21:49,238 [INFO] PluginManage:310 - Check plugin ipmanager
2025-08-09 19:21:49,244 [INFO] PluginManage:359 - Loaded plugin ipmanager (category:base,tabindex:5)
2025-08-09 19:21:49,244 [INFO] PluginManage:310 - Check plugin lpbam
2025-08-09 19:21:49,251 [INFO] PluginManage:359 - Loaded plugin lpbam (category:base,tabindex:0)
2025-08-09 19:21:49,251 [INFO] PluginManage:310 - Check plugin memorymap
2025-08-09 19:21:49,259 [INFO] PluginManage:359 - Loaded plugin memorymap (category:base,tabindex:4)
2025-08-09 19:21:49,259 [INFO] PluginManage:310 - Check plugin pinoutandconfiguration
2025-08-09 19:21:49,265 [INFO] PluginManage:359 - Loaded plugin pinoutandconfiguration (category:base,tabindex:1)
2025-08-09 19:21:49,265 [INFO] PluginManage:310 - Check plugin pinoutconfig
2025-08-09 19:21:49,350 [WARN] SupportedApi:132 - Cannot load RTOS API schema: s4s-elt-must-match.1: The content of 'definitions' must match (annotation?, (simpleType | complexType)?, (unique | key | keyref)*)). A problem was found starting at: attribute.
2025-08-09 19:21:49,482 [INFO] PluginManage:359 - Loaded plugin pinoutconfig (category:base,tabindex:0)
2025-08-09 19:21:49,483 [INFO] PluginManage:310 - Check plugin power
2025-08-09 19:21:49,490 [INFO] PluginManage:359 - Loaded plugin power (category:power,tabindex:4)
2025-08-09 19:21:49,491 [INFO] PluginManage:310 - Check plugin projectmanager
2025-08-09 19:21:49,507 [INFO] PluginManage:359 - Loaded plugin projectmanager (category:projectmanager,tabindex:4)
2025-08-09 19:21:49,507 [INFO] PluginManage:310 - Check plugin rif
2025-08-09 19:21:49,512 [INFO] PluginManage:359 - Loaded plugin rif (category:base,tabindex:3)
2025-08-09 19:21:49,512 [INFO] PluginManage:310 - Check plugin thirdparty
2025-08-09 19:21:49,619 [WARN] IntegrityCheckThread:84 - waiting for thirdparty lock release [integrity check]
2025-08-09 19:21:49,619 [INFO] IntegrityCheckThread:86 - entering critical section [integrity check]
2025-08-09 19:21:49,620 [INFO] PluginManage:359 - Loaded plugin thirdparty (category:base,tabindex:-1)
2025-08-09 19:21:49,620 [INFO] PluginManage:310 - Check plugin tools
2025-08-09 19:21:49,620 [INFO] ThirdPartyUpdaterWithRetryManager:70 - Updater plugin not ready yet. [1/15]
2025-08-09 19:21:49,623 [INFO] PluginManage:359 - Loaded plugin tools (category:base,tabindex:7)
2025-08-09 19:21:49,623 [INFO] PluginManage:310 - Check plugin tutovideos
2025-08-09 19:21:49,768 [INFO] PluginManage:359 - Loaded plugin tutovideos (category:base,tabindex:-1)
2025-08-09 19:21:49,768 [INFO] PluginManage:310 - Check plugin updater
2025-08-09 19:21:49,781 [INFO] PluginManage:359 - Loaded plugin updater (category:base,tabindex:12)
2025-08-09 19:21:49,781 [INFO] PluginManage:310 - Check plugin userauth
2025-08-09 19:21:49,786 [INFO] UserAuth:113 - Init User Auth plugin
2025-08-09 19:21:49,787 [INFO] PluginManage:359 - Loaded plugin userauth (category:base,tabindex:14)
2025-08-09 19:21:49,787 [INFO] PluginManage:283 - PluginManage : Loaded plugins [18]
2025-08-09 19:21:49,955 [INFO] PinOutPanel:1561 - setPackage(No Configuration,No Configuration)
2025-08-09 19:21:50,032 [INFO] CADModel:165 - CPN selected for project level
2025-08-09 19:21:50,032 [INFO] CADModel:114 - Register for checkConnection events
2025-08-09 19:21:50,044 [INFO] IPUIPlugin:80 - create IPUIPlugin
2025-08-09 19:21:50,045 [INFO] PluginManager:220 - loadIPPluginJar : add adc
2025-08-09 19:21:50,046 [INFO] IPUIPlugin:80 - create IPUIPlugin
2025-08-09 19:21:50,046 [INFO] PluginManager:220 - loadIPPluginJar : add aes
2025-08-09 19:21:50,048 [INFO] IPUIPlugin:80 - create IPUIPlugin
2025-08-09 19:21:50,048 [INFO] PluginManager:220 - loadIPPluginJar : add can
2025-08-09 19:21:50,049 [INFO] IPUIPlugin:80 - create IPUIPlugin
2025-08-09 19:21:50,049 [INFO] PluginManager:220 - loadIPPluginJar : add comp
2025-08-09 19:21:50,051 [INFO] IPUIPlugin:80 - create IPUIPlugin
2025-08-09 19:21:50,051 [INFO] PluginManager:220 - loadIPPluginJar : add cryp
2025-08-09 19:21:50,052 [INFO] IPUIPlugin:80 - create IPUIPlugin
2025-08-09 19:21:50,052 [INFO] PluginManager:220 - loadIPPluginJar : add ddr_ctrl_phy
2025-08-09 19:21:50,054 [INFO] IPUIPlugin:80 - create IPUIPlugin
2025-08-09 19:21:50,054 [INFO] PluginManager:220 - loadIPPluginJar : add dfsdm
2025-08-09 19:21:50,058 [INFO] IPUIPlugin:80 - create IPUIPlugin
2025-08-09 19:21:50,058 [INFO] PluginManager:220 - loadIPPluginJar : add dma
2025-08-09 19:21:50,060 [INFO] IPUIPlugin:80 - create IPUIPlugin
2025-08-09 19:21:50,060 [INFO] PluginManager:220 - loadIPPluginJar : add dma3
2025-08-09 19:21:50,062 [INFO] IPUIPlugin:80 - create IPUIPlugin
2025-08-09 19:21:50,062 [INFO] PluginManager:220 - loadIPPluginJar : add extmemmanager
2025-08-09 19:21:50,063 [INFO] IPUIPlugin:80 - create IPUIPlugin
2025-08-09 19:21:50,063 [INFO] PluginManager:220 - loadIPPluginJar : add fatfs
2025-08-09 19:21:50,066 [INFO] IPUIPlugin:80 - create IPUIPlugin
2025-08-09 19:21:50,066 [INFO] PluginManager:220 - loadIPPluginJar : add fmc
2025-08-09 19:21:50,069 [INFO] IPUIPlugin:80 - create IPUIPlugin
2025-08-09 19:21:50,069 [INFO] PluginManager:220 - loadIPPluginJar : add freertos
2025-08-09 19:21:50,070 [INFO] IPUIPlugin:80 - create IPUIPlugin
2025-08-09 19:21:50,070 [INFO] PluginManager:220 - loadIPPluginJar : add genericplugin
2025-08-09 19:21:50,071 [INFO] IPUIPlugin:80 - create IPUIPlugin
2025-08-09 19:21:50,071 [INFO] PluginManager:220 - loadIPPluginJar : add gfxmmu
2025-08-09 19:21:50,075 [INFO] IPUIPlugin:80 - create IPUIPlugin
2025-08-09 19:21:50,075 [INFO] PluginManager:220 - loadIPPluginJar : add gic
2025-08-09 19:21:50,079 [INFO] IPUIPlugin:80 - create IPUIPlugin
2025-08-09 19:21:50,079 [INFO] PluginManager:220 - loadIPPluginJar : add gpio
2025-08-09 19:21:50,081 [INFO] IPUIPlugin:80 - create IPUIPlugin
2025-08-09 19:21:50,081 [INFO] PluginManager:220 - loadIPPluginJar : add gtzc
2025-08-09 19:21:50,082 [INFO] IPUIPlugin:80 - create IPUIPlugin
2025-08-09 19:21:50,082 [INFO] PluginManager:220 - loadIPPluginJar : add hash
2025-08-09 19:21:50,084 [INFO] IPUIPlugin:80 - create IPUIPlugin
2025-08-09 19:21:50,085 [INFO] PluginManager:220 - loadIPPluginJar : add i2c
2025-08-09 19:21:50,086 [INFO] IPUIPlugin:80 - create IPUIPlugin
2025-08-09 19:21:50,086 [INFO] PluginManager:220 - loadIPPluginJar : add i2s
2025-08-09 19:21:50,090 [INFO] IPUIPlugin:80 - create IPUIPlugin
2025-08-09 19:21:50,090 [INFO] PluginManager:220 - loadIPPluginJar : add i3c
2025-08-09 19:21:50,091 [INFO] IPUIPlugin:80 - create IPUIPlugin
2025-08-09 19:21:50,091 [INFO] PluginManager:220 - loadIPPluginJar : add ipddr
2025-08-09 19:21:50,097 [INFO] IPUIPlugin:80 - create IPUIPlugin
2025-08-09 19:21:50,097 [INFO] PluginManager:220 - loadIPPluginJar : add linkedlist
2025-08-09 19:21:50,100 [INFO] IPUIPlugin:80 - create IPUIPlugin
2025-08-09 19:21:50,100 [INFO] PluginManager:220 - loadIPPluginJar : add lorawan
2025-08-09 19:21:50,101 [INFO] IPUIPlugin:80 - create IPUIPlugin
2025-08-09 19:21:50,102 [INFO] PluginManager:220 - loadIPPluginJar : add ltdc
2025-08-09 19:21:50,107 [INFO] IPUIPlugin:80 - create IPUIPlugin
2025-08-09 19:21:50,107 [INFO] PluginManager:220 - loadIPPluginJar : add mdma
2025-08-09 19:21:50,110 [INFO] IPUIPlugin:80 - create IPUIPlugin
2025-08-09 19:21:50,110 [INFO] PluginManager:220 - loadIPPluginJar : add nvic
2025-08-09 19:21:50,112 [INFO] IPUIPlugin:80 - create IPUIPlugin
2025-08-09 19:21:50,112 [INFO] PluginManager:220 - loadIPPluginJar : add opamp
2025-08-09 19:21:50,115 [INFO] IPUIPlugin:80 - create IPUIPlugin
2025-08-09 19:21:50,115 [INFO] PluginManager:220 - loadIPPluginJar : add openamp
2025-08-09 19:21:50,117 [INFO] IPUIPlugin:80 - create IPUIPlugin
2025-08-09 19:21:50,117 [INFO] PluginManager:220 - loadIPPluginJar : add pdm2pcm
2025-08-09 19:21:50,122 [INFO] IPUIPlugin:80 - create IPUIPlugin
2025-08-09 19:21:50,124 [INFO] PluginManager:220 - loadIPPluginJar : add plateformsettings
2025-08-09 19:21:50,125 [INFO] IPUIPlugin:80 - create IPUIPlugin
2025-08-09 19:21:50,125 [INFO] PluginManager:220 - loadIPPluginJar : add quadspi
2025-08-09 19:21:50,126 [INFO] IPUIPlugin:80 - create IPUIPlugin
2025-08-09 19:21:50,127 [INFO] PluginManager:220 - loadIPPluginJar : add radio
2025-08-09 19:21:50,129 [INFO] IPUIPlugin:80 - create IPUIPlugin
2025-08-09 19:21:50,129 [INFO] PluginManager:220 - loadIPPluginJar : add resmgrutility
2025-08-09 19:21:50,131 [INFO] IPUIPlugin:80 - create IPUIPlugin
2025-08-09 19:21:50,131 [INFO] PluginManager:220 - loadIPPluginJar : add sai
2025-08-09 19:21:50,132 [INFO] IPUIPlugin:80 - create IPUIPlugin
2025-08-09 19:21:50,132 [INFO] PluginManager:220 - loadIPPluginJar : add spi
2025-08-09 19:21:50,135 [INFO] IPUIPlugin:80 - create IPUIPlugin
2025-08-09 19:21:50,135 [INFO] PluginManager:220 - loadIPPluginJar : add stm32_wpan
2025-08-09 19:21:50,137 [INFO] IPUIPlugin:80 - create IPUIPlugin
2025-08-09 19:21:50,137 [INFO] PluginManager:220 - loadIPPluginJar : add tim
2025-08-09 19:21:50,139 [INFO] IPUIPlugin:80 - create IPUIPlugin
2025-08-09 19:21:50,139 [INFO] PluginManager:220 - loadIPPluginJar : add touchsensing
2025-08-09 19:21:50,140 [INFO] IPUIPlugin:80 - create IPUIPlugin
2025-08-09 19:21:50,140 [INFO] PluginManager:220 - loadIPPluginJar : add tracer_emb
2025-08-09 19:21:50,141 [INFO] IPUIPlugin:80 - create IPUIPlugin
2025-08-09 19:21:50,141 [INFO] PluginManager:220 - loadIPPluginJar : add ts
2025-08-09 19:21:50,143 [INFO] IPUIPlugin:80 - create IPUIPlugin
2025-08-09 19:21:50,143 [INFO] PluginManager:220 - loadIPPluginJar : add tsc
2025-08-09 19:21:50,144 [INFO] IPUIPlugin:80 - create IPUIPlugin
2025-08-09 19:21:50,144 [INFO] PluginManager:220 - loadIPPluginJar : add ucpd
2025-08-09 19:21:50,146 [INFO] IPUIPlugin:80 - create IPUIPlugin
2025-08-09 19:21:50,146 [INFO] PluginManager:220 - loadIPPluginJar : add usart
2025-08-09 19:21:50,148 [INFO] IPUIPlugin:80 - create IPUIPlugin
2025-08-09 19:21:50,148 [INFO] PluginManager:220 - loadIPPluginJar : add usbx
2025-08-09 19:21:50,270 [INFO] CADModel:165 - CPN selected for project level
2025-08-09 19:21:50,270 [INFO] CADModel:114 - Register for checkConnection events
2025-08-09 19:21:50,270 [FATAL] Updater:334 - Updater called before beeing initialized
2025-08-09 19:21:50,270 [ERROR] CADModel:125 - Updater not yet initialized, retry later 
2025-08-09 19:21:50,363 [INFO] CADModel:165 - CPN selected for project level
2025-08-09 19:21:50,363 [INFO] CADModel:114 - Register for checkConnection events
2025-08-09 19:21:50,363 [FATAL] Updater:334 - Updater called before beeing initialized
2025-08-09 19:21:50,363 [ERROR] CADModel:125 - Updater not yet initialized, retry later 
2025-08-09 19:21:50,366 [FATAL] Updater:334 - Updater called before beeing initialized
2025-08-09 19:21:50,456 [FATAL] Updater:334 - Updater called before beeing initialized
2025-08-09 19:21:50,459 [INFO] DbMcusAds:53 - JSON generation date=Tue Jul 08 05:14:23 ART 2025 (1751962463582)
2025-08-09 19:21:50,459 [FATAL] Updater:334 - Updater called before beeing initialized
2025-08-09 19:21:50,485 [WARN] DetailPanel:346 - Failed to get advertising image, set to default
2025-08-09 19:21:50,553 [FATAL] Updater:334 - Updater called before beeing initialized
2025-08-09 19:21:50,555 [FATAL] Updater:334 - Updater called before beeing initialized
2025-08-09 19:21:50,555 [FATAL] Updater:334 - Updater called before beeing initialized
2025-08-09 19:21:50,555 [WARN] DetailPanel:346 - Failed to get advertising image, set to default
2025-08-09 19:21:50,556 [FATAL] Updater:334 - Updater called before beeing initialized
2025-08-09 19:21:50,589 [ERROR] Updater:1164 - MainUpdater not yet initialized. External WinMGr cannot be set.
2025-08-09 19:21:50,591 [INFO] Updater:1100 - Updater Version found : 6.12.1
2025-08-09 19:21:50,608 [INFO] ApplicationProperties:184 - Using Application install path: C:\ST\STM32CubeIDE_1.16.1\STM32CubeIDE\plugins\com.st.stm32cube.common.mx_6.12.1.202409122256
2025-08-09 19:21:50,833 [INFO] MainUpdater:2873 - connection check result : 10
2025-08-09 19:21:50,834 [INFO] MainUpdater:290 - Updater Check For Update Now.
2025-08-09 19:21:50,834 [INFO] MicroXplorer:498 - Change Database Version : DB.6.0.121
2025-08-09 19:21:50,839 [INFO] McuFinderGlobals:63 - Set McuFinder mode to 2 (CubeIDE integrated)
2025-08-09 19:21:50,840 [INFO] UserAuth:417 - Internet connection configuration mode: 1
2025-08-09 19:21:50,856 [INFO] JxBrowserEngine:152 - Initiate JxBrowser Engine with user profile folder
2025-08-09 19:21:51,030 [INFO] CheckServerUpdateThread:120 - End of CheckServer Thread
2025-08-09 19:21:51,393 [INFO] WebApp:167 - Instantiating new browser for Auth
2025-08-09 19:21:51,978 [INFO] WebApp:448 - Apply proxy settings
2025-08-09 19:21:51,978 [INFO] WebApp:533 - Chromium requires no authentication
2025-08-09 19:21:51,984 [INFO] WebApp:476 - Direct internet connection detected
2025-08-09 19:21:51,999 [INFO] WebApp:869 - Register for checkConnection events
2025-08-09 19:21:51,999 [INFO] WebApp:448 - Apply proxy settings
2025-08-09 19:21:51,999 [INFO] WebApp:533 - Chromium requires no authentication
2025-08-09 19:21:51,999 [INFO] WebApp:476 - Direct internet connection detected
2025-08-09 19:21:52,119 [INFO] WebApp:220 - Starting web application
2025-08-09 19:21:52,119 [INFO] WebApp:578 - Web application path used C:\ST\STM32CubeIDE_1.16.1\STM32CubeIDE\plugins\com.st.stm32cube.common.mx_6.12.1.202409122256\db\plugins\mcufinder\reactClient1\index.html
2025-08-09 19:21:52,218 [INFO] WebApp:186 - Connection restablished
2025-08-09 19:21:52,551 [INFO] McuFinderGlobals:63 - Set McuFinder mode to 2 (CubeIDE integrated)
2025-08-09 19:21:52,554 [INFO] MainUpdater:2873 - connection check result : 10
2025-08-09 19:21:52,877 [INFO] UserAuth:417 - Internet connection configuration mode: 1
2025-08-09 19:21:53,054 [WARN] PackLoader:240 - Cannot read IP mode file for STMicroelectronics.FP-SNS-MOTENVWB1.1.4.0
2025-08-09 19:21:53,065 [WARN] PackLoader:240 - Cannot read IP mode file for STMicroelectronics.FP-ATR-ASTRA1.2.0.2
2025-08-09 19:21:53,071 [WARN] PackLoader:240 - Cannot read IP mode file for STMicroelectronics.FP-ATR-ASTRA1.2.0.1
2025-08-09 19:21:53,091 [WARN] PackLoader:240 - Cannot read IP mode file for STMicroelectronics.X-CUBE-SMBUS.2.1.0
2025-08-09 19:21:53,103 [WARN] PackLoader:240 - Cannot read IP mode file for STMicroelectronics.X-CUBE-WB05N.1.1.0
2025-08-09 19:21:53,108 [ERROR] Engine:466 - C:\Users\nacho\.stm32cubemx\thirdparties\pdsc\STMicroelectronics.X-CUBE-ST60.1.0.0.pdsc: PDSC version is not supported
2025-08-09 19:21:53,109 [INFO] ApiDb:581 - Connected to CubeFinder SQLite database (C:\Users\nacho\.stmcufinder\plugins\mcufinder\mcu\cube-finder-db.db)
2025-08-09 19:21:53,149 [WARN] PackLoader:240 - Cannot read IP mode file for STMicroelectronics.X-CUBE-AZRTOS-F7.1.1.0
2025-08-09 19:21:53,226 [INFO] ApiDb:668 - CubeFinder database Data Model version=2.1
2025-08-09 19:21:53,226 [INFO] ApiDb:669 - CubeFinder database Configuration version=3.0.39
2025-08-09 19:21:53,227 [INFO] ApiDb:670 - CubeFinder database generation date=2025-07-24 (1753349077)
2025-08-09 19:21:53,227 [INFO] ApiDb:671 - CubeFinder database FW Pack versions=[FP-ATR-ASTRA1_V2.0.0, FP-SNS-FLIGHT1_V5.1.0, FP-SNS-MOTENV1_V5.0.0, FP-SNS-MOTENVWB1_V1.4.0, FP-SNS-SMARTAG2_V1.2.0, FP-SNS-STBOX1_V2.0.0, STM32Cube_FW_C0_V1.4.0, STM32Cube_FW_F4_V1.28.2, STM32Cube_FW_F7_V1.17.3, STM32Cube_FW_G0_V1.6.2, STM32Cube_FW_G4_V1.6.1, STM32Cube_FW_H5_V1.5.0, STM32Cube_FW_H7RS_V1.2.0, STM32Cube_FW_H7_V1.12.1, STM32Cube_FW_L0_V1.12.2, STM32Cube_FW_L4_V1.18.1, STM32Cube_FW_L5_V1.5.1, STM32Cube_FW_N6_V1.2.0, STM32Cube_FW_U0_V1.3.0, STM32Cube_FW_U3_V1.2.0, STM32Cube_FW_U5_V1.8.0, STM32Cube_FW_WB0_V1.3.0, STM32Cube_FW_WBA_V1.7.0, STM32Cube_FW_WB_V1.23.0, STM32Cube_FW_WL3_V1.2.0, STM32Cube_FW_WL_V1.3.1, X-CUBE-ALGOBUILD_V1.4.0, X-CUBE-ALS_V1.0.2, X-CUBE-AZRTOS-F4_V1.1.0, X-CUBE-AZRTOS-F7_V1.1.0, X-CUBE-AZRTOS-G0_V1.1.0, X-CUBE-AZRTOS-G4_V2.0.0, X-CUBE-AZRTOS-H7RS_V1.1.0, X-CUBE-AZRTOS-H7_V3.4.0, X-CUBE-AZRTOS-L4_V2.0.0, X-CUBE-AZRTOS-L5_V2.0.0, X-CUBE-AZRTOS-WB_V2.0.0, X-CUBE-AZRTOS-WL_V2.0.0, X-CUBE-BLE1_V7.1.0, X-CUBE-BLE2_V3.3.0, X-CUBE-BLEMGR_V4.1.0, X-CUBE-EEPRMA1_V5.2.0, X-CUBE-FREERTOS_V1.3.1, X-CUBE-GNSS1_V6.0.0, X-CUBE-MEMS1_V11.3.0, X-CUBE-NFC4_V3.0.0, X-CUBE-NFC7_V2.0.0, X-CUBE-SFXS2LP1_V4.0.0, X-CUBE-ST67W61_V1.0.0, X-CUBE-SUBG2_V5.0.0, X-CUBE-TOF1_V3.4.3]
2025-08-09 19:21:53,299 [WARN] PackLoader:240 - Cannot read IP mode file for STMicroelectronics.X-CUBE-MEMS1.11.0.0
2025-08-09 19:21:53,362 [INFO] DbBoardsSqlite:226 - include board P-NUCLEO-WB55-NUCLEO as a kit item of type 'Nucleo-64'
2025-08-09 19:21:53,363 [INFO] DbBoardsSqlite:226 - include board P-NUCLEO-WB55-USBDONGLE as a kit item of type 'Nucleo USB Dongle'
2025-08-09 19:21:53,363 [INFO] DbBoardsSqlite:226 - include board STEVAL-IDP005V1 as a kit item of type 'Evaluation Board'
2025-08-09 19:21:53,364 [INFO] DbBoardsSqlite:226 - include board STEVAL-IDP005V2 as a kit item of type 'Evaluation Board'
2025-08-09 19:21:53,460 [WARN] PackLoader:240 - Cannot read IP mode file for STMicroelectronics.FP-SNS-FLIGHT1.5.0.2
2025-08-09 19:21:53,461 [INFO] ApiDb:240 - Found 646 in-development CPN: [B-G473E-ZEST1S, B-WB1M-WPAN1, B-WL5M-SUBG1, NUCLEO-C031C6, NUCLEO-C071RB, NUCLEO-H503RB, NUCLEO-H533RE, NUCLEO-H563ZI, NUCLEO-H7S3L8, NUCLEO-U031R8, NUCLEO-U083RC, NUCLEO-U545RE-Q, NUCLEO-U5A5ZJ-Q, NUCLEO-WB05KZ, NUCLEO-WB07CC, NUCLEO-WB09KE, NUCLEO-WBA52CG, NUCLEO-WBA55CG, STEVAL-PROTEUS1, STEVAL-SMARTAG2, STEVAL-STWINBX1, STM320518-EVAL, STM32C0116-DK, STM32C011D6Y3TR, STM32C011D6Y6TR, STM32C011F4P3, STM32C011F4P6, STM32C011F4U3, STM32C011F4U6TR, STM32C011F6P3, STM32C011F6P6, STM32C011F6U3, STM32C011F6U6TR, STM32C011J4M3, STM32C011J4M6, STM32C011J6M3, STM32C011J6M6, STM32C0316-DK, STM32C031C4T3, STM32C031C4T6, STM32C031C4U3, STM32C031C4U6, STM32C031C6T3, STM32C031C6T6, STM32C031C6U3, STM32C031C6U6, STM32C031F4P3, STM32C031F4P6, STM32C031F6P3, STM32C031F6P6, STM32C031G4U3, STM32C031G4U6, STM32C031G6U3, STM32C031G6U6, STM32C031K4T3, STM32C031K4T6, STM32C031K4U3, STM32C031K4U6, STM32C031K6T3, STM32C031K6T6, STM32C031K6U3, STM32C031K6U6, STM32C071C8T6, STM32C071C8T6N, STM32C071C8U6, STM32C071C8U6N, STM32C071CBT6, STM32C071CBT6N, STM32C071CBU6, STM32C071CBU6N, STM32C071F8P6, STM32C071F8P6N, STM32C071FBP6, STM32C071FBP6N, STM32C071FBY6TR, STM32C071G8U6, STM32C071G8U6N, STM32C071GBU6, STM32C071GBU6N, STM32C071K8T6, STM32C071K8T6N, STM32C071K8U6, STM32C071K8U6N, STM32C071KBT6, STM32C071KBT6N, STM32C071KBU6, STM32C071KBU6N, STM32C071R8T6, STM32C071R8T6N, STM32C071RBI6N, STM32C071RBT6, STM32C071RBT6N, STM32G071K8TXN, STM32G071K8UXN, STM32G081GBU6N, STM32G081KBT6N, STM32G081KBUXN, STM32G0B1CCT6N, STM32G0B1KCT6, STM32G0B1NEY6TR, STM32G0B1RCT6N, STM32G0C1CCT6, STM32G0C1CCT6N, STM32G0C1CCU6N, STM32G0C1CET6N, STM32G0C1CEU6N, STM32G0C1KCT6, STM32G0C1NEY6TR, STM32G0C1RCI6N, STM32G0C1RCT6N, STM32G0C1REI6N, STM32G0C1RET6N, STM32G0C1VCI6, STM32G0C1VEI6, STM32G411C6T3, STM32G411C6T6, STM32G411C6U3, STM32G411C6U6, STM32G411C8T3, STM32G411C8T6, STM32G411C8U3, STM32G411C8U6, STM32G411CBT3, STM32G411CBT6, STM32G411CBU3, STM32G411CBU6, STM32G411K6T3, STM32G411K6T6, STM32G411K6U3, STM32G411K6U6, STM32G411K8T3, STM32G411K8T6, STM32G411K8U3, STM32G411K8U6, STM32G411KBT3, STM32G411KBT6, STM32G411KBU3, STM32G411KBU6, STM32G411M6T3, STM32G411M6T6, STM32G411M8T3, STM32G411M8T6, STM32G411MBT3, STM32G411MBT6, STM32G411R6T3, STM32G411R6T6, STM32G411R8T3, STM32G411R8T6, STM32G411RBT3, STM32G411RBT6, STM32G414CBT3, STM32G414CBT6, STM32G414CBU3, STM32G414CBU6, STM32G414CCT3, STM32G414CCT6, STM32G414CCU3, STM32G414CCU6, STM32G414MBT3, STM32G414MBT6, STM32G414MCT3, STM32G414MCT6, STM32G414RBT3, STM32G414RBT6, STM32G414RCT3, STM32G414RCT6, STM32G414VBT3, STM32G414VBT6, STM32G414VCT3, STM32G414VCT6, STM32G431CBT3Z, STM32G431RBT3Z, STM32G471CCT6, STM32G471CCU6, STM32G471CET3, STM32G471CET6, STM32G471CEU3, STM32G471CEU6, STM32G471MCT6, STM32G471MET3, STM32G471MET6, STM32G471MEY6TR, STM32G471QCT6, STM32G471QET3, STM32G471RCT6, STM32G471RET3, STM32G471RET6, STM32G471VCH6, STM32G471VCI6, STM32G471VCT6, STM32G471VEH3, STM32G471VEH6, STM32G471VEI3, STM32G471VEI6, STM32G471VET3, STM32G471VET6, STM32G473QET3Z, STM32G473RET3Z, STM32G474CCT6, STM32G491RET3Z, STM32H503CBT6, STM32H503CBU6, STM32H503EBY6TR, STM32H503KBU6, STM32H503RBT6, STM32H523CCT6, STM32H523CCU6, STM32H523CET6, STM32H523CEU6, STM32H523HEY6TR, STM32H523RCT6, STM32H523RET6, STM32H523VCI6, STM32H523VCT6, STM32H523VEI6, STM32H523VET6, STM32H523ZCJ6, STM32H523ZCT6, STM32H523ZEJ6, STM32H523ZET6, STM32H533CET6, STM32H533CEU6, STM32H533HEY6TR, STM32H533RET6, STM32H533VEI6, STM32H533VET6, STM32H533ZEJ6, STM32H533ZET6, STM32H562AGI6, STM32H562AII6, STM32H562IGK6, STM32H562IGT6, STM32H562IIK6, STM32H562IIT6, STM32H562RGT6, STM32H562RGV6, STM32H562RIT6, STM32H562RIV6, STM32H562VGT6, STM32H562VIT6, STM32H562ZGT6, STM32H562ZIT6, STM32H563AGI6, STM32H563AII3Q, STM32H563AII6, STM32H563IGK6, STM32H563IGT6, STM32H563IIK3Q, STM32H563IIK6, STM32H563IIT3Q, STM32H563IIT6, STM32H563MIY3QTR, STM32H563RGT6, STM32H563RGV6, STM32H563RIT6, STM32H563RIV6, STM32H563VGT6, STM32H563VIT3Q, STM32H563VIT6, STM32H563ZGT6, STM32H563ZIT3Q, STM32H563ZIT6, STM32H573AII3Q, STM32H573AII6, STM32H573I-DK, STM32H573IIK3Q, STM32H573IIK6, STM32H573IIT3Q, STM32H573IIT6, STM32H573MIY3QTR, STM32H573RIT6, STM32H573RIV6, STM32H573VIT3Q, STM32H573VIT6, STM32H573ZIT3Q, STM32H573ZIT6, STM32H7R3A8I6, STM32H7R3I8K6, STM32H7R3I8T6, STM32H7R3L8H6, STM32H7R3L8H6H, STM32H7R3R8V6, STM32H7R3V8H6, STM32H7R3V8T6, STM32H7R3V8Y6TR, STM32H7R3Z8J6, STM32H7R3Z8T6, STM32H7R7A8I6, STM32H7R7I8K6, STM32H7R7I8T6, STM32H7R7L8H6, STM32H7R7L8H6H, STM32H7R7Z8J6, STM32H7S3A8I6, STM32H7S3I8K6, STM32H7S3I8T6, STM32H7S3L8H6, STM32H7S3L8H6H, STM32H7S3R8V6, STM32H7S3V8H6, STM32H7S3V8T6, STM32H7S3V8Y6TR, STM32H7S3Z8J6, STM32H7S3Z8T6, STM32H7S78-DK, STM32H7S7A8I6, STM32H7S7I8K6, STM32H7S7I8T6, STM32H7S7L8H6, STM32H7S7L8H6H, STM32H7S7Z8J6, STM32L4R5QGI6STR, STM32MP131AAE3, STM32MP131AAF3, STM32MP131AAG3, STM32MP131CAE3, STM32MP131CAF3, STM32MP131CAG3, STM32MP131DAE7, STM32MP131DAF7, STM32MP131DAG7, STM32MP131FAE7, STM32MP131FAF7, STM32MP131FAG7, STM32MP133AAE3, STM32MP133AAF3, STM32MP133AAG3, STM32MP133CAE3, STM32MP133CAF3, STM32MP133CAG3, STM32MP133DAE7, STM32MP133DAF7, STM32MP133DAG7, STM32MP133FAE7, STM32MP133FAF7, STM32MP133FAG7, STM32MP135AAE3, STM32MP135AAF3, STM32MP135AAG3, STM32MP135CAE3, STM32MP135CAF3, STM32MP135CAG3, STM32MP135DAE7, STM32MP135DAF7, STM32MP135DAG7, STM32MP135F-DK, STM32MP135FAE7, STM32MP135FAF7, STM32MP135FAF7T, STM32MP135FAF7U, STM32MP135FAG7, STM32MP251AAI3, STM32MP251AAK3, STM32MP251AAL3, STM32MP251CAI3, STM32MP251CAK3, STM32MP251CAL3, STM32MP251DAI3, STM32MP251DAK3, STM32MP251DAL3, STM32MP251FAI3, STM32MP251FAK3, STM32MP251FAL3, STM32MP253AAI3, STM32MP253AAK3, STM32MP253AAL3, STM32MP253CAI3, STM32MP253CAK3, STM32MP253CAL3, STM32MP253DAI3, STM32MP253DAK3, STM32MP253DAL3, STM32MP253FAI3, STM32MP253FAK3, STM32MP253FAL3, STM32MP255AAI3, STM32MP255AAK3, STM32MP255AAL3, STM32MP255CAI3, STM32MP255CAK3, STM32MP255CAL3, STM32MP255DAI3, STM32MP255DAK3, STM32MP255DAL3, STM32MP255FAI3, STM32MP255FAK3, STM32MP255FAL3, STM32MP257AAI3, STM32MP257AAK3, STM32MP257AAL3, STM32MP257CAI3, STM32MP257CAK3, STM32MP257CAL3, STM32MP257DAI3, STM32MP257DAK3, STM32MP257DAL3, STM32MP257F-DK, STM32MP257F-EV1, STM32MP257FAI3, STM32MP257FAK3, STM32MP257FAL3, STM32U031C6T6, STM32U031C6U6, STM32U031C8T6, STM32U031C8U6, STM32U031F4P6, STM32U031F6P6, STM32U031F8P6, STM32U031G6Y6TR, STM32U031G8Y6TR, STM32U031K4U6, STM32U031K6U6, STM32U031K8U6, STM32U031R6I6, STM32U031R6T6, STM32U031R8I6, STM32U031R8T6, STM32U073C8T6, STM32U073C8U6, STM32U073CBT6, STM32U073CBU6, STM32U073CCT6, STM32U073CCU6, STM32U073H8Y6TR, STM32U073HBY6TR, STM32U073HCY6TR, STM32U073K8U6, STM32U073KBU6, STM32U073KCU6, STM32U073M8I6, STM32U073M8T6, STM32U073MBI6, STM32U073MBT6, STM32U073MCI6, STM32U073MCT6, STM32U073R8I6, STM32U073R8T6, STM32U073RBI6, STM32U073RBT6, STM32U073RCI6, STM32U073RCT6, STM32U083C-DK, STM32U083CCT6, STM32U083CCU6, STM32U083HCY6TR, STM32U083KCU6, STM32U083MCI6, STM32U083MCT6, STM32U083RCI6, STM32U083RCT6, STM32U535CBT6, STM32U535CBT6Q, STM32U535CBU6, STM32U535CBU6Q, STM32U535CCT6, STM32U535CCT6Q, STM32U535CCU6, STM32U535CCU6Q, STM32U535CET6, STM32U535CET6Q, STM32U535CEU6, STM32U535CEU6Q, STM32U535JEY6QTR, STM32U535NCY6QTR, STM32U535NEY6QTR, STM32U535RBI6, STM32U535RBI6Q, STM32U535RBT6, STM32U535RBT6Q, STM32U535RCI6, STM32U535RCI6Q, STM32U535RCT6, STM32U535RCT6Q, STM32U535REI6, STM32U535REI6Q, STM32U535RET6, STM32U535RET6Q, STM32U535VCI6, STM32U535VCI6Q, STM32U535VCT6, STM32U535VCT6Q, STM32U535VEI6, STM32U535VEI6Q, STM32U535VET6, STM32U535VET6Q, STM32U545CET6, STM32U545CET6Q, STM32U545CEU6, STM32U545CEU6Q, STM32U545JEY6QTR, STM32U545NEY6QTR, STM32U545REI6, STM32U545REI6Q, STM32U545RET6, STM32U545RET6Q, STM32U545VEI6, STM32U545VEI6Q, STM32U545VET6, STM32U545VET6Q, STM32U595AIH6, STM32U595AIH6Q, STM32U595AJH6, STM32U595AJH6Q, STM32U595QII6, STM32U595QII6Q, STM32U595QJI6, STM32U595QJI6Q, STM32U595RIT6, STM32U595RIT6Q, STM32U595RJT6, STM32U595RJT6Q, STM32U595VIT6, STM32U595VIT6Q, STM32U595VJT6, STM32U595VJT6Q, STM32U595ZIT6, STM32U595ZIT6Q, STM32U595ZIY6QTR, STM32U595ZJT6, STM32U595ZJT6Q, STM32U595ZJY6QTR, STM32U599BJY6QTR, STM32U599NIH6Q, STM32U599NJH6Q, STM32U599VIT6Q, STM32U599VJT6, STM32U599VJT6Q, STM32U599ZIT6Q, STM32U599ZIY6QTR, STM32U599ZJT6Q, STM32U599ZJY6QTR, STM32U5A5AJH6, STM32U5A5AJH6Q, STM32U5A5QII3Q , STM32U5A5QJI6, STM32U5A5QJI6Q, STM32U5A5RJT6, STM32U5A5RJT6Q, STM32U5A5VJT6, STM32U5A5VJT6Q, STM32U5A5ZJT6, STM32U5A5ZJT6Q, STM32U5A5ZJY6QTR, STM32U5A9BJY6QTR, STM32U5A9J-DK, STM32U5A9NJH6Q, STM32U5A9VJT6Q, STM32U5A9ZJT6Q, STM32U5A9ZJY6QTR, STM32U5F7VIT6, STM32U5F7VIT6Q, STM32U5F7VJT6, STM32U5F7VJT6Q, STM32U5F9BJY6QTR, STM32U5F9NJH6Q, STM32U5F9VIT6Q, STM32U5F9VJT6Q, STM32U5F9ZIJ6QTR, STM32U5F9ZIT6Q, STM32U5F9ZJJ6QTR, STM32U5F9ZJT6Q, STM32U5G7VJT6, STM32U5G7VJT6Q, STM32U5G9BJY6QTR, STM32U5G9J-DK1, STM32U5G9J-DK2, STM32U5G9NJH6Q, STM32U5G9VJT6Q, STM32U5G9ZJJ6QTR, STM32U5G9ZJT6Q, STM32WB05KZV6TR, STM32WB05KZV7TR, STM32WB05TZF6TR, STM32WB05TZF7TR, STM32WB06CCF6TR, STM32WB06CCF7TR, STM32WB06CCV6TR, STM32WB06CCV7TR, STM32WB06KCV6TR, STM32WB06KCV7TR, STM32WB07CCF6TR, STM32WB07CCF7TR, STM32WB07CCV6TR, STM32WB07CCV7TR, STM32WB07KCV6TR, STM32WB07KCV7TR, STM32WB09KEV6TR, STM32WB09KEV7TR, STM32WB09TEF6TR, STM32WB09TEF7TR, STM32WB1MMCH6, STM32WBA50KGU6, STM32WBA50KGU6TR, STM32WBA52CEU6, STM32WBA52CEU6TR, STM32WBA52CEU7, STM32WBA52CEU7TR, STM32WBA52CGU6, STM32WBA52CGU6TR, STM32WBA52CGU6U, STM32WBA52CGU7, STM32WBA52CGU7TR, STM32WBA52KEU6, STM32WBA52KEU6TR, STM32WBA52KGU6, STM32WBA52KGU6TR, STM32WBA54CEU6, STM32WBA54CEU6TR, STM32WBA54CEU7, STM32WBA54CEU7TR, STM32WBA54CGU6, STM32WBA54CGU6TR, STM32WBA54CGU7, STM32WBA54CGU7TR, STM32WBA54KEU6, STM32WBA54KEU6TR, STM32WBA54KEU7, STM32WBA54KEU7TR, STM32WBA54KGU6, STM32WBA54KGU6TR, STM32WBA54KGU7, STM32WBA54KGU7TR, STM32WBA55CEU6, STM32WBA55CEU6TR, STM32WBA55CEU7, STM32WBA55CEU7TR, STM32WBA55CGU6, STM32WBA55CGU6TR, STM32WBA55CGU6U, STM32WBA55CGU7, STM32WBA55CGU7TR, STM32WBA55G-DK1, STM32WBA55HEF6, STM32WBA55HEF7, STM32WBA55HGF6, STM32WBA55HGF7, STM32WBA55UEI6, STM32WBA55UEI6TR, STM32WBA55UEI7, STM32WBA55UEI7TR, STM32WBA55UGI6, STM32WBA55UGI6TR, STM32WBA55UGI7, STM32WBA55UGI7TR, STM32WL5MOCH6, STM32WL5MOCH6TR]
2025-08-09 19:21:53,467 [INFO] ApiDb:668 - CubeFinder database Data Model version=2.1
2025-08-09 19:21:53,467 [INFO] ApiDb:669 - CubeFinder database Configuration version=3.0.39
2025-08-09 19:21:53,468 [INFO] ApiDb:670 - CubeFinder database generation date=2025-07-24 (1753349077)
2025-08-09 19:21:53,468 [INFO] ApiDb:671 - CubeFinder database FW Pack versions=[FP-ATR-ASTRA1_V2.0.0, FP-SNS-FLIGHT1_V5.1.0, FP-SNS-MOTENV1_V5.0.0, FP-SNS-MOTENVWB1_V1.4.0, FP-SNS-SMARTAG2_V1.2.0, FP-SNS-STBOX1_V2.0.0, STM32Cube_FW_C0_V1.4.0, STM32Cube_FW_F4_V1.28.2, STM32Cube_FW_F7_V1.17.3, STM32Cube_FW_G0_V1.6.2, STM32Cube_FW_G4_V1.6.1, STM32Cube_FW_H5_V1.5.0, STM32Cube_FW_H7RS_V1.2.0, STM32Cube_FW_H7_V1.12.1, STM32Cube_FW_L0_V1.12.2, STM32Cube_FW_L4_V1.18.1, STM32Cube_FW_L5_V1.5.1, STM32Cube_FW_N6_V1.2.0, STM32Cube_FW_U0_V1.3.0, STM32Cube_FW_U3_V1.2.0, STM32Cube_FW_U5_V1.8.0, STM32Cube_FW_WB0_V1.3.0, STM32Cube_FW_WBA_V1.7.0, STM32Cube_FW_WB_V1.23.0, STM32Cube_FW_WL3_V1.2.0, STM32Cube_FW_WL_V1.3.1, X-CUBE-ALGOBUILD_V1.4.0, X-CUBE-ALS_V1.0.2, X-CUBE-AZRTOS-F4_V1.1.0, X-CUBE-AZRTOS-F7_V1.1.0, X-CUBE-AZRTOS-G0_V1.1.0, X-CUBE-AZRTOS-G4_V2.0.0, X-CUBE-AZRTOS-H7RS_V1.1.0, X-CUBE-AZRTOS-H7_V3.4.0, X-CUBE-AZRTOS-L4_V2.0.0, X-CUBE-AZRTOS-L5_V2.0.0, X-CUBE-AZRTOS-WB_V2.0.0, X-CUBE-AZRTOS-WL_V2.0.0, X-CUBE-BLE1_V7.1.0, X-CUBE-BLE2_V3.3.0, X-CUBE-BLEMGR_V4.1.0, X-CUBE-EEPRMA1_V5.2.0, X-CUBE-FREERTOS_V1.3.1, X-CUBE-GNSS1_V6.0.0, X-CUBE-MEMS1_V11.3.0, X-CUBE-NFC4_V3.0.0, X-CUBE-NFC7_V2.0.0, X-CUBE-SFXS2LP1_V4.0.0, X-CUBE-ST67W61_V1.0.0, X-CUBE-SUBG2_V5.0.0, X-CUBE-TOF1_V3.4.3]
2025-08-09 19:21:53,484 [WARN] PackLoader:240 - Cannot read IP mode file for STMicroelectronics.X-CUBE-AZRTOS-H7.3.4.0
2025-08-09 19:21:53,494 [WARN] PackLoader:240 - Cannot read IP mode file for STMicroelectronics.X-CUBE-DISPLAY.3.0.0
2025-08-09 19:21:53,504 [WARN] PackLoader:240 - Cannot read IP mode file for STMicroelectronics.X-CUBE-BLE1.7.0.0
2025-08-09 19:21:53,516 [WARN] PackLoader:240 - Cannot read IP mode file for STMicroelectronics.X-CUBE-NFC10.1.0.0
2025-08-09 19:21:53,529 [WARN] PackLoader:240 - Cannot read IP mode file for STMicroelectronics.X-CUBE-BLEMGR.4.0.0
2025-08-09 19:21:53,537 [WARN] PackLoader:240 - Cannot read IP mode file for emotas.I-CUBE-CANOPEN.1.3.0
2025-08-09 19:21:53,550 [WARN] PackLoader:240 - Cannot read IP mode file for STMicroelectronics.X-CUBE-BLEMGR.3.1.0
2025-08-09 19:21:53,558 [WARN] PackLoader:240 - Cannot read IP mode file for STMicroelectronics.X-CUBE-AI.10.0.0
2025-08-09 19:21:53,563 [ERROR] Engine:466 - C:\Users\nacho\.stm32cubemx\thirdparties\pdsc\STMicroelectronics.FP-SNS-STBOX1.2.1.0.pdsc: PDSC version is not supported
2025-08-09 19:21:53,567 [WARN] PackLoader:240 - Cannot read IP mode file for STMicroelectronics.FP-SNS-SMARTAG2.1.2.0
2025-08-09 19:21:53,569 [ERROR] Engine:466 - C:\Users\nacho\.stm32cubemx\thirdparties\pdsc\STMicroelectronics.FP-SNS-FLIGHT1.5.1.0.pdsc: PDSC version is not supported
2025-08-09 19:21:53,611 [WARN] PackLoader:240 - Cannot read IP mode file for STMicroelectronics.X-CUBE-MEMS1.11.1.0
2025-08-09 19:21:53,721 [INFO] LogOutputStream:77 - [STDOUT_REDIRECT] 1 : Invalid condition id : UX_CORESTACK_Condition cause : null
2025-08-09 19:21:53,721 [INFO] LogOutputStream:77 - [STDOUT_REDIRECT] 1 : Invalid condition id : UX_CORESTACK_Condition cause : null
2025-08-09 19:21:53,722 [INFO] LogOutputStream:77 - [STDOUT_REDIRECT] 1 : Invalid condition id : UX_CORESTACK_Condition cause : null
2025-08-09 19:21:53,723 [INFO] LogOutputStream:77 - [STDOUT_REDIRECT] 1 : Invalid condition id : UX_CORESTACK_Condition cause : null
2025-08-09 19:21:53,723 [INFO] LogOutputStream:77 - [STDOUT_REDIRECT] 1 : Invalid condition id : UX_CORESTACK_Condition cause : null
2025-08-09 19:21:53,726 [WARN] PackLoader:240 - Cannot read IP mode file for STMicroelectronics.X-CUBE-AZRTOS-WL.2.0.0
2025-08-09 19:21:53,731 [WARN] PackLoader:240 - Cannot read IP mode file for STMicroelectronics.FP-SNS-MOTENV1.5.0.0
2025-08-09 19:21:53,736 [WARN] PackLoader:240 - Cannot read IP mode file for wolfSSL.I-CUBE-wolfMQTT.1.19.0
2025-08-09 19:21:53,744 [WARN] PackLoader:240 - Cannot read IP mode file for WES.I-CUBE-Cesium.1.3.0
2025-08-09 19:21:53,752 [WARN] PackLoader:240 - Cannot read IP mode file for STMicroelectronics.X-CUBE-BLE2.3.3.0
2025-08-09 19:21:53,759 [WARN] PackLoader:240 - Cannot read IP mode file for STMicroelectronics.X-CUBE-NFC9.1.0.0
2025-08-09 19:21:53,764 [WARN] PackLoader:240 - Cannot read IP mode file for STMicroelectronics.X-CUBE-BLE1.7.1.0
2025-08-09 19:21:53,771 [WARN] PackLoader:240 - Cannot read IP mode file for STMicroelectronics.X-CUBE-TCPP.4.1.0
2025-08-09 19:21:53,778 [WARN] PackLoader:240 - Cannot read IP mode file for STMicroelectronics.X-CUBE-EEPRMA1.5.2.0
2025-08-09 19:21:53,783 [WARN] PackLoader:240 - Cannot read IP mode file for STMicroelectronics.X-CUBE-AI.10.1.0
2025-08-09 19:21:53,825 [WARN] PackLoader:240 - Cannot read IP mode file for STMicroelectronics.X-CUBE-MEMS1.11.2.0
2025-08-09 19:21:53,932 [WARN] PackLoader:240 - Cannot read IP mode file for STMicroelectronics.X-CUBE-AZRTOS-G0.1.1.0
2025-08-09 19:21:53,940 [WARN] PackLoader:240 - Cannot read IP mode file for STMicroelectronics.X-CUBE-SAFEA1.1.2.2
2025-08-09 19:21:53,947 [WARN] PackLoader:240 - Cannot read IP mode file for STMicroelectronics.X-CUBE-NFC4.3.0.0
2025-08-09 19:21:53,958 [WARN] PackLoader:240 - Cannot read IP mode file for EmbeddedOffice.I-CUBE-FS-RTOS.1.0.1
2025-08-09 19:21:53,958 [ERROR] ConditionMgr:805 - Attr not supported : Dmpu
2025-08-09 19:21:53,958 [ERROR] ConditionMgr:805 - Attr not supported : Dmpu
2025-08-09 19:21:53,958 [ERROR] ConditionMgr:805 - Attr not supported : Dmpu
2025-08-09 19:21:53,958 [ERROR] ConditionMgr:805 - Attr not supported : Dmpu
2025-08-09 19:21:53,958 [ERROR] ConditionMgr:805 - Attr not supported : Dmpu
2025-08-09 19:21:53,959 [ERROR] ConditionMgr:805 - Attr not supported : Dmpu
2025-08-09 19:21:53,959 [ERROR] ConditionMgr:805 - Attr not supported : Dmpu
2025-08-09 19:21:53,959 [ERROR] ConditionMgr:805 - Attr not supported : Dmpu
2025-08-09 19:21:53,959 [ERROR] ConditionMgr:805 - Attr not supported : Dmpu
2025-08-09 19:21:53,959 [ERROR] ConditionMgr:805 - Attr not supported : Dmpu
2025-08-09 19:21:53,959 [ERROR] ConditionMgr:805 - Attr not supported : Dmpu
2025-08-09 19:21:53,959 [ERROR] ConditionMgr:805 - Attr not supported : Dmpu
2025-08-09 19:21:53,959 [ERROR] ConditionMgr:805 - Attr not supported : Dmpu
2025-08-09 19:21:53,959 [ERROR] ConditionMgr:805 - Attr not supported : Dmpu
2025-08-09 19:21:53,959 [ERROR] ConditionMgr:805 - Attr not supported : Dmpu
2025-08-09 19:21:53,959 [ERROR] ConditionMgr:805 - Attr not supported : Dmpu
2025-08-09 19:21:53,959 [ERROR] ConditionMgr:805 - Attr not supported : Dmpu
2025-08-09 19:21:53,959 [ERROR] ConditionMgr:805 - Attr not supported : Dmpu
2025-08-09 19:21:53,959 [ERROR] ConditionMgr:805 - Attr not supported : Dmpu
2025-08-09 19:21:53,959 [ERROR] ConditionMgr:805 - Attr not supported : Dmpu
2025-08-09 19:21:53,959 [ERROR] ConditionMgr:805 - Attr not supported : Dmpu
2025-08-09 19:21:53,959 [ERROR] ConditionMgr:805 - Attr not supported : Dmpu
2025-08-09 19:21:53,959 [ERROR] ConditionMgr:805 - Attr not supported : Dmpu
2025-08-09 19:21:53,959 [ERROR] ConditionMgr:805 - Attr not supported : Dmpu
2025-08-09 19:21:53,959 [ERROR] ConditionMgr:805 - Attr not supported : Dmpu
2025-08-09 19:21:53,959 [ERROR] ConditionMgr:805 - Attr not supported : Dmpu
2025-08-09 19:21:53,959 [ERROR] ConditionMgr:805 - Attr not supported : Dmpu
2025-08-09 19:21:53,960 [ERROR] ConditionMgr:805 - Attr not supported : Dmpu
2025-08-09 19:21:53,960 [ERROR] ConditionMgr:805 - Attr not supported : Dmpu
2025-08-09 19:21:53,960 [ERROR] ConditionMgr:805 - Attr not supported : Dmpu
2025-08-09 19:21:53,960 [ERROR] ConditionMgr:805 - Attr not supported : Dmpu
2025-08-09 19:21:53,960 [ERROR] ConditionMgr:805 - Attr not supported : Dmpu
2025-08-09 19:21:53,960 [ERROR] ConditionMgr:805 - Attr not supported : Dmpu
2025-08-09 19:21:53,960 [ERROR] ConditionMgr:805 - Attr not supported : Dmpu
2025-08-09 19:21:53,960 [ERROR] ConditionMgr:805 - Attr not supported : Dmpu
2025-08-09 19:21:53,960 [ERROR] ConditionMgr:805 - Attr not supported : Dmpu
2025-08-09 19:21:53,960 [ERROR] ConditionMgr:805 - Attr not supported : Dmpu
2025-08-09 19:21:53,960 [ERROR] ConditionMgr:805 - Attr not supported : Dmpu
2025-08-09 19:21:53,960 [ERROR] ConditionMgr:805 - Attr not supported : Dmpu
2025-08-09 19:21:53,960 [ERROR] ConditionMgr:805 - Attr not supported : Dmpu
2025-08-09 19:21:53,960 [ERROR] ConditionMgr:805 - Attr not supported : Dmpu
2025-08-09 19:21:53,960 [ERROR] ConditionMgr:805 - Attr not supported : Dmpu
2025-08-09 19:21:53,960 [ERROR] ConditionMgr:805 - Attr not supported : Dmpu
2025-08-09 19:21:53,960 [ERROR] ConditionMgr:805 - Attr not supported : Dmpu
2025-08-09 19:21:53,960 [ERROR] ConditionMgr:805 - Attr not supported : Dmpu
2025-08-09 19:21:53,960 [ERROR] ConditionMgr:805 - Attr not supported : Dmpu
2025-08-09 19:21:53,960 [ERROR] ConditionMgr:805 - Attr not supported : Dmpu
2025-08-09 19:21:53,960 [ERROR] ConditionMgr:805 - Attr not supported : Dmpu
2025-08-09 19:21:53,961 [ERROR] ConditionMgr:805 - Attr not supported : Dmpu
2025-08-09 19:21:53,961 [ERROR] ConditionMgr:805 - Attr not supported : Dmpu
2025-08-09 19:21:53,961 [ERROR] ConditionMgr:805 - Attr not supported : Dmpu
2025-08-09 19:21:53,961 [ERROR] ConditionMgr:805 - Attr not supported : Dmpu
2025-08-09 19:21:53,961 [ERROR] ConditionMgr:805 - Attr not supported : Dmpu
2025-08-09 19:21:53,961 [ERROR] ConditionMgr:805 - Attr not supported : Dmpu
2025-08-09 19:21:53,961 [ERROR] ConditionMgr:805 - Attr not supported : Dmpu
2025-08-09 19:21:53,961 [ERROR] ConditionMgr:805 - Attr not supported : Dmpu
2025-08-09 19:21:53,961 [ERROR] ConditionMgr:805 - Attr not supported : Dmpu
2025-08-09 19:21:53,961 [ERROR] ConditionMgr:805 - Attr not supported : Dmpu
2025-08-09 19:21:53,961 [ERROR] ConditionMgr:805 - Attr not supported : Dmpu
2025-08-09 19:21:53,961 [ERROR] ConditionMgr:805 - Attr not supported : Dmpu
2025-08-09 19:21:53,962 [ERROR] ConditionMgr:805 - Attr not supported : Dmpu
2025-08-09 19:21:53,962 [ERROR] ConditionMgr:805 - Attr not supported : Dmpu
2025-08-09 19:21:53,962 [ERROR] ConditionMgr:805 - Attr not supported : Dmpu
2025-08-09 19:21:53,962 [ERROR] ConditionMgr:805 - Attr not supported : Dmpu
2025-08-09 19:21:53,968 [WARN] PackLoader:240 - Cannot read IP mode file for STMicroelectronics.X-CUBE-WB05N.2.0.0
2025-08-09 19:21:53,972 [ERROR] Engine:466 - C:\Users\nacho\.stm32cubemx\thirdparties\pdsc\STMicroelectronics.X-CUBE-TCPP.4.2.0.pdsc: PDSC version is not supported
2025-08-09 19:21:53,978 [WARN] PackLoader:240 - Cannot read IP mode file for RealThread.X-CUBE-RT-Thread_Nano.4.1.1
2025-08-09 19:21:53,983 [WARN] PackLoader:240 - Cannot read IP mode file for STMicroelectronics.FP-ATR-SIGFOX1.3.2.0
2025-08-09 19:21:53,987 [WARN] ConditionMgr:438 - getConditionDescription Invalid condition id : Cortex-A Device cause : null
2025-08-09 19:21:54,003 [WARN] ConditionMgr:1039 - genDependencies : Invalid condition id : Cortex-A Device cause : null
2025-08-09 19:21:54,004 [WARN] ConditionMgr:1039 - genDependencies : Invalid condition id : Cortex-A Device cause : null
2025-08-09 19:21:54,004 [WARN] ConditionMgr:1039 - genDependencies : Invalid condition id : Cortex-A Device cause : null
2025-08-09 19:21:54,008 [WARN] PackLoader:240 - Cannot read IP mode file for STMicroelectronics.X-CUBE-EEPRMA1.5.1.0
2025-08-09 19:21:54,013 [WARN] PackLoader:240 - Cannot read IP mode file for wolfSSL.I-CUBE-wolfSSL.5.7.4
2025-08-09 19:21:54,019 [WARN] PackLoader:240 - Cannot read IP mode file for ITTIA_DB.I-CUBE-ITTIADB.8.9.0
2025-08-09 19:21:54,022 [ERROR] Engine:466 - C:\Users\nacho\.stm32cubemx\thirdparties\pdsc\STMicroelectronics.X-CUBE-ST67W61.1.0.0.pdsc: PDSC version is not supported
2025-08-09 19:21:54,026 [WARN] PackLoader:240 - Cannot read IP mode file for STMicroelectronics.X-CUBE-AI.10.2.0
2025-08-09 19:21:54,054 [WARN] PackLoader:240 - Cannot read IP mode file for SEGGER.I-CUBE-embOS.1.3.1
2025-08-09 19:21:54,095 [WARN] PackLoader:240 - Cannot read IP mode file for STMicroelectronics.X-CUBE-ALGOBUILD.1.4.0
2025-08-09 19:21:54,137 [WARN] PackLoader:240 - Cannot read IP mode file for STMicroelectronics.X-CUBE-MEMS1.11.3.0
2025-08-09 19:21:54,248 [WARN] PackLoader:240 - Cannot read IP mode file for STMicroelectronics.X-CUBE-AI.9.1.0
2025-08-09 19:21:54,253 [WARN] PackLoader:240 - Cannot read IP mode file for STMicroelectronics.X-CUBE-PM33A1.1.0.0
2025-08-09 19:21:54,265 [WARN] PackLoader:240 - Cannot read IP mode file for STMicroelectronics.X-CUBE-AZRTOS-F4.1.1.0
2025-08-09 19:21:54,269 [ERROR] Engine:466 - C:\Users\nacho\.stm32cubemx\thirdparties\pdsc\Avnet-IotConnect.X-CUBE-IoTC-DA16k-PMOD.1.0.0.pdsc: PDSC version is not supported
2025-08-09 19:21:54,273 [WARN] PackLoader:240 - Cannot read IP mode file for STMicroelectronics.X-CUBE-ISPU.2.1.0
2025-08-09 19:21:54,278 [WARN] PackLoader:240 - Cannot read IP mode file for STMicroelectronics.X-CUBE-FREERTOS.1.2.0
2025-08-09 19:21:54,284 [WARN] PackLoader:240 - Cannot read IP mode file for STMicroelectronics.X-CUBE-NFC12.1.0.0
2025-08-09 19:21:54,299 [WARN] PackLoader:240 - Cannot read IP mode file for STMicroelectronics.X-CUBE-AZRTOS-L5.2.0.0
2025-08-09 19:21:54,310 [WARN] PackLoader:240 - Cannot read IP mode file for STMicroelectronics.X-CUBE-NFC6.3.1.0
2025-08-09 19:21:54,319 [WARN] PackLoader:240 - Cannot read IP mode file for STMicroelectronics.X-CUBE-DPower.1.2.0
2025-08-09 19:21:54,325 [WARN] PackLoader:240 - Cannot read IP mode file for STMicroelectronics.X-CUBE-FREERTOS.1.3.1
2025-08-09 19:21:54,330 [WARN] PackLoader:240 - Cannot read IP mode file for STMicroelectronics.X-CUBE-FREERTOS.1.3.0
2025-08-09 19:21:54,335 [WARN] PackLoader:240 - Cannot read IP mode file for STMicroelectronics.X-CUBE-NFC7.1.0.1
2025-08-09 19:21:54,339 [ERROR] Engine:466 - C:\Users\nacho\.stm32cubemx\thirdparties\pdsc\STMicroelectronics.FP-SNS-STAIOTCFT.1.0.0.pdsc: PDSC version is not supported
2025-08-09 19:21:54,349 [WARN] PackLoader:240 - Cannot read IP mode file for STMicroelectronics.X-CUBE-DPower.1.3.0
2025-08-09 19:21:54,365 [WARN] ConditionMgr:438 - getConditionDescription Invalid condition id : LAN8742 Phy interface Condition cause : null
2025-08-09 19:21:54,366 [WARN] PackLoader:240 - Cannot read IP mode file for STMicroelectronics.X-CUBE-AZRTOS-L4.2.0.0
2025-08-09 19:21:54,367 [WARN] ConditionMgr:1039 - genDependencies : Invalid condition id : LAN8742 Phy interface Condition cause : null
2025-08-09 19:21:54,367 [WARN] ConditionMgr:1039 - genDependencies : Invalid condition id : LAN8742 Phy interface Condition cause : null
2025-08-09 19:21:54,368 [WARN] ConditionMgr:1039 - genDependencies : Invalid condition id : LAN8742 Phy interface Condition cause : null
2025-08-09 19:21:54,376 [WARN] PackLoader:240 - Cannot read IP mode file for STMicroelectronics.X-CUBE-SFXS2LP1.4.0.0
2025-08-09 19:21:54,391 [WARN] PackLoader:240 - Cannot read IP mode file for STMicroelectronics.X-CUBE-AZRTOS-H7.3.3.0
2025-08-09 19:21:54,397 [ERROR] Engine:466 - C:\Users\nacho\.stm32cubemx\thirdparties\pdsc\STMicroelectronics.X-CUBE-BLEMGR.4.1.0.pdsc: PDSC version is not supported
2025-08-09 19:21:54,406 [WARN] PackLoader:240 - Cannot read IP mode file for STMicroelectronics.X-CUBE-IPS.3.0.0
2025-08-09 19:21:54,418 [WARN] ConditionMgr:438 - getConditionDescription Invalid condition id : UX DEVICE CLASS RTOS Condition cause : null
2025-08-09 19:21:54,418 [WARN] ConditionMgr:438 - getConditionDescription Invalid condition id : UX DEVICE CLASS RTOS Condition cause : null
2025-08-09 19:21:54,420 [WARN] PackLoader:240 - Cannot read IP mode file for STMicroelectronics.X-CUBE-AZRTOS-WB.2.0.0
2025-08-09 19:21:54,421 [WARN] ConditionMgr:1039 - genDependencies : Invalid condition id : UX DEVICE CLASS RTOS Condition cause : null
2025-08-09 19:21:54,421 [WARN] ConditionMgr:1039 - genDependencies : Invalid condition id : UX DEVICE CLASS RTOS Condition cause : null
2025-08-09 19:21:54,421 [WARN] ConditionMgr:1039 - genDependencies : Invalid condition id : UX DEVICE CLASS RTOS Condition cause : null
2025-08-09 19:21:54,421 [WARN] ConditionMgr:1039 - genDependencies : Invalid condition id : UX DEVICE CLASS RTOS Condition cause : null
2025-08-09 19:21:54,421 [WARN] ConditionMgr:1039 - genDependencies : Invalid condition id : UX DEVICE CLASS RTOS Condition cause : null
2025-08-09 19:21:54,426 [WARN] PackLoader:240 - Cannot read IP mode file for STMicroelectronics.X-CUBE-GNSS1.7.0.0
2025-08-09 19:21:54,430 [WARN] PackLoader:240 - Cannot read IP mode file for STMicroelectronics.X-CUBE-GNSS1.7.0.1
2025-08-09 19:21:54,436 [WARN] PackLoader:240 - Cannot read IP mode file for STMicroelectronics.X-CUBE-TOUCHGFX.4.25.0
2025-08-09 19:21:54,442 [WARN] PackLoader:240 - Cannot read IP mode file for STMicroelectronics.FP-SNS-STBOX1.2.0.0
2025-08-09 19:21:54,452 [WARN] PackLoader:240 - Cannot read IP mode file for STMicroelectronics.X-CUBE-SUBG2.5.0.0
2025-08-09 19:21:54,470 [WARN] PackLoader:240 - Cannot read IP mode file for STMicroelectronics.X-CUBE-AZRTOS-H7RS.1.1.0
2025-08-09 19:21:54,477 [WARN] PackLoader:240 - Cannot read IP mode file for Cesanta.I-CUBE-Mongoose.7.13.0
2025-08-09 19:21:54,487 [WARN] PackLoader:240 - Cannot read IP mode file for STMicroelectronics.X-CUBE-AZRTOS-G4.2.0.0
2025-08-09 19:21:54,491 [WARN] PackLoader:240 - Cannot read IP mode file for STMicroelectronics.X-CUBE-NFC7.2.0.0
2025-08-09 19:21:54,495 [ERROR] Engine:466 - C:\Users\nacho\.stm32cubemx\thirdparties\pdsc\STMicroelectronics.X-CUBE-IPS.3.1.0.pdsc: PDSC version is not supported
2025-08-09 19:21:54,498 [WARN] PackLoader:240 - Cannot read IP mode file for STMicroelectronics.X-CUBE-ALS.1.0.2
2025-08-09 19:21:54,501 [WARN] PackLoader:240 - Cannot read IP mode file for STMicroelectronics.X-CUBE-TOUCHGFX.4.24.2
2025-08-09 19:21:54,504 [WARN] PackLoader:240 - Cannot read IP mode file for STMicroelectronics.X-CUBE-TOUCHGFX.4.24.1
2025-08-09 19:21:54,507 [WARN] PackLoader:240 - Cannot read IP mode file for wolfSSL.I-CUBE-wolfTPM.3.4.0
2025-08-09 19:21:54,511 [WARN] PackLoader:240 - Cannot read IP mode file for portGmbH.I-Cube-SoM-uGOAL.1.1.0
2025-08-09 19:21:54,522 [WARN] PackLoader:240 - Cannot read IP mode file for STMicroelectronics.X-CUBE-AZRTOS-H7RS.1.0.0
2025-08-09 19:21:54,540 [WARN] PackLoader:240 - Cannot read IP mode file for STMicroelectronics.X-CUBE-TOF1.3.4.2
2025-08-09 19:21:54,556 [ERROR] Engine:466 - C:\Users\nacho\.stm32cubemx\thirdparties\pdsc\STMicroelectronics.X-CUBE-TOF1.3.4.3.pdsc: PDSC version is not supported
2025-08-09 19:21:54,576 [WARN] PackLoader:240 - Cannot read IP mode file for Infineon.AIROC-Wi-Fi-Bluetooth-STM32.1.6.1
2025-08-09 19:21:54,587 [WARN] PackLoader:240 - Cannot read IP mode file for wolfSSL.I-CUBE-wolfSSH.1.4.17
2025-08-09 19:21:54,588 [INFO] ThirdParty:978 - Integrity check success = true
2025-08-09 19:21:54,588 [INFO] IntegrityCheckThread:100 - exiting critical section [integrity check]
2025-08-09 19:21:54,588 [INFO] IntegrityCheckThread:103 - End integrity checks thread
2025-08-09 19:21:55,519 [INFO] ApiDb:240 - Found 646 in-development CPN: [B-G473E-ZEST1S, B-WB1M-WPAN1, B-WL5M-SUBG1, NUCLEO-C031C6, NUCLEO-C071RB, NUCLEO-H503RB, NUCLEO-H533RE, NUCLEO-H563ZI, NUCLEO-H7S3L8, NUCLEO-U031R8, NUCLEO-U083RC, NUCLEO-U545RE-Q, NUCLEO-U5A5ZJ-Q, NUCLEO-WB05KZ, NUCLEO-WB07CC, NUCLEO-WB09KE, NUCLEO-WBA52CG, NUCLEO-WBA55CG, STEVAL-PROTEUS1, STEVAL-SMARTAG2, STEVAL-STWINBX1, STM320518-EVAL, STM32C0116-DK, STM32C011D6Y3TR, STM32C011D6Y6TR, STM32C011F4P3, STM32C011F4P6, STM32C011F4U3, STM32C011F4U6TR, STM32C011F6P3, STM32C011F6P6, STM32C011F6U3, STM32C011F6U6TR, STM32C011J4M3, STM32C011J4M6, STM32C011J6M3, STM32C011J6M6, STM32C0316-DK, STM32C031C4T3, STM32C031C4T6, STM32C031C4U3, STM32C031C4U6, STM32C031C6T3, STM32C031C6T6, STM32C031C6U3, STM32C031C6U6, STM32C031F4P3, STM32C031F4P6, STM32C031F6P3, STM32C031F6P6, STM32C031G4U3, STM32C031G4U6, STM32C031G6U3, STM32C031G6U6, STM32C031K4T3, STM32C031K4T6, STM32C031K4U3, STM32C031K4U6, STM32C031K6T3, STM32C031K6T6, STM32C031K6U3, STM32C031K6U6, STM32C071C8T6, STM32C071C8T6N, STM32C071C8U6, STM32C071C8U6N, STM32C071CBT6, STM32C071CBT6N, STM32C071CBU6, STM32C071CBU6N, STM32C071F8P6, STM32C071F8P6N, STM32C071FBP6, STM32C071FBP6N, STM32C071FBY6TR, STM32C071G8U6, STM32C071G8U6N, STM32C071GBU6, STM32C071GBU6N, STM32C071K8T6, STM32C071K8T6N, STM32C071K8U6, STM32C071K8U6N, STM32C071KBT6, STM32C071KBT6N, STM32C071KBU6, STM32C071KBU6N, STM32C071R8T6, STM32C071R8T6N, STM32C071RBI6N, STM32C071RBT6, STM32C071RBT6N, STM32G071K8TXN, STM32G071K8UXN, STM32G081GBU6N, STM32G081KBT6N, STM32G081KBUXN, STM32G0B1CCT6N, STM32G0B1KCT6, STM32G0B1NEY6TR, STM32G0B1RCT6N, STM32G0C1CCT6, STM32G0C1CCT6N, STM32G0C1CCU6N, STM32G0C1CET6N, STM32G0C1CEU6N, STM32G0C1KCT6, STM32G0C1NEY6TR, STM32G0C1RCI6N, STM32G0C1RCT6N, STM32G0C1REI6N, STM32G0C1RET6N, STM32G0C1VCI6, STM32G0C1VEI6, STM32G411C6T3, STM32G411C6T6, STM32G411C6U3, STM32G411C6U6, STM32G411C8T3, STM32G411C8T6, STM32G411C8U3, STM32G411C8U6, STM32G411CBT3, STM32G411CBT6, STM32G411CBU3, STM32G411CBU6, STM32G411K6T3, STM32G411K6T6, STM32G411K6U3, STM32G411K6U6, STM32G411K8T3, STM32G411K8T6, STM32G411K8U3, STM32G411K8U6, STM32G411KBT3, STM32G411KBT6, STM32G411KBU3, STM32G411KBU6, STM32G411M6T3, STM32G411M6T6, STM32G411M8T3, STM32G411M8T6, STM32G411MBT3, STM32G411MBT6, STM32G411R6T3, STM32G411R6T6, STM32G411R8T3, STM32G411R8T6, STM32G411RBT3, STM32G411RBT6, STM32G414CBT3, STM32G414CBT6, STM32G414CBU3, STM32G414CBU6, STM32G414CCT3, STM32G414CCT6, STM32G414CCU3, STM32G414CCU6, STM32G414MBT3, STM32G414MBT6, STM32G414MCT3, STM32G414MCT6, STM32G414RBT3, STM32G414RBT6, STM32G414RCT3, STM32G414RCT6, STM32G414VBT3, STM32G414VBT6, STM32G414VCT3, STM32G414VCT6, STM32G431CBT3Z, STM32G431RBT3Z, STM32G471CCT6, STM32G471CCU6, STM32G471CET3, STM32G471CET6, STM32G471CEU3, STM32G471CEU6, STM32G471MCT6, STM32G471MET3, STM32G471MET6, STM32G471MEY6TR, STM32G471QCT6, STM32G471QET3, STM32G471RCT6, STM32G471RET3, STM32G471RET6, STM32G471VCH6, STM32G471VCI6, STM32G471VCT6, STM32G471VEH3, STM32G471VEH6, STM32G471VEI3, STM32G471VEI6, STM32G471VET3, STM32G471VET6, STM32G473QET3Z, STM32G473RET3Z, STM32G474CCT6, STM32G491RET3Z, STM32H503CBT6, STM32H503CBU6, STM32H503EBY6TR, STM32H503KBU6, STM32H503RBT6, STM32H523CCT6, STM32H523CCU6, STM32H523CET6, STM32H523CEU6, STM32H523HEY6TR, STM32H523RCT6, STM32H523RET6, STM32H523VCI6, STM32H523VCT6, STM32H523VEI6, STM32H523VET6, STM32H523ZCJ6, STM32H523ZCT6, STM32H523ZEJ6, STM32H523ZET6, STM32H533CET6, STM32H533CEU6, STM32H533HEY6TR, STM32H533RET6, STM32H533VEI6, STM32H533VET6, STM32H533ZEJ6, STM32H533ZET6, STM32H562AGI6, STM32H562AII6, STM32H562IGK6, STM32H562IGT6, STM32H562IIK6, STM32H562IIT6, STM32H562RGT6, STM32H562RGV6, STM32H562RIT6, STM32H562RIV6, STM32H562VGT6, STM32H562VIT6, STM32H562ZGT6, STM32H562ZIT6, STM32H563AGI6, STM32H563AII3Q, STM32H563AII6, STM32H563IGK6, STM32H563IGT6, STM32H563IIK3Q, STM32H563IIK6, STM32H563IIT3Q, STM32H563IIT6, STM32H563MIY3QTR, STM32H563RGT6, STM32H563RGV6, STM32H563RIT6, STM32H563RIV6, STM32H563VGT6, STM32H563VIT3Q, STM32H563VIT6, STM32H563ZGT6, STM32H563ZIT3Q, STM32H563ZIT6, STM32H573AII3Q, STM32H573AII6, STM32H573I-DK, STM32H573IIK3Q, STM32H573IIK6, STM32H573IIT3Q, STM32H573IIT6, STM32H573MIY3QTR, STM32H573RIT6, STM32H573RIV6, STM32H573VIT3Q, STM32H573VIT6, STM32H573ZIT3Q, STM32H573ZIT6, STM32H7R3A8I6, STM32H7R3I8K6, STM32H7R3I8T6, STM32H7R3L8H6, STM32H7R3L8H6H, STM32H7R3R8V6, STM32H7R3V8H6, STM32H7R3V8T6, STM32H7R3V8Y6TR, STM32H7R3Z8J6, STM32H7R3Z8T6, STM32H7R7A8I6, STM32H7R7I8K6, STM32H7R7I8T6, STM32H7R7L8H6, STM32H7R7L8H6H, STM32H7R7Z8J6, STM32H7S3A8I6, STM32H7S3I8K6, STM32H7S3I8T6, STM32H7S3L8H6, STM32H7S3L8H6H, STM32H7S3R8V6, STM32H7S3V8H6, STM32H7S3V8T6, STM32H7S3V8Y6TR, STM32H7S3Z8J6, STM32H7S3Z8T6, STM32H7S78-DK, STM32H7S7A8I6, STM32H7S7I8K6, STM32H7S7I8T6, STM32H7S7L8H6, STM32H7S7L8H6H, STM32H7S7Z8J6, STM32L4R5QGI6STR, STM32MP131AAE3, STM32MP131AAF3, STM32MP131AAG3, STM32MP131CAE3, STM32MP131CAF3, STM32MP131CAG3, STM32MP131DAE7, STM32MP131DAF7, STM32MP131DAG7, STM32MP131FAE7, STM32MP131FAF7, STM32MP131FAG7, STM32MP133AAE3, STM32MP133AAF3, STM32MP133AAG3, STM32MP133CAE3, STM32MP133CAF3, STM32MP133CAG3, STM32MP133DAE7, STM32MP133DAF7, STM32MP133DAG7, STM32MP133FAE7, STM32MP133FAF7, STM32MP133FAG7, STM32MP135AAE3, STM32MP135AAF3, STM32MP135AAG3, STM32MP135CAE3, STM32MP135CAF3, STM32MP135CAG3, STM32MP135DAE7, STM32MP135DAF7, STM32MP135DAG7, STM32MP135F-DK, STM32MP135FAE7, STM32MP135FAF7, STM32MP135FAF7T, STM32MP135FAF7U, STM32MP135FAG7, STM32MP251AAI3, STM32MP251AAK3, STM32MP251AAL3, STM32MP251CAI3, STM32MP251CAK3, STM32MP251CAL3, STM32MP251DAI3, STM32MP251DAK3, STM32MP251DAL3, STM32MP251FAI3, STM32MP251FAK3, STM32MP251FAL3, STM32MP253AAI3, STM32MP253AAK3, STM32MP253AAL3, STM32MP253CAI3, STM32MP253CAK3, STM32MP253CAL3, STM32MP253DAI3, STM32MP253DAK3, STM32MP253DAL3, STM32MP253FAI3, STM32MP253FAK3, STM32MP253FAL3, STM32MP255AAI3, STM32MP255AAK3, STM32MP255AAL3, STM32MP255CAI3, STM32MP255CAK3, STM32MP255CAL3, STM32MP255DAI3, STM32MP255DAK3, STM32MP255DAL3, STM32MP255FAI3, STM32MP255FAK3, STM32MP255FAL3, STM32MP257AAI3, STM32MP257AAK3, STM32MP257AAL3, STM32MP257CAI3, STM32MP257CAK3, STM32MP257CAL3, STM32MP257DAI3, STM32MP257DAK3, STM32MP257DAL3, STM32MP257F-DK, STM32MP257F-EV1, STM32MP257FAI3, STM32MP257FAK3, STM32MP257FAL3, STM32U031C6T6, STM32U031C6U6, STM32U031C8T6, STM32U031C8U6, STM32U031F4P6, STM32U031F6P6, STM32U031F8P6, STM32U031G6Y6TR, STM32U031G8Y6TR, STM32U031K4U6, STM32U031K6U6, STM32U031K8U6, STM32U031R6I6, STM32U031R6T6, STM32U031R8I6, STM32U031R8T6, STM32U073C8T6, STM32U073C8U6, STM32U073CBT6, STM32U073CBU6, STM32U073CCT6, STM32U073CCU6, STM32U073H8Y6TR, STM32U073HBY6TR, STM32U073HCY6TR, STM32U073K8U6, STM32U073KBU6, STM32U073KCU6, STM32U073M8I6, STM32U073M8T6, STM32U073MBI6, STM32U073MBT6, STM32U073MCI6, STM32U073MCT6, STM32U073R8I6, STM32U073R8T6, STM32U073RBI6, STM32U073RBT6, STM32U073RCI6, STM32U073RCT6, STM32U083C-DK, STM32U083CCT6, STM32U083CCU6, STM32U083HCY6TR, STM32U083KCU6, STM32U083MCI6, STM32U083MCT6, STM32U083RCI6, STM32U083RCT6, STM32U535CBT6, STM32U535CBT6Q, STM32U535CBU6, STM32U535CBU6Q, STM32U535CCT6, STM32U535CCT6Q, STM32U535CCU6, STM32U535CCU6Q, STM32U535CET6, STM32U535CET6Q, STM32U535CEU6, STM32U535CEU6Q, STM32U535JEY6QTR, STM32U535NCY6QTR, STM32U535NEY6QTR, STM32U535RBI6, STM32U535RBI6Q, STM32U535RBT6, STM32U535RBT6Q, STM32U535RCI6, STM32U535RCI6Q, STM32U535RCT6, STM32U535RCT6Q, STM32U535REI6, STM32U535REI6Q, STM32U535RET6, STM32U535RET6Q, STM32U535VCI6, STM32U535VCI6Q, STM32U535VCT6, STM32U535VCT6Q, STM32U535VEI6, STM32U535VEI6Q, STM32U535VET6, STM32U535VET6Q, STM32U545CET6, STM32U545CET6Q, STM32U545CEU6, STM32U545CEU6Q, STM32U545JEY6QTR, STM32U545NEY6QTR, STM32U545REI6, STM32U545REI6Q, STM32U545RET6, STM32U545RET6Q, STM32U545VEI6, STM32U545VEI6Q, STM32U545VET6, STM32U545VET6Q, STM32U595AIH6, STM32U595AIH6Q, STM32U595AJH6, STM32U595AJH6Q, STM32U595QII6, STM32U595QII6Q, STM32U595QJI6, STM32U595QJI6Q, STM32U595RIT6, STM32U595RIT6Q, STM32U595RJT6, STM32U595RJT6Q, STM32U595VIT6, STM32U595VIT6Q, STM32U595VJT6, STM32U595VJT6Q, STM32U595ZIT6, STM32U595ZIT6Q, STM32U595ZIY6QTR, STM32U595ZJT6, STM32U595ZJT6Q, STM32U595ZJY6QTR, STM32U599BJY6QTR, STM32U599NIH6Q, STM32U599NJH6Q, STM32U599VIT6Q, STM32U599VJT6, STM32U599VJT6Q, STM32U599ZIT6Q, STM32U599ZIY6QTR, STM32U599ZJT6Q, STM32U599ZJY6QTR, STM32U5A5AJH6, STM32U5A5AJH6Q, STM32U5A5QII3Q , STM32U5A5QJI6, STM32U5A5QJI6Q, STM32U5A5RJT6, STM32U5A5RJT6Q, STM32U5A5VJT6, STM32U5A5VJT6Q, STM32U5A5ZJT6, STM32U5A5ZJT6Q, STM32U5A5ZJY6QTR, STM32U5A9BJY6QTR, STM32U5A9J-DK, STM32U5A9NJH6Q, STM32U5A9VJT6Q, STM32U5A9ZJT6Q, STM32U5A9ZJY6QTR, STM32U5F7VIT6, STM32U5F7VIT6Q, STM32U5F7VJT6, STM32U5F7VJT6Q, STM32U5F9BJY6QTR, STM32U5F9NJH6Q, STM32U5F9VIT6Q, STM32U5F9VJT6Q, STM32U5F9ZIJ6QTR, STM32U5F9ZIT6Q, STM32U5F9ZJJ6QTR, STM32U5F9ZJT6Q, STM32U5G7VJT6, STM32U5G7VJT6Q, STM32U5G9BJY6QTR, STM32U5G9J-DK1, STM32U5G9J-DK2, STM32U5G9NJH6Q, STM32U5G9VJT6Q, STM32U5G9ZJJ6QTR, STM32U5G9ZJT6Q, STM32WB05KZV6TR, STM32WB05KZV7TR, STM32WB05TZF6TR, STM32WB05TZF7TR, STM32WB06CCF6TR, STM32WB06CCF7TR, STM32WB06CCV6TR, STM32WB06CCV7TR, STM32WB06KCV6TR, STM32WB06KCV7TR, STM32WB07CCF6TR, STM32WB07CCF7TR, STM32WB07CCV6TR, STM32WB07CCV7TR, STM32WB07KCV6TR, STM32WB07KCV7TR, STM32WB09KEV6TR, STM32WB09KEV7TR, STM32WB09TEF6TR, STM32WB09TEF7TR, STM32WB1MMCH6, STM32WBA50KGU6, STM32WBA50KGU6TR, STM32WBA52CEU6, STM32WBA52CEU6TR, STM32WBA52CEU7, STM32WBA52CEU7TR, STM32WBA52CGU6, STM32WBA52CGU6TR, STM32WBA52CGU6U, STM32WBA52CGU7, STM32WBA52CGU7TR, STM32WBA52KEU6, STM32WBA52KEU6TR, STM32WBA52KGU6, STM32WBA52KGU6TR, STM32WBA54CEU6, STM32WBA54CEU6TR, STM32WBA54CEU7, STM32WBA54CEU7TR, STM32WBA54CGU6, STM32WBA54CGU6TR, STM32WBA54CGU7, STM32WBA54CGU7TR, STM32WBA54KEU6, STM32WBA54KEU6TR, STM32WBA54KEU7, STM32WBA54KEU7TR, STM32WBA54KGU6, STM32WBA54KGU6TR, STM32WBA54KGU7, STM32WBA54KGU7TR, STM32WBA55CEU6, STM32WBA55CEU6TR, STM32WBA55CEU7, STM32WBA55CEU7TR, STM32WBA55CGU6, STM32WBA55CGU6TR, STM32WBA55CGU6U, STM32WBA55CGU7, STM32WBA55CGU7TR, STM32WBA55G-DK1, STM32WBA55HEF6, STM32WBA55HEF7, STM32WBA55HGF6, STM32WBA55HGF7, STM32WBA55UEI6, STM32WBA55UEI6TR, STM32WBA55UEI7, STM32WBA55UEI7TR, STM32WBA55UGI6, STM32WBA55UGI6TR, STM32WBA55UGI7, STM32WBA55UGI7TR, STM32WL5MOCH6, STM32WL5MOCH6TR]
2025-08-09 19:21:55,526 [INFO] DbMcus:218 - Found 4733 MCUs, 4733 are supported
2025-08-09 19:21:55,527 [INFO] ApiDb:423 - Load user favorites file C:\Users\nacho/.stm32cubeide/favorites.mcus.txt: 0 item(s)
2025-08-09 19:21:55,527 [INFO] ApiDb:427 - User favorites MCUs=[]
2025-08-09 19:21:55,527 [INFO] DbMcus:224 - Set 0 / 0 favorites MCUs
2025-08-09 19:21:55,869 [INFO] BoardInfo:889 - No configuration file found for board B-WBA5M-WPAN
2025-08-09 19:21:55,870 [INFO] DbBoards:161 - Board is not supported: B-WBA5M-WPAN
2025-08-09 19:21:55,875 [INFO] BoardInfo:889 - No configuration file found for board NUCLEO-C051C8
2025-08-09 19:21:55,876 [INFO] DbBoards:161 - Board is not supported: NUCLEO-C051C8
2025-08-09 19:21:55,880 [INFO] BoardInfo:889 - No configuration file found for board NUCLEO-C092RC
2025-08-09 19:21:55,882 [INFO] DbBoards:161 - Board is not supported: NUCLEO-C092RC
2025-08-09 19:21:55,997 [INFO] BoardInfo:889 - No configuration file found for board NUCLEO-N657X0-Q
2025-08-09 19:21:55,998 [INFO] DbBoards:161 - Board is not supported: NUCLEO-N657X0-Q
2025-08-09 19:21:56,003 [INFO] BoardInfo:889 - No configuration file found for board NUCLEO-U385RG-Q
2025-08-09 19:21:56,003 [INFO] DbBoards:161 - Board is not supported: NUCLEO-U385RG-Q
2025-08-09 19:21:56,020 [INFO] BoardInfo:889 - No configuration file found for board NUCLEO-WBA65RI
2025-08-09 19:21:56,021 [INFO] DbBoards:161 - Board is not supported: NUCLEO-WBA65RI
2025-08-09 19:21:56,022 [INFO] BoardInfo:889 - No configuration file found for board NUCLEO-WL33CC1
2025-08-09 19:21:56,023 [INFO] DbBoards:161 - Board is not supported: NUCLEO-WL33CC1
2025-08-09 19:21:56,024 [INFO] BoardInfo:889 - No configuration file found for board NUCLEO-WL33CC2
2025-08-09 19:21:56,024 [INFO] DbBoards:161 - Board is not supported: NUCLEO-WL33CC2
2025-08-09 19:21:56,031 [INFO] BoardInfo:889 - No configuration file found for board P-NUCLEO-WB55
2025-08-09 19:21:56,031 [INFO] DbBoards:161 - Kit is not supported: P-NUCLEO-WB55
2025-08-09 19:21:56,036 [INFO] BoardInfo:889 - No configuration file found for board STEVAL-BFA001V1B
2025-08-09 19:21:56,037 [INFO] DbBoards:161 - Kit is not supported: STEVAL-BFA001V1B
2025-08-09 19:21:56,038 [INFO] BoardInfo:889 - No configuration file found for board STEVAL-BFA001V2B
2025-08-09 19:21:56,038 [INFO] DbBoards:161 - Kit is not supported: STEVAL-BFA001V2B
2025-08-09 19:21:56,170 [INFO] BoardInfo:889 - No configuration file found for board STM32N6570-DK
2025-08-09 19:21:56,171 [INFO] DbBoards:161 - Board is not supported: STM32N6570-DK
2025-08-09 19:21:56,183 [INFO] BoardInfo:889 - No configuration file found for board STM32WBA65I-DK1
2025-08-09 19:21:56,184 [INFO] DbBoards:161 - Board is not supported: STM32WBA65I-DK1
2025-08-09 19:21:56,184 [INFO] DbBoards:168 - Found 211 boards, 198 are supported
2025-08-09 19:21:56,184 [INFO] DbBoards:169 - Found 211 boards, 25 of them is supported for  Bsp
2025-08-09 19:21:56,187 [INFO] ApiDb:423 - Load user favorites file C:\Users\nacho/.stm32cubeide/favorites.boards.txt: 1 item(s)
2025-08-09 19:21:56,187 [INFO] ApiDb:427 - User favorites Boards=[NUCLEO-WL55JC1]
2025-08-09 19:21:56,187 [INFO] DbBoards:198 - Set 1 / 1 favorites Boards
2025-08-09 19:21:56,187 [INFO] McuFinderGlobals:76 - Set McuFinderConnectedMode to true
2025-08-09 19:21:56,195 [INFO] MultiScanPanel:200 - Auto-refresh data requested => check proxy status ongoing
2025-08-09 19:21:56,199 [INFO] FinderPluginLoader:95 - Searching for filters in installed packs
2025-08-09 19:21:57,485 [INFO] LoadUrlFilesThread:185 - End of LoadServerUrlFiles without Thread
2025-08-09 19:21:57,560 [INFO] DetailPanel:341 - Set advertising image to C:/Users/nacho/STM32Cube/Repository/\en.2400x1350px.jpeg
2025-08-09 19:22:46,951 [INFO] MainUpdater:2873 - connection check result : 10
2025-08-09 19:22:46,951 [INFO] MainUpdater:2873 - connection check result : 10
2025-08-09 19:22:46,989 [INFO] RulesReader:64 - Compatibility file has been processed (297 Rules)
2025-08-09 19:22:47,004 [INFO] RulesReader:64 - Compatibility file has been processed (297 Rules)
2025-08-09 19:22:47,010 [INFO] MicroXplorer:468 - Change Database Path : 
2025-08-09 19:22:47,010 [INFO] MicroXplorer:498 - Change Database Version : DB.6.0.121
2025-08-09 19:22:47,019 [WARN] ThirdParty:871 - waiting for thirdparty lock release [close project]
2025-08-09 19:22:47,019 [INFO] ThirdParty:873 - entering critical section [close project]
2025-08-09 19:22:47,020 [INFO] ThirdParty:883 - exiting critical section [close project]
2025-08-09 19:22:47,022 [INFO] PinOutPanel:1561 - setPackage(No Configuration,No Configuration)
2025-08-09 19:22:47,026 [INFO] UtilMem:75 - Begin LoadConfig() Used Memory: 636287320 Bytes (805306368)
2025-08-09 19:22:47,027 [INFO] MicroXplorer:468 - Change Database Path : 
2025-08-09 19:22:47,027 [INFO] MicroXplorer:498 - Change Database Version : DB.6.0.121
2025-08-09 19:22:47,027 [INFO] OpenFileManager:332 - Change cursor
2025-08-09 19:22:47,056 [INFO] Mcu:2032 - Initializing MCU STM32WL55JCIx STM32WL55JCIx STM32WL55JCI6
2025-08-09 19:22:48,281 [INFO] Context:742 - Trying to add GPIOservice into a context  which must be forbidden
2025-08-09 19:22:48,282 [INFO] Context:742 - Trying to add GPIOservice into a context  which must be forbidden
2025-08-09 19:22:48,282 [INFO] Context:742 - Trying to add GPIOservice into a context  which must be forbidden
2025-08-09 19:22:48,668 [INFO] Context:742 - Trying to add GPIOservice into a context  which must be forbidden
2025-08-09 19:22:48,669 [INFO] Context:742 - Trying to add GPIOservice into a context  which must be forbidden
2025-08-09 19:22:48,852 [INFO] RtosManager:555 - Registered RTOS mode: class=CMSIS, group=RTOS, mode=CMSIS_V1, owner=FREERTOS
2025-08-09 19:22:48,852 [INFO] RtosManager:555 - Registered RTOS mode: class=CMSIS, group=RTOS2, mode=CMSIS_V2, owner=FREERTOS
2025-08-09 19:22:48,852 [INFO] RtosManager:555 - Registered RTOS mode: class=RTOS, group=Core, mode=CMSIS_V1, owner=FREERTOS
2025-08-09 19:22:48,852 [INFO] RtosManager:555 - Registered RTOS mode: class=RTOS, group=Core, mode=CMSIS_V2, owner=FREERTOS
2025-08-09 19:22:48,852 [WARN] ModelIntegratedComponent:184 - Missing modes for component STMicroelectronics:FreeRTOS:0.0.1:STMicroelectronics:RTOS:FreeRTOS:Core:::10.2.0:
2025-08-09 19:22:48,858 [WARN] ModelIntegratedComponent:63 - No mode defined for component null
2025-08-09 19:22:48,858 [WARN] ModelIntegratedComponent:63 - No mode defined for component null
2025-08-09 19:22:48,858 [WARN] ModelIntegratedComponent:63 - No mode defined for component null
2025-08-09 19:22:48,858 [WARN] ModelIntegratedComponent:63 - No mode defined for component null
2025-08-09 19:22:48,858 [WARN] ModelIntegratedComponent:63 - No mode defined for component null
2025-08-09 19:22:48,858 [WARN] ModelIntegratedComponent:63 - No mode defined for component null
2025-08-09 19:22:48,858 [WARN] ModelIntegratedComponent:63 - No mode defined for component null
2025-08-09 19:22:48,858 [WARN] ModelIntegratedComponent:63 - No mode defined for component null
2025-08-09 19:22:48,858 [WARN] ModelIntegratedComponent:63 - No mode defined for component null
2025-08-09 19:22:48,858 [WARN] ModelIntegratedComponent:63 - No mode defined for component null
2025-08-09 19:22:48,858 [WARN] ModelIntegratedComponent:63 - No mode defined for component null
2025-08-09 19:22:48,858 [WARN] ModelIntegratedComponent:63 - No mode defined for component null
2025-08-09 19:22:48,858 [WARN] ModelIntegratedComponent:63 - No mode defined for component null
2025-08-09 19:22:48,858 [WARN] ModelIntegratedComponent:63 - No mode defined for component null
2025-08-09 19:22:48,858 [WARN] ModelIntegratedComponent:63 - No mode defined for component null
2025-08-09 19:22:48,858 [WARN] ModelIntegratedComponent:63 - No mode defined for component null
2025-08-09 19:22:48,858 [WARN] ModelIntegratedComponent:63 - No mode defined for component null
2025-08-09 19:22:48,858 [WARN] ModelIntegratedComponent:63 - No mode defined for component null
2025-08-09 19:22:48,858 [WARN] ModelIntegratedComponent:63 - No mode defined for component null
2025-08-09 19:22:48,858 [WARN] ModelIntegratedComponent:63 - No mode defined for component null
2025-08-09 19:22:48,859 [WARN] ModelIntegratedComponent:63 - No mode defined for component null
2025-08-09 19:22:48,859 [WARN] ModelIntegratedComponent:63 - No mode defined for component null
2025-08-09 19:22:48,859 [WARN] ModelIntegratedComponent:63 - No mode defined for component null
2025-08-09 19:22:48,859 [WARN] ModelIntegratedComponent:63 - No mode defined for component null
2025-08-09 19:22:48,859 [WARN] ModelIntegratedComponent:63 - No mode defined for component null
2025-08-09 19:22:48,859 [WARN] ModelIntegratedComponent:63 - No mode defined for component null
2025-08-09 19:22:48,859 [WARN] ModelIntegratedComponent:63 - No mode defined for component null
2025-08-09 19:22:48,859 [WARN] ModelIntegratedComponent:63 - No mode defined for component null
2025-08-09 19:22:48,859 [WARN] ModelIntegratedComponent:63 - No mode defined for component null
2025-08-09 19:22:48,859 [WARN] ModelIntegratedComponent:63 - No mode defined for component null
2025-08-09 19:22:48,859 [WARN] ModelIntegratedComponent:63 - No mode defined for component null
2025-08-09 19:22:48,859 [WARN] ModelIntegratedComponent:63 - No mode defined for component null
2025-08-09 19:22:48,859 [WARN] ModelIntegratedComponent:63 - No mode defined for component null
2025-08-09 19:22:48,859 [WARN] ModelIntegratedComponent:63 - No mode defined for component null
2025-08-09 19:22:48,859 [WARN] ModelIntegratedComponent:63 - No mode defined for component null
2025-08-09 19:22:48,859 [WARN] ModelPack:524 - Component already loaded: STMicroelectronics:HAL Drivers:0.0.0:STMicroelectronics:Device:STMicro_Driver:XSPI:HAL::0.0.1:HAL_XSPI
2025-08-09 19:22:49,153 [INFO] ThirdPartyModel:298 - Start build external matchings
2025-08-09 19:22:50,466 [INFO] ThirdPartyModel:316 - End build external matchings
2025-08-09 19:22:50,495 [INFO] ImportTextPane:205 - (OptionalMessage_ERROR) IP (ADC) : Parameter (NbrOfConversion) has invalid value (1)
2025-08-09 19:22:50,679 [INFO] UtilMem:75 - End LoadConfig() Used Memory: 914602448 Bytes (1073741824)
2025-08-09 19:22:50,790 [WARN] ThirdParty:833 - waiting for thirdparty lock release [change project]
2025-08-09 19:22:50,790 [INFO] ThirdParty:835 - entering critical section [change project]
2025-08-09 19:22:50,790 [INFO] ThirdParty:1030 - CMSIS Pack Vendor :STMicroelectronics X-CUBE-PM33A1 1.0.0
2025-08-09 19:22:50,790 [INFO] ThirdParty:1030 - CMSIS Pack Vendor :STMicroelectronics USBPD 4.1
2025-08-09 19:22:50,790 [INFO] ThirdParty:1030 - CMSIS Pack Vendor :STMicroelectronics USB_HOST 2.0.0
2025-08-09 19:22:50,790 [INFO] ThirdParty:1030 - CMSIS Pack Vendor :STMicroelectronics FP-SNS-MOTENVWB1 1.4.0
2025-08-09 19:22:50,790 [INFO] ThirdParty:1030 - CMSIS Pack Vendor :STMicroelectronics X-CUBE-AZRTOS-F4 1.1.0
2025-08-09 19:22:50,790 [INFO] ThirdParty:1030 - CMSIS Pack Vendor :STMicroelectronics LIBJPEG 8.0.0
2025-08-09 19:22:50,791 [INFO] ThirdParty:1030 - CMSIS Pack Vendor :STMicroelectronics FP-ATR-ASTRA1 2.0.2
2025-08-09 19:22:50,791 [INFO] ThirdParty:1030 - CMSIS Pack Vendor :STMicroelectronics FP-ATR-ASTRA1 2.0.1
2025-08-09 19:22:50,791 [INFO] ThirdParty:1030 - CMSIS Pack Vendor :STMicroelectronics X-CUBE-SMBUS 2.1.0
2025-08-09 19:22:50,791 [INFO] ThirdParty:1030 - CMSIS Pack Vendor :STMicroelectronics X-CUBE-WB05N 1.1.0
2025-08-09 19:22:50,791 [INFO] ThirdParty:1030 - CMSIS Pack Vendor :STMicroelectronics X-CUBE-ISPU 2.1.0
2025-08-09 19:22:50,791 [INFO] ThirdParty:1030 - CMSIS Pack Vendor :STMicroelectronics X-CUBE-FREERTOS 1.2.0
2025-08-09 19:22:50,791 [INFO] ThirdParty:1030 - CMSIS Pack Vendor :STMicroelectronics X-CUBE-NFC12 1.0.0
2025-08-09 19:22:50,791 [INFO] ThirdParty:1030 - CMSIS Pack Vendor :STMicroelectronics X-CUBE-AZRTOS-F7 1.1.0
2025-08-09 19:22:50,791 [INFO] ThirdParty:1030 - CMSIS Pack Vendor :STMicroelectronics X-CUBE-AZRTOS-L5 2.0.0
2025-08-09 19:22:50,791 [INFO] ThirdParty:1030 - CMSIS Pack Vendor :STMicroelectronics USB_DEVICE 2.0.0
2025-08-09 19:22:50,791 [INFO] ThirdParty:1030 - CMSIS Pack Vendor :STMicroelectronics X-CUBE-NFC6 3.1.0
2025-08-09 19:22:50,791 [INFO] ThirdParty:1030 - CMSIS Pack Vendor :STMicroelectronics X-CUBE-MEMS1 11.0.0
2025-08-09 19:22:50,791 [INFO] ThirdParty:1030 - CMSIS Pack Vendor :STMicroelectronics FreeRTOS 0.0.1
2025-08-09 19:22:50,791 [INFO] ThirdParty:1030 - CMSIS Pack Vendor :STMicroelectronics X-CUBE-DPower 1.2.0
2025-08-09 19:22:50,791 [INFO] ThirdParty:1030 - CMSIS Pack Vendor :STMicroelectronics FP-SNS-FLIGHT1 5.0.2
2025-08-09 19:22:50,791 [INFO] ThirdParty:1030 - CMSIS Pack Vendor :STMicroelectronics PDM2PCM 3.3.0
2025-08-09 19:22:50,791 [INFO] ThirdParty:1030 - CMSIS Pack Vendor :STMicroelectronics X-CUBE-AZRTOS-H7 3.4.0
2025-08-09 19:22:50,791 [INFO] ThirdParty:1030 - CMSIS Pack Vendor :STMicroelectronics X-CUBE-DISPLAY 3.0.0
2025-08-09 19:22:50,791 [INFO] ThirdParty:1030 - CMSIS Pack Vendor :STMicroelectronics X-CUBE-BLE1 7.0.0
2025-08-09 19:22:50,791 [INFO] ThirdParty:1030 - CMSIS Pack Vendor :STMicroelectronics X-CUBE-NFC10 1.0.0
2025-08-09 19:22:50,791 [INFO] ThirdParty:1030 - CMSIS Pack Vendor :STMicroelectronics X-CUBE-BLEMGR 4.0.0
2025-08-09 19:22:50,791 [INFO] ThirdParty:1030 - CMSIS Pack Vendor :STMicroelectronics X-CUBE-FREERTOS 1.3.1
2025-08-09 19:22:50,791 [INFO] ThirdParty:1030 - CMSIS Pack Vendor :STMicroelectronics HAL Drivers 0.0.0
2025-08-09 19:22:50,791 [INFO] ThirdParty:1030 - CMSIS Pack Vendor :emotas I-CUBE-CANOPEN 1.3.0
2025-08-09 19:22:50,791 [INFO] ThirdParty:1030 - CMSIS Pack Vendor :STMicroelectronics X-CUBE-FREERTOS 1.3.0
2025-08-09 19:22:50,791 [INFO] ThirdParty:1030 - CMSIS Pack Vendor :STMicroelectronics X-CUBE-NFC7 1.0.1
2025-08-09 19:22:50,791 [INFO] ThirdParty:1030 - CMSIS Pack Vendor :STMicroelectronics MBEDTLS 2.14.1
2025-08-09 19:22:50,791 [INFO] ThirdParty:1030 - CMSIS Pack Vendor :STMicroelectronics X-CUBE-BLEMGR 3.1.0
2025-08-09 19:22:50,791 [INFO] ThirdParty:1030 - CMSIS Pack Vendor :STMicroelectronics X-CUBE-AI 10.0.0
2025-08-09 19:22:50,791 [INFO] ThirdParty:1030 - CMSIS Pack Vendor :STMicroelectronics FP-SNS-SMARTAG2 1.2.0
2025-08-09 19:22:50,791 [INFO] ThirdParty:1030 - CMSIS Pack Vendor :STMicroelectronics X-CUBE-MEMS1 11.1.0
2025-08-09 19:22:50,791 [INFO] ThirdParty:1030 - CMSIS Pack Vendor :STMicroelectronics X-CUBE-AZRTOS-WL 2.0.0
2025-08-09 19:22:50,791 [INFO] ThirdParty:1030 - CMSIS Pack Vendor :STMicroelectronics X-CUBE-DPower 1.3.0
2025-08-09 19:22:50,792 [INFO] ThirdParty:1030 - CMSIS Pack Vendor :STMicroelectronics FP-SNS-MOTENV1 5.0.0
2025-08-09 19:22:50,792 [INFO] ThirdParty:1030 - CMSIS Pack Vendor :STMicroelectronics USB_DEVICE 1.0.0
2025-08-09 19:22:50,792 [INFO] ThirdParty:1030 - CMSIS Pack Vendor :wolfSSL I-CUBE-wolfMQTT 1.19.0
2025-08-09 19:22:50,792 [INFO] ThirdParty:1030 - CMSIS Pack Vendor :STMicroelectronics X-CUBE-AZRTOS-L4 2.0.0
2025-08-09 19:22:50,792 [INFO] ThirdParty:1030 - CMSIS Pack Vendor :STMicroelectronics ThreadX 0.0.2
2025-08-09 19:22:50,792 [INFO] ThirdParty:1030 - CMSIS Pack Vendor :WES I-CUBE-Cesium 1.3.0
2025-08-09 19:22:50,792 [INFO] ThirdParty:1030 - CMSIS Pack Vendor :STMicroelectronics lwIP 2.1.2
2025-08-09 19:22:50,792 [INFO] ThirdParty:1030 - CMSIS Pack Vendor :STMicroelectronics X-CUBE-SFXS2LP1 4.0.0
2025-08-09 19:22:50,792 [INFO] ThirdParty:1030 - CMSIS Pack Vendor :STMicroelectronics X-CUBE-BLE2 3.3.0
2025-08-09 19:22:50,792 [INFO] ThirdParty:1030 - CMSIS Pack Vendor :STMicroelectronics PDM2PCM 3.2.0
2025-08-09 19:22:50,792 [INFO] ThirdParty:1030 - CMSIS Pack Vendor :STMicroelectronics X-CUBE-AZRTOS-H7 3.3.0
2025-08-09 19:22:50,792 [INFO] ThirdParty:1030 - CMSIS Pack Vendor :STMicroelectronics X-CUBE-NFC9 1.0.0
2025-08-09 19:22:50,792 [INFO] ThirdParty:1030 - CMSIS Pack Vendor :STMicroelectronics X-CUBE-BLE1 7.1.0
2025-08-09 19:22:50,792 [INFO] ThirdParty:1030 - CMSIS Pack Vendor :STMicroelectronics USB_DEVICE 3.0.0
2025-08-09 19:22:50,792 [INFO] ThirdParty:1030 - CMSIS Pack Vendor :STMicroelectronics X-CUBE-TCPP 4.1.0
2025-08-09 19:22:50,792 [INFO] ThirdParty:1030 - CMSIS Pack Vendor :STMicroelectronics X-CUBE-EEPRMA1 5.2.0
2025-08-09 19:22:50,792 [INFO] ThirdParty:1030 - CMSIS Pack Vendor :STMicroelectronics X-CUBE-IPS 3.0.0
2025-08-09 19:22:50,792 [INFO] ThirdParty:1030 - CMSIS Pack Vendor :STMicroelectronics X-CUBE-AZRTOS-WB 2.0.0
2025-08-09 19:22:50,792 [INFO] ThirdParty:1030 - CMSIS Pack Vendor :STMicroelectronics X-CUBE-GNSS1 7.0.0
2025-08-09 19:22:50,792 [INFO] ThirdParty:1030 - CMSIS Pack Vendor :STMicroelectronics X-CUBE-GNSS1 7.0.1
2025-08-09 19:22:50,792 [INFO] ThirdParty:1030 - CMSIS Pack Vendor :STMicroelectronics X-CUBE-TOUCHGFX 4.25.0
2025-08-09 19:22:50,792 [INFO] ThirdParty:1030 - CMSIS Pack Vendor :STMicroelectronics X-CUBE-AI 10.1.0
2025-08-09 19:22:50,792 [INFO] ThirdParty:1030 - CMSIS Pack Vendor :STMicroelectronics FP-SNS-STBOX1 2.0.0
2025-08-09 19:22:50,792 [INFO] ThirdParty:1030 - CMSIS Pack Vendor :STMicroelectronics X-CUBE-MEMS1 11.2.0
2025-08-09 19:22:50,792 [INFO] ThirdParty:1030 - CMSIS Pack Vendor :STMicroelectronics X-CUBE-AZRTOS-G0 1.1.0
2025-08-09 19:22:50,792 [INFO] ThirdParty:1030 - CMSIS Pack Vendor :STMicroelectronics X-CUBE-SAFEA1 1.2.2
2025-08-09 19:22:50,792 [INFO] ThirdParty:1030 - CMSIS Pack Vendor :STMicroelectronics X-CUBE-NFC4 3.0.0
2025-08-09 19:22:50,792 [INFO] ThirdParty:1030 - CMSIS Pack Vendor :STMicroelectronics X-CUBE-SUBG2 5.0.0
2025-08-09 19:22:50,792 [INFO] ThirdParty:1030 - CMSIS Pack Vendor :STMicroelectronics X-CUBE-AZRTOS-H7RS 1.1.0
2025-08-09 19:22:50,792 [INFO] ThirdParty:1030 - CMSIS Pack Vendor :STMicroelectronics STM32_WPAN 1.0.0
2025-08-09 19:22:50,792 [INFO] ThirdParty:1030 - CMSIS Pack Vendor :EmbeddedOffice I-CUBE-FS-RTOS 1.0.1
2025-08-09 19:22:50,792 [INFO] ThirdParty:1030 - CMSIS Pack Vendor :STMicroelectronics lwIP 2.0.3
2025-08-09 19:22:50,792 [INFO] ThirdParty:1030 - CMSIS Pack Vendor :Cesanta I-CUBE-Mongoose 7.13.0
2025-08-09 19:22:50,792 [INFO] ThirdParty:1030 - CMSIS Pack Vendor :STMicroelectronics USB_HOST 1.0.0
2025-08-09 19:22:50,792 [INFO] ThirdParty:1030 - CMSIS Pack Vendor :STMicroelectronics X-CUBE-AZRTOS-G4 2.0.0
2025-08-09 19:22:50,792 [INFO] ThirdParty:1030 - CMSIS Pack Vendor :STMicroelectronics X-CUBE-WB05N 2.0.0
2025-08-09 19:22:50,793 [INFO] ThirdParty:1030 - CMSIS Pack Vendor :STMicroelectronics PDM2PCM 3.1.0
2025-08-09 19:22:50,793 [INFO] ThirdParty:1030 - CMSIS Pack Vendor :STMicroelectronics X-CUBE-NFC7 2.0.0
2025-08-09 19:22:50,793 [INFO] ThirdParty:1030 - CMSIS Pack Vendor :RealThread X-CUBE-RT-Thread_Nano 4.1.1
2025-08-09 19:22:50,793 [INFO] ThirdParty:1030 - CMSIS Pack Vendor :STMicroelectronics FP-ATR-SIGFOX1 3.2.0
2025-08-09 19:22:50,793 [INFO] ThirdParty:1030 - CMSIS Pack Vendor :quantropi X-CUBE-qispace-sdk-base 1.9.3
2025-08-09 19:22:50,793 [INFO] ThirdParty:1030 - CMSIS Pack Vendor :STMicroelectronics X-CUBE-EEPRMA1 5.1.0
2025-08-09 19:22:50,793 [INFO] ThirdParty:1030 - CMSIS Pack Vendor :STMicroelectronics MBEDTLS 2.16.2
2025-08-09 19:22:50,793 [INFO] ThirdParty:1030 - CMSIS Pack Vendor :STMicroelectronics X-CUBE-ALS 1.0.2
2025-08-09 19:22:50,793 [INFO] ThirdParty:1030 - CMSIS Pack Vendor :wolfSSL I-CUBE-wolfSSL 5.7.4
2025-08-09 19:22:50,793 [INFO] ThirdParty:1030 - CMSIS Pack Vendor :ITTIA_DB I-CUBE-ITTIADB 8.9.0
2025-08-09 19:22:50,793 [INFO] ThirdParty:1030 - CMSIS Pack Vendor :STMicroelectronics X-CUBE-TOUCHGFX 4.24.2
2025-08-09 19:22:50,793 [INFO] ThirdParty:1030 - CMSIS Pack Vendor :STMicroelectronics X-CUBE-TOUCHGFX 4.24.1
2025-08-09 19:22:50,793 [INFO] ThirdParty:1030 - CMSIS Pack Vendor :wolfSSL I-CUBE-wolfTPM 3.4.0
2025-08-09 19:22:50,793 [INFO] ThirdParty:1030 - CMSIS Pack Vendor :portGmbH I-Cube-SoM-uGOAL 1.1.0
2025-08-09 19:22:50,793 [INFO] ThirdParty:1030 - CMSIS Pack Vendor :STMicroelectronics X-CUBE-AI 10.2.0
2025-08-09 19:22:50,793 [INFO] ThirdParty:1030 - CMSIS Pack Vendor :STMicroelectronics ThreadX 1.0.0
2025-08-09 19:22:50,793 [INFO] ThirdParty:1030 - CMSIS Pack Vendor :SEGGER I-CUBE-embOS 1.3.1
2025-08-09 19:22:50,793 [INFO] ThirdParty:1030 - CMSIS Pack Vendor :STMicroelectronics X-CUBE-ALGOBUILD 1.4.0
2025-08-09 19:22:50,793 [INFO] ThirdParty:1030 - CMSIS Pack Vendor :STMicroelectronics X-CUBE-MEMS1 11.3.0
2025-08-09 19:22:50,793 [INFO] ThirdParty:1030 - CMSIS Pack Vendor :STMicroelectronics X-CUBE-AZRTOS-H7RS 1.0.0
2025-08-09 19:22:50,793 [INFO] ThirdParty:1030 - CMSIS Pack Vendor :STMicroelectronics X-CUBE-TOF1 3.4.2
2025-08-09 19:22:50,793 [INFO] ThirdParty:1030 - CMSIS Pack Vendor :STMicroelectronics X-CUBE-AI 9.1.0
2025-08-09 19:22:50,793 [INFO] ThirdParty:1030 - CMSIS Pack Vendor :Infineon AIROC-Wi-Fi-Bluetooth-STM32 1.6.1
2025-08-09 19:22:50,793 [INFO] ThirdParty:1030 - CMSIS Pack Vendor :wolfSSL I-CUBE-wolfSSH 1.4.17
2025-08-09 19:22:50,793 [INFO] ThirdParty:841 - exiting critical section [change project]
2025-08-09 19:22:51,209 [INFO] PinOutPanel:1561 - setPackage(No Configuration,No Configuration)
2025-08-09 19:22:51,210 [INFO] PinOutPanel:1561 - setPackage(STM32WL55JCIx,UFBGA73)
2025-08-09 19:22:51,685 [INFO] UtilMem:75 - Before build in PCC Used Memory: 682795616 Bytes (1073741824)
2025-08-09 19:22:52,733 [INFO] UtilMem:75 - After build in PCC Used Memory: 884220408 Bytes (1073741824)
2025-08-09 19:22:52,772 [INFO] IPUIPlugin:80 - create IPUIPlugin
2025-08-09 19:22:52,772 [INFO] IPUIPlugin:80 - create IPUIPlugin
2025-08-09 19:22:52,772 [INFO] IPUIPlugin:80 - create IPUIPlugin
2025-08-09 19:22:52,772 [INFO] IPUIPlugin:80 - create IPUIPlugin
2025-08-09 19:22:52,772 [INFO] IPUIPlugin:80 - create IPUIPlugin
2025-08-09 19:22:52,773 [INFO] IPUIPlugin:80 - create IPUIPlugin
2025-08-09 19:22:52,773 [INFO] IPUIPlugin:80 - create IPUIPlugin
2025-08-09 19:22:52,773 [INFO] IPUIPlugin:80 - create IPUIPlugin
2025-08-09 19:22:52,773 [INFO] IPUIPlugin:80 - create IPUIPlugin
2025-08-09 19:22:52,773 [INFO] IPUIPlugin:80 - create IPUIPlugin
2025-08-09 19:22:52,773 [INFO] IPUIPlugin:80 - create IPUIPlugin
2025-08-09 19:22:52,774 [INFO] IPUIPlugin:80 - create IPUIPlugin
2025-08-09 19:22:52,774 [INFO] IPUIPlugin:80 - create IPUIPlugin
2025-08-09 19:22:52,774 [INFO] IPUIPlugin:80 - create IPUIPlugin
2025-08-09 19:22:52,774 [INFO] IPUIPlugin:80 - create IPUIPlugin
2025-08-09 19:22:52,774 [INFO] IPUIPlugin:80 - create IPUIPlugin
2025-08-09 19:22:52,774 [INFO] IPUIPlugin:80 - create IPUIPlugin
2025-08-09 19:22:52,774 [INFO] IPUIPlugin:80 - create IPUIPlugin
2025-08-09 19:22:52,774 [INFO] IPUIPlugin:80 - create IPUIPlugin
2025-08-09 19:22:52,774 [INFO] IPUIPlugin:80 - create IPUIPlugin
2025-08-09 19:22:52,775 [INFO] IPUIPlugin:80 - create IPUIPlugin
2025-08-09 19:22:52,775 [INFO] IPUIPlugin:80 - create IPUIPlugin
2025-08-09 19:22:52,775 [INFO] IPUIPlugin:80 - create IPUIPlugin
2025-08-09 19:22:52,775 [INFO] IPUIPlugin:80 - create IPUIPlugin
2025-08-09 19:22:52,775 [INFO] IPUIPlugin:80 - create IPUIPlugin
2025-08-09 19:22:52,775 [INFO] IPUIPlugin:80 - create IPUIPlugin
2025-08-09 19:22:52,776 [INFO] IPUIPlugin:80 - create IPUIPlugin
2025-08-09 19:22:52,776 [INFO] IPUIPlugin:80 - create IPUIPlugin
2025-08-09 19:22:52,776 [INFO] IPUIPlugin:80 - create IPUIPlugin
2025-08-09 19:22:52,776 [INFO] IPUIPlugin:80 - create IPUIPlugin
2025-08-09 19:22:52,776 [INFO] IPUIPlugin:80 - create IPUIPlugin
2025-08-09 19:22:52,777 [INFO] IPUIPlugin:80 - create IPUIPlugin
2025-08-09 19:22:52,777 [INFO] IPUIPlugin:80 - create IPUIPlugin
2025-08-09 19:22:52,778 [INFO] IPUIPlugin:80 - create IPUIPlugin
2025-08-09 19:22:52,778 [INFO] IPUIPlugin:80 - create IPUIPlugin
2025-08-09 19:22:52,778 [INFO] IPUIPlugin:80 - create IPUIPlugin
2025-08-09 19:22:52,778 [INFO] IPUIPlugin:80 - create IPUIPlugin
2025-08-09 19:22:52,779 [INFO] IPUIPlugin:80 - create IPUIPlugin
2025-08-09 19:22:52,779 [INFO] IPUIPlugin:80 - create IPUIPlugin
2025-08-09 19:22:52,779 [INFO] IPUIPlugin:80 - create IPUIPlugin
2025-08-09 19:22:52,779 [INFO] IPUIPlugin:80 - create IPUIPlugin
2025-08-09 19:22:52,780 [INFO] IPUIPlugin:80 - create IPUIPlugin
2025-08-09 19:22:52,780 [INFO] IPUIPlugin:80 - create IPUIPlugin
2025-08-09 19:22:52,781 [INFO] IPUIPlugin:80 - create IPUIPlugin
2025-08-09 19:22:52,781 [INFO] IPUIPlugin:80 - create IPUIPlugin
2025-08-09 19:22:52,781 [INFO] IPUIPlugin:80 - create IPUIPlugin
2025-08-09 19:22:52,781 [INFO] IPUIPlugin:80 - create IPUIPlugin
2025-08-09 19:22:52,782 [INFO] IPUIPlugin:80 - create IPUIPlugin
2025-08-09 19:22:52,782 [INFO] IPUIPlugin:80 - create IPUIPlugin
2025-08-09 19:22:52,782 [INFO] IPUIPlugin:80 - create IPUIPlugin
2025-08-09 19:22:52,783 [INFO] IPUIPlugin:80 - create IPUIPlugin
2025-08-09 19:22:52,783 [INFO] IPUIPlugin:80 - create IPUIPlugin
2025-08-09 19:22:52,783 [INFO] IPUIPlugin:80 - create IPUIPlugin
2025-08-09 19:22:52,784 [INFO] IPUIPlugin:80 - create IPUIPlugin
2025-08-09 19:22:52,784 [INFO] IPUIPlugin:80 - create IPUIPlugin
2025-08-09 19:22:53,084 [INFO] CADModel:165 - CPN selected for project levelSTM32WL55JCI6
2025-08-09 19:22:53,084 [INFO] CADModel:114 - Register for checkConnection events
2025-08-09 19:22:53,137 [INFO] OpenFileManager:363 - Restore cursor
2025-08-09 19:22:53,955 [INFO] UtilMem:75 - End SaveConfig() Used Memory: 894234256 Bytes (1073741824)
2025-08-09 19:22:54,055 [INFO] UtilMem:75 - End SaveConfig() Used Memory: 909347760 Bytes (1073741824)
2025-08-09 19:22:54,649 [INFO] BlockDiagram:2766 - set Specific Code input for plugin: ADC
2025-08-09 19:22:54,649 [INFO] BlockDiagram:2766 - set Specific Code input for plugin: LPTIM
2025-08-09 19:22:54,649 [INFO] BlockDiagram:2766 - set Specific Code input for plugin: LPTIM
2025-08-09 19:22:54,649 [INFO] BlockDiagram:2766 - set Specific Code input for plugin: TIM1_8WL5
2025-08-09 19:22:54,649 [INFO] BlockDiagram:2766 - set Specific Code input for plugin: TIM1_8WL5
2025-08-09 19:22:54,649 [INFO] BlockDiagram:2766 - set Specific Code input for plugin: SYS
2025-08-09 19:22:54,649 [INFO] BlockDiagram:2766 - set Specific Code input for plugin: RCC
2025-08-09 19:22:54,649 [INFO] BlockDiagram:2766 - set Specific Code input for plugin: I2C
2025-08-09 19:22:54,649 [INFO] BlockDiagram:2766 - set Specific Code input for plugin: USART
2025-08-09 19:22:54,649 [INFO] BlockDiagram:2766 - set Specific Code input for plugin: SYSM0P
2025-08-09 19:22:54,649 [INFO] BlockDiagram:2766 - set Specific Code input for plugin: TIM1_8WL5
2025-08-09 19:22:54,649 [INFO] BlockDiagram:2766 - set Specific Code input for plugin: TIM1_8WL5
2025-08-09 19:22:54,649 [INFO] BlockDiagram:2766 - set Specific Code input for plugin: NVIC2
2025-08-09 19:22:54,650 [INFO] BlockDiagram:2766 - set Specific Code input for plugin: GPIO
2025-08-09 19:22:54,650 [INFO] BlockDiagram:2766 - set Specific Code input for plugin: NVIC1
2025-08-09 19:22:54,652 [INFO] CodeGenerator:807 - code generatio: config db path: C:\ST\STM32CubeIDE_1.16.1\STM32CubeIDE\plugins\com.st.stm32cube.common.mx_6.12.1.202409122256\\db\
2025-08-09 19:22:54,747 [INFO] CodeGenerator:1531 - *******************Project context M4 selected
2025-08-09 19:22:54,924 [INFO] CodeEngine:255 - oldGeneratedFile, C:\Users\nacho\OneDrive\Documentos\FIUBA\TPP\Software\MXTmpFiles\license.tmp_save
2025-08-09 19:22:55,252 [INFO] CodeEngine:279 - Generated code: C:\Users\nacho\OneDrive\Documentos\FIUBA\TPP\Software\MXTmpFiles\license.tmp
2025-08-09 19:22:55,442 [INFO] CodeEngine:255 - oldGeneratedFile, C:\Users\nacho\OneDrive\Documentos\FIUBA\TPP\Software\CM4\MXTmpFiles\gpio.tmp_save
2025-08-09 19:22:55,597 [INFO] CodeEngine:279 - Generated code: C:\Users\nacho\OneDrive\Documentos\FIUBA\TPP\Software\CM4\MXTmpFiles\gpio.tmp
2025-08-09 19:22:55,997 [WARN] IPConfigManager:98 - WARNING: Missing Config File for NVIC1 ip!!
2025-08-09 19:22:56,666 [INFO] CodeEngine:255 - oldGeneratedFile, C:\Users\nacho\OneDrive\Documentos\FIUBA\TPP\Software\CM4\Core\Src\stm32wlxx_it.c_save
2025-08-09 19:22:56,799 [INFO] CodeEngine:279 - Generated code: C:\Users\nacho\OneDrive\Documentos\FIUBA\TPP\Software\CM4\Core\Src\stm32wlxx_it.c
2025-08-09 19:22:56,805 [INFO] CodeEngine:255 - oldGeneratedFile, C:\Users\nacho\OneDrive\Documentos\FIUBA\TPP\Software\CM4\Core\Inc\stm32wlxx_it.h_save
2025-08-09 19:22:56,877 [INFO] CodeEngine:279 - Generated code: C:\Users\nacho\OneDrive\Documentos\FIUBA\TPP\Software\CM4\Core\Inc\stm32wlxx_it.h
2025-08-09 19:22:57,091 [INFO] CodeEngine:255 - oldGeneratedFile, C:\Users\nacho\OneDrive\Documentos\FIUBA\TPP\Software\CM4\Core\Src\stm32wlxx_hal_msp.c_save
2025-08-09 19:22:57,387 [INFO] CodeEngine:279 - Generated code: C:\Users\nacho\OneDrive\Documentos\FIUBA\TPP\Software\CM4\Core\Src\stm32wlxx_hal_msp.c
2025-08-09 19:22:57,413 [INFO] CodeEngine:255 - oldGeneratedFile, C:\Users\nacho\OneDrive\Documentos\FIUBA\TPP\Software\CM4\MXTmpFiles\system.tmp_save
2025-08-09 19:22:57,528 [INFO] CodeEngine:279 - Generated code: C:\Users\nacho\OneDrive\Documentos\FIUBA\TPP\Software\CM4\MXTmpFiles\system.tmp
2025-08-09 19:22:57,545 [INFO] CodeEngine:311 - oldGeneratedFile, C:\Users\nacho\OneDrive\Documentos\FIUBA\TPP\Software\CM4\Core\Inc\stm32wlxx_hal_conf.h_save
2025-08-09 19:22:57,710 [INFO] CodeEngine:335 - Generated code: C:\Users\nacho\OneDrive\Documentos\FIUBA\TPP\Software\CM4\Core\Inc\stm32wlxx_hal_conf.h
2025-08-09 19:22:57,741 [WARN] IPConfigManager:3554 - IP not found : NVIC
2025-08-09 19:22:57,741 [WARN] IPConfigManager:3554 - IP not found : TIM
2025-08-09 19:22:57,742 [WARN] CodeGenerator:4002 - IP not found : null
2025-08-09 19:22:57,742 [WARN] CodeGenerator:4002 - IP not found : null
2025-08-09 19:22:57,749 [INFO] CodeEngine:255 - oldGeneratedFile, C:\Users\nacho\OneDrive\Documentos\FIUBA\TPP\Software\CM4\Core\Inc\main.h_save
2025-08-09 19:22:57,861 [INFO] CodeEngine:279 - Generated code: C:\Users\nacho\OneDrive\Documentos\FIUBA\TPP\Software\CM4\Core\Inc\main.h
2025-08-09 19:22:57,866 [INFO] CodeEngine:255 - oldGeneratedFile, C:\Users\nacho\OneDrive\Documentos\FIUBA\TPP\Software\CM4\Core\Src\main.c_save
2025-08-09 19:22:58,066 [INFO] CodeEngine:279 - Generated code: C:\Users\nacho\OneDrive\Documentos\FIUBA\TPP\Software\CM4\Core\Src\main.c
2025-08-09 19:22:58,122 [INFO] CodeGenerator:1531 - *******************Project context M0P selected
2025-08-09 19:22:58,177 [INFO] CodeEngine:255 - oldGeneratedFile, C:\Users\nacho\OneDrive\Documentos\FIUBA\TPP\Software\MXTmpFiles\license.tmp_save
2025-08-09 19:22:58,262 [INFO] CodeEngine:279 - Generated code: C:\Users\nacho\OneDrive\Documentos\FIUBA\TPP\Software\MXTmpFiles\license.tmp
2025-08-09 19:22:58,281 [INFO] CodeEngine:255 - oldGeneratedFile, C:\Users\nacho\OneDrive\Documentos\FIUBA\TPP\Software\CM0PLUS\MXTmpFiles\gpio.tmp_save
2025-08-09 19:22:58,371 [INFO] CodeEngine:279 - Generated code: C:\Users\nacho\OneDrive\Documentos\FIUBA\TPP\Software\CM0PLUS\MXTmpFiles\gpio.tmp
2025-08-09 19:22:58,382 [WARN] IPConfigManager:98 - WARNING: Missing Config File for NVIC2 ip!!
2025-08-09 19:22:58,408 [INFO] CodeEngine:255 - oldGeneratedFile, C:\Users\nacho\OneDrive\Documentos\FIUBA\TPP\Software\CM0PLUS\Core\Src\stm32wlxx_it.c_save
2025-08-09 19:22:58,516 [INFO] CodeEngine:279 - Generated code: C:\Users\nacho\OneDrive\Documentos\FIUBA\TPP\Software\CM0PLUS\Core\Src\stm32wlxx_it.c
2025-08-09 19:22:58,521 [INFO] CodeEngine:255 - oldGeneratedFile, C:\Users\nacho\OneDrive\Documentos\FIUBA\TPP\Software\CM0PLUS\Core\Inc\stm32wlxx_it.h_save
2025-08-09 19:22:58,588 [INFO] CodeEngine:279 - Generated code: C:\Users\nacho\OneDrive\Documentos\FIUBA\TPP\Software\CM0PLUS\Core\Inc\stm32wlxx_it.h
2025-08-09 19:22:58,626 [INFO] CodeEngine:255 - oldGeneratedFile, C:\Users\nacho\OneDrive\Documentos\FIUBA\TPP\Software\CM0PLUS\Core\Src\stm32wlxx_hal_msp.c_save
2025-08-09 19:22:58,781 [INFO] CodeEngine:279 - Generated code: C:\Users\nacho\OneDrive\Documentos\FIUBA\TPP\Software\CM0PLUS\Core\Src\stm32wlxx_hal_msp.c
2025-08-09 19:22:58,787 [INFO] CodeEngine:255 - oldGeneratedFile, C:\Users\nacho\OneDrive\Documentos\FIUBA\TPP\Software\CM0PLUS\MXTmpFiles\system.tmp_save
2025-08-09 19:22:58,858 [INFO] CodeEngine:279 - Generated code: C:\Users\nacho\OneDrive\Documentos\FIUBA\TPP\Software\CM0PLUS\MXTmpFiles\system.tmp
2025-08-09 19:22:58,869 [INFO] CodeEngine:311 - oldGeneratedFile, C:\Users\nacho\OneDrive\Documentos\FIUBA\TPP\Software\CM0PLUS\Core\Inc\stm32wlxx_hal_conf.h_save
2025-08-09 19:22:58,991 [INFO] CodeEngine:335 - Generated code: C:\Users\nacho\OneDrive\Documentos\FIUBA\TPP\Software\CM0PLUS\Core\Inc\stm32wlxx_hal_conf.h
2025-08-09 19:22:59,008 [WARN] IPConfigManager:3554 - IP not found : NVIC
2025-08-09 19:22:59,009 [WARN] CodeGenerator:4002 - IP not found : null
2025-08-09 19:22:59,014 [INFO] CodeEngine:255 - oldGeneratedFile, C:\Users\nacho\OneDrive\Documentos\FIUBA\TPP\Software\CM0PLUS\Core\Inc\main.h_save
2025-08-09 19:22:59,092 [INFO] CodeEngine:279 - Generated code: C:\Users\nacho\OneDrive\Documentos\FIUBA\TPP\Software\CM0PLUS\Core\Inc\main.h
2025-08-09 19:22:59,096 [INFO] CodeEngine:255 - oldGeneratedFile, C:\Users\nacho\OneDrive\Documentos\FIUBA\TPP\Software\CM0PLUS\Core\Src\main.c_save
2025-08-09 19:22:59,197 [INFO] CodeEngine:279 - Generated code: C:\Users\nacho\OneDrive\Documentos\FIUBA\TPP\Software\CM0PLUS\Core\Src\main.c
2025-08-09 19:22:59,677 [INFO] ProjectBuilder:3249 - Time for Copy HAL[1] : 232mS.
2025-08-09 19:22:59,699 [INFO] ProjectBuilder:4828 - Project Generator version: 4.5.0-B34
2025-08-09 19:22:59,802 [INFO] ConfigFileManager:1531 - The Die is : DIE497
2025-08-09 19:23:01,017 [INFO] LogOutputStream:77 - [STDOUT_REDIRECT] 
2025-08-09 19:23:06,418 [INFO] ProjectBuilder:5097 - Time for Generating toolchain IDE Files: 6718mS.
2025-08-09 19:23:06,419 [INFO] ProjectBuilder:3107 - Time for Copy CMSIS : 1mS.
2025-08-09 19:23:06,421 [INFO] ProjectBuilder:3107 - Time for Copy CMSIS : 0mS.
2025-08-09 19:23:07,324 [INFO] McuFinderGlobals:76 - Set McuFinderConnectedMode to true
2025-08-09 19:23:07,979 [INFO] ApiDb:448 - Save user favorites file C:\Users\nacho/.stm32cubeide/favorites.mcus.txt: 0 item(s)
2025-08-09 19:23:07,979 [INFO] ApiDb:452 - User favorites MCUs=[]
2025-08-09 19:23:08,357 [ERROR] LogOutputStream:75 - [STDERR_REDIRECT] Exception in thread "AWT-EventQueue-0" java.awt.IllegalComponentStateException: Native resources unavailable
2025-08-09 19:23:08,359 [ERROR] LogOutputStream:75 - [STDERR_REDIRECT] 	at java.desktop/sun.awt.windows.WWindowPeer.getScreenImOn(Native Method)
2025-08-09 19:23:08,361 [ERROR] LogOutputStream:75 - [STDERR_REDIRECT] 	at java.desktop/sun.awt.windows.WWindowPeer.updateGC(WWindowPeer.java:566)
2025-08-09 19:23:08,363 [ERROR] LogOutputStream:75 - [STDERR_REDIRECT] 	at java.desktop/java.awt.event.InvocationEvent.dispatch(InvocationEvent.java:318)
2025-08-09 19:23:08,365 [ERROR] LogOutputStream:75 - [STDERR_REDIRECT] 	at java.desktop/java.awt.EventQueue.dispatchEventImpl(EventQueue.java:773)
2025-08-09 19:23:08,366 [ERROR] LogOutputStream:75 - [STDERR_REDIRECT] 	at java.desktop/java.awt.EventQueue$4.run(EventQueue.java:720)
2025-08-09 19:23:08,368 [ERROR] LogOutputStream:75 - [STDERR_REDIRECT] 	at java.desktop/java.awt.EventQueue$4.run(EventQueue.java:714)
2025-08-09 19:23:08,370 [ERROR] LogOutputStream:75 - [STDERR_REDIRECT] 	at java.base/java.security.AccessController.doPrivileged(AccessController.java:399)
2025-08-09 19:23:08,373 [ERROR] LogOutputStream:75 - [STDERR_REDIRECT] 	at java.base/java.security.ProtectionDomain$JavaSecurityAccessImpl.doIntersectionPrivilege(ProtectionDomain.java:86)
2025-08-09 19:23:08,375 [ERROR] LogOutputStream:75 - [STDERR_REDIRECT] 	at java.base/java.security.ProtectionDomain$JavaSecurityAccessImpl.doIntersectionPrivilege(ProtectionDomain.java:97)
2025-08-09 19:23:08,377 [ERROR] LogOutputStream:75 - [STDERR_REDIRECT] 	at java.desktop/java.awt.EventQueue$5.run(EventQueue.java:747)
2025-08-09 19:23:08,378 [ERROR] LogOutputStream:75 - [STDERR_REDIRECT] 	at java.desktop/java.awt.EventQueue$5.run(EventQueue.java:745)
2025-08-09 19:23:08,380 [ERROR] LogOutputStream:75 - [STDERR_REDIRECT] 	at java.base/java.security.AccessController.doPrivileged(AccessController.java:399)
2025-08-09 19:23:08,382 [ERROR] LogOutputStream:75 - [STDERR_REDIRECT] 	at java.base/java.security.ProtectionDomain$JavaSecurityAccessImpl.doIntersectionPrivilege(ProtectionDomain.java:86)
2025-08-09 19:23:08,384 [ERROR] LogOutputStream:75 - [STDERR_REDIRECT] 	at java.desktop/java.awt.EventQueue.dispatchEvent(EventQueue.java:744)
2025-08-09 19:23:08,386 [ERROR] LogOutputStream:75 - [STDERR_REDIRECT] 	at java.desktop/java.awt.EventDispatchThread.pumpOneEventForFilters(EventDispatchThread.java:203)
2025-08-09 19:23:08,388 [ERROR] LogOutputStream:75 - [STDERR_REDIRECT] 	at java.desktop/java.awt.EventDispatchThread.pumpEventsForFilter(EventDispatchThread.java:124)
2025-08-09 19:23:08,391 [ERROR] LogOutputStream:75 - [STDERR_REDIRECT] 	at java.desktop/java.awt.EventDispatchThread.pumpEventsForHierarchy(EventDispatchThread.java:113)
2025-08-09 19:23:08,393 [ERROR] LogOutputStream:75 - [STDERR_REDIRECT] 	at java.desktop/java.awt.EventDispatchThread.pumpEvents(EventDispatchThread.java:109)
2025-08-09 19:23:08,395 [ERROR] LogOutputStream:75 - [STDERR_REDIRECT] 	at java.desktop/java.awt.EventDispatchThread.pumpEvents(EventDispatchThread.java:101)
2025-08-09 19:23:08,397 [ERROR] LogOutputStream:75 - [STDERR_REDIRECT] 	at java.desktop/java.awt.EventDispatchThread.run(EventDispatchThread.java:90)
2025-08-09 19:29:09,709 [ERROR] LogOutputStream:75 - [STDERR_REDIRECT] 
2025-08-09 19:46:43,960 [INFO] Activator:176 - 


2025-08-09 19:46:43,960 [INFO] Activator:177 - !SESSION log4j initialized
2025-08-09 19:46:47,433 [INFO] LogOutputStream:77 - [STDOUT_REDIRECT] 
2025-08-09 19:46:49,581 [INFO] ApplicationProperties:184 - Using Application install path: C:\ST\STM32CubeIDE_1.16.1\STM32CubeIDE\plugins\com.st.stm32cube.common.mx_6.12.1.202409122256
2025-08-09 19:46:49,608 [INFO] DbMcusXml:78 - Set database path to: C:\ST\STM32CubeIDE_1.16.1\STM32CubeIDE\plugins\com.st.stm32cube.common.mx_6.12.1.202409122256\\db\/mcu/
2025-08-09 19:46:49,609 [INFO] ApiDb:274 - Set plugin database path to: C:\ST\STM32CubeIDE_1.16.1\STM32CubeIDE\plugins\com.st.stm32cube.common.mx_6.12.1.202409122256\\db\/plugins/boardmanager/
2025-08-09 19:46:49,609 [WARN] ApiDb:259 - Overriding images path with different value:  => C:\ST\STM32CubeIDE_1.16.1\STM32CubeIDE\plugins\com.st.stm32cube.common.mx_6.12.1.202409122256\\db\/plugins/mcufinder/images/
2025-08-09 19:46:49,616 [INFO] ApiDb:250 - Set database path to: C:\Users\nacho\.stmcufinder\plugins\mcufinder//mcu/
2025-08-09 19:46:49,618 [INFO] DbMcusAds:125 - Set database path to: C:\Users\nacho\.stmcufinder\plugins\mcufinder//mcu/
2025-08-09 19:46:49,620 [INFO] CrossReferenceDbSqlite:203 - Set database path to: C:\Users\nacho\.stmcufinder\plugins\mcufinder//mcu/cs/
2025-08-09 19:46:49,742 [INFO] RulesReader:64 - Compatibility file has been processed (297 Rules)
2025-08-09 19:46:49,827 [INFO] DbMcusXml:78 - Set database path to: C:\ST\STM32CubeIDE_1.16.1\STM32CubeIDE\plugins\com.st.stm32cube.common.mx_6.12.1.202409122256\\db\/mcu/
2025-08-09 19:46:49,827 [INFO] ApiDb:274 - Set plugin database path to: C:\ST\STM32CubeIDE_1.16.1\STM32CubeIDE\plugins\com.st.stm32cube.common.mx_6.12.1.202409122256\\db\/plugins/boardmanager/
2025-08-09 19:46:49,827 [INFO] ApiDb:261 - Set plugin images path to: C:\ST\STM32CubeIDE_1.16.1\STM32CubeIDE\plugins\com.st.stm32cube.common.mx_6.12.1.202409122256\\db\/plugins/mcufinder/images/
2025-08-09 19:46:49,827 [WARN] DbFile:41 - Overriding database path with different value: C:\Users\nacho\.stmcufinder\plugins\mcufinder/ => C:\Users\nacho\.stmcufinder\plugins\mcufinder
2025-08-09 19:46:49,827 [INFO] ApiDb:250 - Set database path to: C:\Users\nacho\.stmcufinder\plugins\mcufinder//mcu/
2025-08-09 19:46:49,827 [WARN] DbFile:41 - Overriding database path with different value: C:\Users\nacho\.stmcufinder\plugins\mcufinder/ => C:\Users\nacho\.stmcufinder\plugins\mcufinder
2025-08-09 19:46:49,827 [INFO] DbMcusAds:125 - Set database path to: C:\Users\nacho\.stmcufinder\plugins\mcufinder//mcu/
2025-08-09 19:46:49,827 [WARN] DbFile:41 - Overriding database path with different value: C:\Users\nacho\.stmcufinder\plugins\mcufinder/ => C:\Users\nacho\.stmcufinder\plugins\mcufinder
2025-08-09 19:46:49,828 [WARN] DbFile:41 - Overriding database path with different value: C:\Users\nacho\.stmcufinder\plugins\mcufinder/ => C:\Users\nacho\.stmcufinder\plugins\mcufinder
2025-08-09 19:46:49,828 [INFO] CrossReferenceDbSqlite:203 - Set database path to: C:\Users\nacho\.stmcufinder\plugins\mcufinder//mcu/cs/
2025-08-09 19:46:49,936 [INFO] MainPanel:268 - HeapMemory: 268435456
2025-08-09 19:46:50,000 [INFO] DbMcusXml:78 - Set database path to: C:\ST\STM32CubeIDE_1.16.1\STM32CubeIDE\plugins\com.st.stm32cube.common.mx_6.12.1.202409122256\\db\/mcu/
2025-08-09 19:46:50,000 [INFO] ApiDb:274 - Set plugin database path to: C:\ST\STM32CubeIDE_1.16.1\STM32CubeIDE\plugins\com.st.stm32cube.common.mx_6.12.1.202409122256\\db\/plugins/boardmanager/
2025-08-09 19:46:50,000 [INFO] ApiDb:261 - Set plugin images path to: C:\ST\STM32CubeIDE_1.16.1\STM32CubeIDE\plugins\com.st.stm32cube.common.mx_6.12.1.202409122256\\db\/plugins/mcufinder/images/
2025-08-09 19:46:50,000 [WARN] DbFile:41 - Overriding database path with different value: C:\Users\nacho\.stmcufinder\plugins\mcufinder/ => C:\Users\nacho\.stmcufinder\plugins\mcufinder
2025-08-09 19:46:50,000 [INFO] ApiDb:250 - Set database path to: C:\Users\nacho\.stmcufinder\plugins\mcufinder//mcu/
2025-08-09 19:46:50,000 [WARN] DbFile:41 - Overriding database path with different value: C:\Users\nacho\.stmcufinder\plugins\mcufinder/ => C:\Users\nacho\.stmcufinder\plugins\mcufinder
2025-08-09 19:46:50,000 [INFO] DbMcusAds:125 - Set database path to: C:\Users\nacho\.stmcufinder\plugins\mcufinder//mcu/
2025-08-09 19:46:50,000 [WARN] DbFile:41 - Overriding database path with different value: C:\Users\nacho\.stmcufinder\plugins\mcufinder/ => C:\Users\nacho\.stmcufinder\plugins\mcufinder
2025-08-09 19:46:50,000 [WARN] DbFile:41 - Overriding database path with different value: C:\Users\nacho\.stmcufinder\plugins\mcufinder/ => C:\Users\nacho\.stmcufinder\plugins\mcufinder
2025-08-09 19:46:50,001 [INFO] CrossReferenceDbSqlite:203 - Set database path to: C:\Users\nacho\.stmcufinder\plugins\mcufinder//mcu/cs/
2025-08-09 19:46:50,014 [INFO] ApplicationProperties:184 - Using Application install path: C:\ST\STM32CubeIDE_1.16.1\STM32CubeIDE\plugins\com.st.stm32cube.common.mx_6.12.1.202409122256
2025-08-09 19:46:50,016 [INFO] PluginManage:196 - Search for loadable plugins [exclusion list=, ]
2025-08-09 19:46:50,017 [INFO] PluginManage:310 - Check plugin analytics
2025-08-09 19:46:50,180 [INFO] AnalyticsPlugin:253 - Accepted Software Licenses: STM32CubeMX.6.12.1
2025-08-09 19:46:50,180 [INFO] AnalyticsPlugin:255 - Accepted CMSIS Pack Licenses: 
2025-08-09 19:46:50,180 [INFO] AnalyticsPlugin:257 - Accepted Firmware Licenses: FW.WL.1.3.0
2025-08-09 19:46:50,183 [INFO] PluginManage:359 - Loaded plugin analytics (category:tool,tabindex:-1)
2025-08-09 19:46:50,184 [INFO] PluginManage:310 - Check plugin cadmodel
2025-08-09 19:46:50,190 [INFO] CADModel:105 - Init CAD model plugin
2025-08-09 19:46:50,190 [INFO] PluginManage:359 - Loaded plugin cadmodel (category:power,tabindex:5)
2025-08-09 19:46:50,190 [INFO] PluginManage:310 - Check plugin clock
2025-08-09 19:46:50,201 [INFO] PluginManage:359 - Loaded plugin clock (category:base,tabindex:2)
2025-08-09 19:46:50,201 [INFO] PluginManage:310 - Check plugin ddr
2025-08-09 19:46:50,203 [INFO] PluginManage:359 - Loaded plugin ddr (category:tool,tabindex:6)
2025-08-09 19:46:50,203 [INFO] PluginManage:310 - Check plugin filemanager
2025-08-09 19:46:50,349 [INFO] PluginManage:359 - Loaded plugin filemanager (category:base,tabindex:10)
2025-08-09 19:46:50,349 [INFO] PluginManage:310 - Check plugin ipmanager
2025-08-09 19:46:50,356 [INFO] PluginManage:359 - Loaded plugin ipmanager (category:base,tabindex:5)
2025-08-09 19:46:50,357 [INFO] PluginManage:310 - Check plugin lpbam
2025-08-09 19:46:50,364 [INFO] PluginManage:359 - Loaded plugin lpbam (category:base,tabindex:0)
2025-08-09 19:46:50,364 [INFO] PluginManage:310 - Check plugin memorymap
2025-08-09 19:46:50,376 [INFO] PluginManage:359 - Loaded plugin memorymap (category:base,tabindex:4)
2025-08-09 19:46:50,376 [INFO] PluginManage:310 - Check plugin pinoutandconfiguration
2025-08-09 19:46:50,383 [INFO] PluginManage:359 - Loaded plugin pinoutandconfiguration (category:base,tabindex:1)
2025-08-09 19:46:50,383 [INFO] PluginManage:310 - Check plugin pinoutconfig
2025-08-09 19:46:50,470 [WARN] SupportedApi:132 - Cannot load RTOS API schema: s4s-elt-must-match.1: The content of 'definitions' must match (annotation?, (simpleType | complexType)?, (unique | key | keyref)*)). A problem was found starting at: attribute.
2025-08-09 19:46:50,609 [INFO] PluginManage:359 - Loaded plugin pinoutconfig (category:base,tabindex:0)
2025-08-09 19:46:50,609 [INFO] PluginManage:310 - Check plugin power
2025-08-09 19:46:50,618 [INFO] PluginManage:359 - Loaded plugin power (category:power,tabindex:4)
2025-08-09 19:46:50,619 [INFO] PluginManage:310 - Check plugin projectmanager
2025-08-09 19:46:50,634 [INFO] PluginManage:359 - Loaded plugin projectmanager (category:projectmanager,tabindex:4)
2025-08-09 19:46:50,635 [INFO] PluginManage:310 - Check plugin rif
2025-08-09 19:46:50,640 [INFO] PluginManage:359 - Loaded plugin rif (category:base,tabindex:3)
2025-08-09 19:46:50,640 [INFO] PluginManage:310 - Check plugin thirdparty
2025-08-09 19:46:50,762 [INFO] PluginManage:359 - Loaded plugin thirdparty (category:base,tabindex:-1)
2025-08-09 19:46:50,763 [INFO] PluginManage:310 - Check plugin tools
2025-08-09 19:46:50,762 [WARN] IntegrityCheckThread:84 - waiting for thirdparty lock release [integrity check]
2025-08-09 19:46:50,763 [INFO] IntegrityCheckThread:86 - entering critical section [integrity check]
2025-08-09 19:46:50,763 [INFO] ThirdPartyUpdaterWithRetryManager:70 - Updater plugin not ready yet. [1/15]
2025-08-09 19:46:50,766 [INFO] PluginManage:359 - Loaded plugin tools (category:base,tabindex:7)
2025-08-09 19:46:50,766 [INFO] PluginManage:310 - Check plugin tutovideos
2025-08-09 19:46:50,910 [INFO] PluginManage:359 - Loaded plugin tutovideos (category:base,tabindex:-1)
2025-08-09 19:46:50,911 [INFO] PluginManage:310 - Check plugin updater
2025-08-09 19:46:50,930 [INFO] PluginManage:359 - Loaded plugin updater (category:base,tabindex:12)
2025-08-09 19:46:50,930 [INFO] PluginManage:310 - Check plugin userauth
2025-08-09 19:46:50,938 [INFO] UserAuth:113 - Init User Auth plugin
2025-08-09 19:46:50,938 [INFO] PluginManage:359 - Loaded plugin userauth (category:base,tabindex:14)
2025-08-09 19:46:50,939 [INFO] PluginManage:283 - PluginManage : Loaded plugins [18]
2025-08-09 19:46:51,135 [INFO] PinOutPanel:1561 - setPackage(No Configuration,No Configuration)
2025-08-09 19:46:51,213 [INFO] CADModel:165 - CPN selected for project level
2025-08-09 19:46:51,213 [INFO] CADModel:114 - Register for checkConnection events
2025-08-09 19:46:51,228 [INFO] IPUIPlugin:80 - create IPUIPlugin
2025-08-09 19:46:51,229 [INFO] PluginManager:220 - loadIPPluginJar : add adc
2025-08-09 19:46:51,231 [INFO] IPUIPlugin:80 - create IPUIPlugin
2025-08-09 19:46:51,231 [INFO] PluginManager:220 - loadIPPluginJar : add aes
2025-08-09 19:46:51,234 [INFO] IPUIPlugin:80 - create IPUIPlugin
2025-08-09 19:46:51,234 [INFO] PluginManager:220 - loadIPPluginJar : add can
2025-08-09 19:46:51,235 [INFO] IPUIPlugin:80 - create IPUIPlugin
2025-08-09 19:46:51,235 [INFO] PluginManager:220 - loadIPPluginJar : add comp
2025-08-09 19:46:51,237 [INFO] IPUIPlugin:80 - create IPUIPlugin
2025-08-09 19:46:51,237 [INFO] PluginManager:220 - loadIPPluginJar : add cryp
2025-08-09 19:46:51,239 [INFO] IPUIPlugin:80 - create IPUIPlugin
2025-08-09 19:46:51,240 [INFO] PluginManager:220 - loadIPPluginJar : add ddr_ctrl_phy
2025-08-09 19:46:51,241 [INFO] IPUIPlugin:80 - create IPUIPlugin
2025-08-09 19:46:51,242 [INFO] PluginManager:220 - loadIPPluginJar : add dfsdm
2025-08-09 19:46:51,247 [INFO] IPUIPlugin:80 - create IPUIPlugin
2025-08-09 19:46:51,247 [INFO] PluginManager:220 - loadIPPluginJar : add dma
2025-08-09 19:46:51,249 [INFO] IPUIPlugin:80 - create IPUIPlugin
2025-08-09 19:46:51,250 [INFO] PluginManager:220 - loadIPPluginJar : add dma3
2025-08-09 19:46:51,252 [INFO] IPUIPlugin:80 - create IPUIPlugin
2025-08-09 19:46:51,252 [INFO] PluginManager:220 - loadIPPluginJar : add extmemmanager
2025-08-09 19:46:51,253 [INFO] IPUIPlugin:80 - create IPUIPlugin
2025-08-09 19:46:51,253 [INFO] PluginManager:220 - loadIPPluginJar : add fatfs
2025-08-09 19:46:51,256 [INFO] IPUIPlugin:80 - create IPUIPlugin
2025-08-09 19:46:51,257 [INFO] PluginManager:220 - loadIPPluginJar : add fmc
2025-08-09 19:46:51,260 [INFO] IPUIPlugin:80 - create IPUIPlugin
2025-08-09 19:46:51,260 [INFO] PluginManager:220 - loadIPPluginJar : add freertos
2025-08-09 19:46:51,261 [INFO] IPUIPlugin:80 - create IPUIPlugin
2025-08-09 19:46:51,261 [INFO] PluginManager:220 - loadIPPluginJar : add genericplugin
2025-08-09 19:46:51,263 [INFO] IPUIPlugin:80 - create IPUIPlugin
2025-08-09 19:46:51,263 [INFO] PluginManager:220 - loadIPPluginJar : add gfxmmu
2025-08-09 19:46:51,267 [INFO] IPUIPlugin:80 - create IPUIPlugin
2025-08-09 19:46:51,267 [INFO] PluginManager:220 - loadIPPluginJar : add gic
2025-08-09 19:46:51,269 [INFO] IPUIPlugin:80 - create IPUIPlugin
2025-08-09 19:46:51,270 [INFO] PluginManager:220 - loadIPPluginJar : add gpio
2025-08-09 19:46:51,271 [INFO] IPUIPlugin:80 - create IPUIPlugin
2025-08-09 19:46:51,272 [INFO] PluginManager:220 - loadIPPluginJar : add gtzc
2025-08-09 19:46:51,273 [INFO] IPUIPlugin:80 - create IPUIPlugin
2025-08-09 19:46:51,273 [INFO] PluginManager:220 - loadIPPluginJar : add hash
2025-08-09 19:46:51,275 [INFO] IPUIPlugin:80 - create IPUIPlugin
2025-08-09 19:46:51,275 [INFO] PluginManager:220 - loadIPPluginJar : add i2c
2025-08-09 19:46:51,277 [INFO] IPUIPlugin:80 - create IPUIPlugin
2025-08-09 19:46:51,277 [INFO] PluginManager:220 - loadIPPluginJar : add i2s
2025-08-09 19:46:51,279 [INFO] IPUIPlugin:80 - create IPUIPlugin
2025-08-09 19:46:51,279 [INFO] PluginManager:220 - loadIPPluginJar : add i3c
2025-08-09 19:46:51,281 [INFO] IPUIPlugin:80 - create IPUIPlugin
2025-08-09 19:46:51,281 [INFO] PluginManager:220 - loadIPPluginJar : add ipddr
2025-08-09 19:46:51,287 [INFO] IPUIPlugin:80 - create IPUIPlugin
2025-08-09 19:46:51,287 [INFO] PluginManager:220 - loadIPPluginJar : add linkedlist
2025-08-09 19:46:51,289 [INFO] IPUIPlugin:80 - create IPUIPlugin
2025-08-09 19:46:51,289 [INFO] PluginManager:220 - loadIPPluginJar : add lorawan
2025-08-09 19:46:51,290 [INFO] IPUIPlugin:80 - create IPUIPlugin
2025-08-09 19:46:51,290 [INFO] PluginManager:220 - loadIPPluginJar : add ltdc
2025-08-09 19:46:51,295 [INFO] IPUIPlugin:80 - create IPUIPlugin
2025-08-09 19:46:51,295 [INFO] PluginManager:220 - loadIPPluginJar : add mdma
2025-08-09 19:46:51,298 [INFO] IPUIPlugin:80 - create IPUIPlugin
2025-08-09 19:46:51,298 [INFO] PluginManager:220 - loadIPPluginJar : add nvic
2025-08-09 19:46:51,301 [INFO] IPUIPlugin:80 - create IPUIPlugin
2025-08-09 19:46:51,302 [INFO] PluginManager:220 - loadIPPluginJar : add opamp
2025-08-09 19:46:51,305 [INFO] IPUIPlugin:80 - create IPUIPlugin
2025-08-09 19:46:51,305 [INFO] PluginManager:220 - loadIPPluginJar : add openamp
2025-08-09 19:46:51,308 [INFO] IPUIPlugin:80 - create IPUIPlugin
2025-08-09 19:46:51,308 [INFO] PluginManager:220 - loadIPPluginJar : add pdm2pcm
2025-08-09 19:46:51,313 [INFO] IPUIPlugin:80 - create IPUIPlugin
2025-08-09 19:46:51,315 [INFO] PluginManager:220 - loadIPPluginJar : add plateformsettings
2025-08-09 19:46:51,317 [INFO] IPUIPlugin:80 - create IPUIPlugin
2025-08-09 19:46:51,317 [INFO] PluginManager:220 - loadIPPluginJar : add quadspi
2025-08-09 19:46:51,318 [INFO] IPUIPlugin:80 - create IPUIPlugin
2025-08-09 19:46:51,319 [INFO] PluginManager:220 - loadIPPluginJar : add radio
2025-08-09 19:46:51,321 [INFO] IPUIPlugin:80 - create IPUIPlugin
2025-08-09 19:46:51,321 [INFO] PluginManager:220 - loadIPPluginJar : add resmgrutility
2025-08-09 19:46:51,324 [INFO] IPUIPlugin:80 - create IPUIPlugin
2025-08-09 19:46:51,324 [INFO] PluginManager:220 - loadIPPluginJar : add sai
2025-08-09 19:46:51,325 [INFO] IPUIPlugin:80 - create IPUIPlugin
2025-08-09 19:46:51,326 [INFO] PluginManager:220 - loadIPPluginJar : add spi
2025-08-09 19:46:51,330 [INFO] IPUIPlugin:80 - create IPUIPlugin
2025-08-09 19:46:51,330 [INFO] PluginManager:220 - loadIPPluginJar : add stm32_wpan
2025-08-09 19:46:51,331 [INFO] IPUIPlugin:80 - create IPUIPlugin
2025-08-09 19:46:51,331 [INFO] PluginManager:220 - loadIPPluginJar : add tim
2025-08-09 19:46:51,334 [INFO] IPUIPlugin:80 - create IPUIPlugin
2025-08-09 19:46:51,334 [INFO] PluginManager:220 - loadIPPluginJar : add touchsensing
2025-08-09 19:46:51,336 [INFO] IPUIPlugin:80 - create IPUIPlugin
2025-08-09 19:46:51,337 [INFO] PluginManager:220 - loadIPPluginJar : add tracer_emb
2025-08-09 19:46:51,338 [INFO] IPUIPlugin:80 - create IPUIPlugin
2025-08-09 19:46:51,339 [INFO] PluginManager:220 - loadIPPluginJar : add ts
2025-08-09 19:46:51,340 [INFO] IPUIPlugin:80 - create IPUIPlugin
2025-08-09 19:46:51,341 [INFO] PluginManager:220 - loadIPPluginJar : add tsc
2025-08-09 19:46:51,343 [INFO] IPUIPlugin:80 - create IPUIPlugin
2025-08-09 19:46:51,343 [INFO] PluginManager:220 - loadIPPluginJar : add ucpd
2025-08-09 19:46:51,346 [INFO] IPUIPlugin:80 - create IPUIPlugin
2025-08-09 19:46:51,346 [INFO] PluginManager:220 - loadIPPluginJar : add usart
2025-08-09 19:46:51,348 [INFO] IPUIPlugin:80 - create IPUIPlugin
2025-08-09 19:46:51,349 [INFO] PluginManager:220 - loadIPPluginJar : add usbx
2025-08-09 19:46:51,471 [INFO] CADModel:165 - CPN selected for project level
2025-08-09 19:46:51,471 [INFO] CADModel:114 - Register for checkConnection events
2025-08-09 19:46:51,471 [FATAL] Updater:334 - Updater called before beeing initialized
2025-08-09 19:46:51,471 [ERROR] CADModel:125 - Updater not yet initialized, retry later 
2025-08-09 19:46:51,580 [INFO] CADModel:165 - CPN selected for project level
2025-08-09 19:46:51,580 [INFO] CADModel:114 - Register for checkConnection events
2025-08-09 19:46:51,580 [FATAL] Updater:334 - Updater called before beeing initialized
2025-08-09 19:46:51,580 [ERROR] CADModel:125 - Updater not yet initialized, retry later 
2025-08-09 19:46:51,584 [FATAL] Updater:334 - Updater called before beeing initialized
2025-08-09 19:46:51,683 [FATAL] Updater:334 - Updater called before beeing initialized
2025-08-09 19:46:51,687 [INFO] DbMcusAds:53 - JSON generation date=Tue Jul 08 05:14:23 ART 2025 (1751962463582)
2025-08-09 19:46:51,687 [FATAL] Updater:334 - Updater called before beeing initialized
2025-08-09 19:46:51,715 [WARN] DetailPanel:346 - Failed to get advertising image, set to default
2025-08-09 19:46:51,786 [FATAL] Updater:334 - Updater called before beeing initialized
2025-08-09 19:46:51,787 [FATAL] Updater:334 - Updater called before beeing initialized
2025-08-09 19:46:51,788 [FATAL] Updater:334 - Updater called before beeing initialized
2025-08-09 19:46:51,788 [WARN] DetailPanel:346 - Failed to get advertising image, set to default
2025-08-09 19:46:51,788 [FATAL] Updater:334 - Updater called before beeing initialized
2025-08-09 19:46:51,826 [ERROR] Updater:1164 - MainUpdater not yet initialized. External WinMGr cannot be set.
2025-08-09 19:46:51,828 [INFO] Updater:1100 - Updater Version found : 6.12.1
2025-08-09 19:46:51,845 [INFO] ApplicationProperties:184 - Using Application install path: C:\ST\STM32CubeIDE_1.16.1\STM32CubeIDE\plugins\com.st.stm32cube.common.mx_6.12.1.202409122256
2025-08-09 19:46:52,064 [INFO] MainUpdater:2873 - connection check result : 10
2025-08-09 19:46:52,064 [INFO] MainUpdater:290 - Updater Check For Update Now.
2025-08-09 19:46:52,065 [INFO] MicroXplorer:498 - Change Database Version : DB.6.0.121
2025-08-09 19:46:52,071 [INFO] McuFinderGlobals:63 - Set McuFinder mode to 2 (CubeIDE integrated)
2025-08-09 19:46:52,072 [INFO] UserAuth:417 - Internet connection configuration mode: 1
2025-08-09 19:46:52,099 [INFO] JxBrowserEngine:152 - Initiate JxBrowser Engine with user profile folder
2025-08-09 19:46:52,270 [INFO] CheckServerUpdateThread:120 - End of CheckServer Thread
2025-08-09 19:46:52,789 [INFO] WebApp:167 - Instantiating new browser for Auth
2025-08-09 19:46:54,060 [WARN] PackLoader:240 - Cannot read IP mode file for STMicroelectronics.FP-SNS-MOTENVWB1.1.4.0
2025-08-09 19:46:54,074 [WARN] PackLoader:240 - Cannot read IP mode file for STMicroelectronics.FP-ATR-ASTRA1.2.0.2
2025-08-09 19:46:54,081 [WARN] PackLoader:240 - Cannot read IP mode file for STMicroelectronics.FP-ATR-ASTRA1.2.0.1
2025-08-09 19:46:54,095 [WARN] PackLoader:240 - Cannot read IP mode file for STMicroelectronics.X-CUBE-SMBUS.2.1.0
2025-08-09 19:46:54,111 [WARN] PackLoader:240 - Cannot read IP mode file for STMicroelectronics.X-CUBE-WB05N.1.1.0
2025-08-09 19:46:54,120 [ERROR] Engine:466 - C:\Users\nacho\.stm32cubemx\thirdparties\pdsc\STMicroelectronics.X-CUBE-ST60.1.0.0.pdsc: PDSC version is not supported
2025-08-09 19:46:54,175 [WARN] PackLoader:240 - Cannot read IP mode file for STMicroelectronics.X-CUBE-AZRTOS-F7.1.1.0
2025-08-09 19:46:54,207 [INFO] WebApp:448 - Apply proxy settings
2025-08-09 19:46:54,208 [INFO] WebApp:533 - Chromium requires no authentication
2025-08-09 19:46:54,246 [INFO] WebApp:476 - Direct internet connection detected
2025-08-09 19:46:54,313 [WARN] PackLoader:240 - Cannot read IP mode file for STMicroelectronics.X-CUBE-MEMS1.11.0.0
2025-08-09 19:46:54,314 [INFO] WebApp:869 - Register for checkConnection events
2025-08-09 19:46:54,315 [INFO] WebApp:448 - Apply proxy settings
2025-08-09 19:46:54,315 [INFO] WebApp:533 - Chromium requires no authentication
2025-08-09 19:46:54,316 [INFO] WebApp:476 - Direct internet connection detected
2025-08-09 19:46:54,450 [WARN] PackLoader:240 - Cannot read IP mode file for STMicroelectronics.FP-SNS-FLIGHT1.5.0.2
2025-08-09 19:46:54,467 [WARN] PackLoader:240 - Cannot read IP mode file for STMicroelectronics.X-CUBE-AZRTOS-H7.3.4.0
2025-08-09 19:46:54,476 [WARN] PackLoader:240 - Cannot read IP mode file for STMicroelectronics.X-CUBE-DISPLAY.3.0.0
2025-08-09 19:46:54,485 [WARN] PackLoader:240 - Cannot read IP mode file for STMicroelectronics.X-CUBE-BLE1.7.0.0
2025-08-09 19:46:54,492 [WARN] PackLoader:240 - Cannot read IP mode file for STMicroelectronics.X-CUBE-NFC10.1.0.0
2025-08-09 19:46:54,502 [WARN] PackLoader:240 - Cannot read IP mode file for STMicroelectronics.X-CUBE-BLEMGR.4.0.0
2025-08-09 19:46:54,509 [WARN] PackLoader:240 - Cannot read IP mode file for emotas.I-CUBE-CANOPEN.1.3.0
2025-08-09 19:46:54,518 [WARN] PackLoader:240 - Cannot read IP mode file for STMicroelectronics.X-CUBE-BLEMGR.3.1.0
2025-08-09 19:46:54,526 [WARN] PackLoader:240 - Cannot read IP mode file for STMicroelectronics.X-CUBE-AI.10.0.0
2025-08-09 19:46:54,532 [ERROR] Engine:466 - C:\Users\nacho\.stm32cubemx\thirdparties\pdsc\STMicroelectronics.FP-SNS-STBOX1.2.1.0.pdsc: PDSC version is not supported
2025-08-09 19:46:54,538 [WARN] PackLoader:240 - Cannot read IP mode file for STMicroelectronics.FP-SNS-SMARTAG2.1.2.0
2025-08-09 19:46:54,542 [ERROR] Engine:466 - C:\Users\nacho\.stm32cubemx\thirdparties\pdsc\STMicroelectronics.FP-SNS-FLIGHT1.5.1.0.pdsc: PDSC version is not supported
2025-08-09 19:46:54,561 [INFO] WebApp:186 - Connection restablished
2025-08-09 19:46:54,615 [WARN] PackLoader:240 - Cannot read IP mode file for STMicroelectronics.X-CUBE-MEMS1.11.1.0
2025-08-09 19:46:54,711 [INFO] WebApp:220 - Starting web application
2025-08-09 19:46:54,711 [INFO] WebApp:578 - Web application path used C:\ST\STM32CubeIDE_1.16.1\STM32CubeIDE\plugins\com.st.stm32cube.common.mx_6.12.1.202409122256\db\plugins\mcufinder\reactClient1\index.html
2025-08-09 19:46:54,787 [INFO] LogOutputStream:77 - [STDOUT_REDIRECT] 1 : Invalid condition id : UX_CORESTACK_Condition cause : null
2025-08-09 19:46:54,788 [INFO] LogOutputStream:77 - [STDOUT_REDIRECT] 1 : Invalid condition id : UX_CORESTACK_Condition cause : null
2025-08-09 19:46:54,789 [INFO] LogOutputStream:77 - [STDOUT_REDIRECT] 1 : Invalid condition id : UX_CORESTACK_Condition cause : null
2025-08-09 19:46:54,791 [INFO] LogOutputStream:77 - [STDOUT_REDIRECT] 1 : Invalid condition id : UX_CORESTACK_Condition cause : null
2025-08-09 19:46:54,792 [INFO] LogOutputStream:77 - [STDOUT_REDIRECT] 1 : Invalid condition id : UX_CORESTACK_Condition cause : null
2025-08-09 19:46:54,796 [WARN] PackLoader:240 - Cannot read IP mode file for STMicroelectronics.X-CUBE-AZRTOS-WL.2.0.0
2025-08-09 19:46:54,804 [WARN] PackLoader:240 - Cannot read IP mode file for STMicroelectronics.FP-SNS-MOTENV1.5.0.0
2025-08-09 19:46:54,812 [WARN] PackLoader:240 - Cannot read IP mode file for wolfSSL.I-CUBE-wolfMQTT.1.19.0
2025-08-09 19:46:54,823 [WARN] PackLoader:240 - Cannot read IP mode file for WES.I-CUBE-Cesium.1.3.0
2025-08-09 19:46:54,834 [WARN] PackLoader:240 - Cannot read IP mode file for STMicroelectronics.X-CUBE-BLE2.3.3.0
2025-08-09 19:46:54,843 [WARN] PackLoader:240 - Cannot read IP mode file for STMicroelectronics.X-CUBE-NFC9.1.0.0
2025-08-09 19:46:54,851 [WARN] PackLoader:240 - Cannot read IP mode file for STMicroelectronics.X-CUBE-BLE1.7.1.0
2025-08-09 19:46:54,858 [WARN] PackLoader:240 - Cannot read IP mode file for STMicroelectronics.X-CUBE-TCPP.4.1.0
2025-08-09 19:46:54,865 [INFO] UserAuth:417 - Internet connection configuration mode: 1
2025-08-09 19:46:54,868 [WARN] PackLoader:240 - Cannot read IP mode file for STMicroelectronics.X-CUBE-EEPRMA1.5.2.0
2025-08-09 19:46:54,874 [WARN] PackLoader:240 - Cannot read IP mode file for STMicroelectronics.X-CUBE-AI.10.1.0
2025-08-09 19:46:54,942 [WARN] PackLoader:240 - Cannot read IP mode file for STMicroelectronics.X-CUBE-MEMS1.11.2.0
2025-08-09 19:46:55,102 [WARN] PackLoader:240 - Cannot read IP mode file for STMicroelectronics.X-CUBE-AZRTOS-G0.1.1.0
2025-08-09 19:46:55,112 [WARN] PackLoader:240 - Cannot read IP mode file for STMicroelectronics.X-CUBE-SAFEA1.1.2.2
2025-08-09 19:46:55,120 [WARN] PackLoader:240 - Cannot read IP mode file for STMicroelectronics.X-CUBE-NFC4.3.0.0
2025-08-09 19:46:55,135 [WARN] PackLoader:240 - Cannot read IP mode file for EmbeddedOffice.I-CUBE-FS-RTOS.1.0.1
2025-08-09 19:46:55,136 [ERROR] ConditionMgr:805 - Attr not supported : Dmpu
2025-08-09 19:46:55,136 [ERROR] ConditionMgr:805 - Attr not supported : Dmpu
2025-08-09 19:46:55,136 [ERROR] ConditionMgr:805 - Attr not supported : Dmpu
2025-08-09 19:46:55,137 [ERROR] ConditionMgr:805 - Attr not supported : Dmpu
2025-08-09 19:46:55,137 [ERROR] ConditionMgr:805 - Attr not supported : Dmpu
2025-08-09 19:46:55,137 [ERROR] ConditionMgr:805 - Attr not supported : Dmpu
2025-08-09 19:46:55,137 [ERROR] ConditionMgr:805 - Attr not supported : Dmpu
2025-08-09 19:46:55,137 [ERROR] ConditionMgr:805 - Attr not supported : Dmpu
2025-08-09 19:46:55,137 [ERROR] ConditionMgr:805 - Attr not supported : Dmpu
2025-08-09 19:46:55,137 [ERROR] ConditionMgr:805 - Attr not supported : Dmpu
2025-08-09 19:46:55,137 [ERROR] ConditionMgr:805 - Attr not supported : Dmpu
2025-08-09 19:46:55,137 [ERROR] ConditionMgr:805 - Attr not supported : Dmpu
2025-08-09 19:46:55,137 [ERROR] ConditionMgr:805 - Attr not supported : Dmpu
2025-08-09 19:46:55,138 [ERROR] ConditionMgr:805 - Attr not supported : Dmpu
2025-08-09 19:46:55,138 [ERROR] ConditionMgr:805 - Attr not supported : Dmpu
2025-08-09 19:46:55,138 [ERROR] ConditionMgr:805 - Attr not supported : Dmpu
2025-08-09 19:46:55,138 [ERROR] ConditionMgr:805 - Attr not supported : Dmpu
2025-08-09 19:46:55,138 [ERROR] ConditionMgr:805 - Attr not supported : Dmpu
2025-08-09 19:46:55,138 [ERROR] ConditionMgr:805 - Attr not supported : Dmpu
2025-08-09 19:46:55,138 [ERROR] ConditionMgr:805 - Attr not supported : Dmpu
2025-08-09 19:46:55,138 [ERROR] ConditionMgr:805 - Attr not supported : Dmpu
2025-08-09 19:46:55,138 [ERROR] ConditionMgr:805 - Attr not supported : Dmpu
2025-08-09 19:46:55,138 [ERROR] ConditionMgr:805 - Attr not supported : Dmpu
2025-08-09 19:46:55,138 [ERROR] ConditionMgr:805 - Attr not supported : Dmpu
2025-08-09 19:46:55,138 [ERROR] ConditionMgr:805 - Attr not supported : Dmpu
2025-08-09 19:46:55,138 [ERROR] ConditionMgr:805 - Attr not supported : Dmpu
2025-08-09 19:46:55,138 [ERROR] ConditionMgr:805 - Attr not supported : Dmpu
2025-08-09 19:46:55,138 [ERROR] ConditionMgr:805 - Attr not supported : Dmpu
2025-08-09 19:46:55,138 [ERROR] ConditionMgr:805 - Attr not supported : Dmpu
2025-08-09 19:46:55,138 [ERROR] ConditionMgr:805 - Attr not supported : Dmpu
2025-08-09 19:46:55,139 [ERROR] ConditionMgr:805 - Attr not supported : Dmpu
2025-08-09 19:46:55,139 [ERROR] ConditionMgr:805 - Attr not supported : Dmpu
2025-08-09 19:46:55,139 [ERROR] ConditionMgr:805 - Attr not supported : Dmpu
2025-08-09 19:46:55,139 [ERROR] ConditionMgr:805 - Attr not supported : Dmpu
2025-08-09 19:46:55,139 [ERROR] ConditionMgr:805 - Attr not supported : Dmpu
2025-08-09 19:46:55,139 [ERROR] ConditionMgr:805 - Attr not supported : Dmpu
2025-08-09 19:46:55,139 [ERROR] ConditionMgr:805 - Attr not supported : Dmpu
2025-08-09 19:46:55,139 [ERROR] ConditionMgr:805 - Attr not supported : Dmpu
2025-08-09 19:46:55,139 [ERROR] ConditionMgr:805 - Attr not supported : Dmpu
2025-08-09 19:46:55,139 [ERROR] ConditionMgr:805 - Attr not supported : Dmpu
2025-08-09 19:46:55,139 [ERROR] ConditionMgr:805 - Attr not supported : Dmpu
2025-08-09 19:46:55,139 [ERROR] ConditionMgr:805 - Attr not supported : Dmpu
2025-08-09 19:46:55,139 [ERROR] ConditionMgr:805 - Attr not supported : Dmpu
2025-08-09 19:46:55,139 [ERROR] ConditionMgr:805 - Attr not supported : Dmpu
2025-08-09 19:46:55,140 [ERROR] ConditionMgr:805 - Attr not supported : Dmpu
2025-08-09 19:46:55,140 [ERROR] ConditionMgr:805 - Attr not supported : Dmpu
2025-08-09 19:46:55,140 [ERROR] ConditionMgr:805 - Attr not supported : Dmpu
2025-08-09 19:46:55,140 [ERROR] ConditionMgr:805 - Attr not supported : Dmpu
2025-08-09 19:46:55,140 [ERROR] ConditionMgr:805 - Attr not supported : Dmpu
2025-08-09 19:46:55,140 [ERROR] ConditionMgr:805 - Attr not supported : Dmpu
2025-08-09 19:46:55,140 [ERROR] ConditionMgr:805 - Attr not supported : Dmpu
2025-08-09 19:46:55,140 [ERROR] ConditionMgr:805 - Attr not supported : Dmpu
2025-08-09 19:46:55,140 [ERROR] ConditionMgr:805 - Attr not supported : Dmpu
2025-08-09 19:46:55,140 [ERROR] ConditionMgr:805 - Attr not supported : Dmpu
2025-08-09 19:46:55,140 [ERROR] ConditionMgr:805 - Attr not supported : Dmpu
2025-08-09 19:46:55,140 [ERROR] ConditionMgr:805 - Attr not supported : Dmpu
2025-08-09 19:46:55,141 [ERROR] ConditionMgr:805 - Attr not supported : Dmpu
2025-08-09 19:46:55,141 [ERROR] ConditionMgr:805 - Attr not supported : Dmpu
2025-08-09 19:46:55,141 [ERROR] ConditionMgr:805 - Attr not supported : Dmpu
2025-08-09 19:46:55,141 [ERROR] ConditionMgr:805 - Attr not supported : Dmpu
2025-08-09 19:46:55,141 [ERROR] ConditionMgr:805 - Attr not supported : Dmpu
2025-08-09 19:46:55,141 [ERROR] ConditionMgr:805 - Attr not supported : Dmpu
2025-08-09 19:46:55,141 [ERROR] ConditionMgr:805 - Attr not supported : Dmpu
2025-08-09 19:46:55,141 [ERROR] ConditionMgr:805 - Attr not supported : Dmpu
2025-08-09 19:46:55,148 [WARN] PackLoader:240 - Cannot read IP mode file for STMicroelectronics.X-CUBE-WB05N.2.0.0
2025-08-09 19:46:55,153 [ERROR] Engine:466 - C:\Users\nacho\.stm32cubemx\thirdparties\pdsc\STMicroelectronics.X-CUBE-TCPP.4.2.0.pdsc: PDSC version is not supported
2025-08-09 19:46:55,161 [WARN] PackLoader:240 - Cannot read IP mode file for RealThread.X-CUBE-RT-Thread_Nano.4.1.1
2025-08-09 19:46:55,167 [WARN] PackLoader:240 - Cannot read IP mode file for STMicroelectronics.FP-ATR-SIGFOX1.3.2.0
2025-08-09 19:46:55,174 [WARN] ConditionMgr:438 - getConditionDescription Invalid condition id : Cortex-A Device cause : null
2025-08-09 19:46:55,195 [WARN] ConditionMgr:1039 - genDependencies : Invalid condition id : Cortex-A Device cause : null
2025-08-09 19:46:55,195 [WARN] ConditionMgr:1039 - genDependencies : Invalid condition id : Cortex-A Device cause : null
2025-08-09 19:46:55,195 [WARN] ConditionMgr:1039 - genDependencies : Invalid condition id : Cortex-A Device cause : null
2025-08-09 19:46:55,202 [WARN] PackLoader:240 - Cannot read IP mode file for STMicroelectronics.X-CUBE-EEPRMA1.5.1.0
2025-08-09 19:46:55,211 [WARN] PackLoader:240 - Cannot read IP mode file for wolfSSL.I-CUBE-wolfSSL.5.7.4
2025-08-09 19:46:55,219 [WARN] PackLoader:240 - Cannot read IP mode file for ITTIA_DB.I-CUBE-ITTIADB.8.9.0
2025-08-09 19:46:55,223 [ERROR] Engine:466 - C:\Users\nacho\.stm32cubemx\thirdparties\pdsc\STMicroelectronics.X-CUBE-ST67W61.1.0.0.pdsc: PDSC version is not supported
2025-08-09 19:46:55,228 [WARN] PackLoader:240 - Cannot read IP mode file for STMicroelectronics.X-CUBE-AI.10.2.0
2025-08-09 19:46:55,266 [WARN] PackLoader:240 - Cannot read IP mode file for SEGGER.I-CUBE-embOS.1.3.1
2025-08-09 19:46:55,319 [WARN] PackLoader:240 - Cannot read IP mode file for STMicroelectronics.X-CUBE-ALGOBUILD.1.4.0
2025-08-09 19:46:55,376 [WARN] PackLoader:240 - Cannot read IP mode file for STMicroelectronics.X-CUBE-MEMS1.11.3.0
2025-08-09 19:46:55,535 [WARN] PackLoader:240 - Cannot read IP mode file for STMicroelectronics.X-CUBE-AI.9.1.0
2025-08-09 19:46:55,540 [WARN] PackLoader:240 - Cannot read IP mode file for STMicroelectronics.X-CUBE-PM33A1.1.0.0
2025-08-09 19:46:55,557 [WARN] PackLoader:240 - Cannot read IP mode file for STMicroelectronics.X-CUBE-AZRTOS-F4.1.1.0
2025-08-09 19:46:55,563 [ERROR] Engine:466 - C:\Users\nacho\.stm32cubemx\thirdparties\pdsc\Avnet-IotConnect.X-CUBE-IoTC-DA16k-PMOD.1.0.0.pdsc: PDSC version is not supported
2025-08-09 19:46:55,568 [WARN] PackLoader:240 - Cannot read IP mode file for STMicroelectronics.X-CUBE-ISPU.2.1.0
2025-08-09 19:46:55,576 [WARN] PackLoader:240 - Cannot read IP mode file for STMicroelectronics.X-CUBE-FREERTOS.1.2.0
2025-08-09 19:46:55,583 [WARN] PackLoader:240 - Cannot read IP mode file for STMicroelectronics.X-CUBE-NFC12.1.0.0
2025-08-09 19:46:55,600 [WARN] PackLoader:240 - Cannot read IP mode file for STMicroelectronics.X-CUBE-AZRTOS-L5.2.0.0
2025-08-09 19:46:55,608 [WARN] PackLoader:240 - Cannot read IP mode file for STMicroelectronics.X-CUBE-NFC6.3.1.0
2025-08-09 19:46:55,615 [WARN] PackLoader:240 - Cannot read IP mode file for STMicroelectronics.X-CUBE-DPower.1.2.0
2025-08-09 19:46:55,620 [WARN] PackLoader:240 - Cannot read IP mode file for STMicroelectronics.X-CUBE-FREERTOS.1.3.1
2025-08-09 19:46:55,625 [WARN] PackLoader:240 - Cannot read IP mode file for STMicroelectronics.X-CUBE-FREERTOS.1.3.0
2025-08-09 19:46:55,631 [WARN] PackLoader:240 - Cannot read IP mode file for STMicroelectronics.X-CUBE-NFC7.1.0.1
2025-08-09 19:46:55,635 [ERROR] Engine:466 - C:\Users\nacho\.stm32cubemx\thirdparties\pdsc\STMicroelectronics.FP-SNS-STAIOTCFT.1.0.0.pdsc: PDSC version is not supported
2025-08-09 19:46:55,639 [WARN] PackLoader:240 - Cannot read IP mode file for STMicroelectronics.X-CUBE-DPower.1.3.0
2025-08-09 19:46:55,657 [WARN] ConditionMgr:438 - getConditionDescription Invalid condition id : LAN8742 Phy interface Condition cause : null
2025-08-09 19:46:55,658 [WARN] PackLoader:240 - Cannot read IP mode file for STMicroelectronics.X-CUBE-AZRTOS-L4.2.0.0
2025-08-09 19:46:55,660 [WARN] ConditionMgr:1039 - genDependencies : Invalid condition id : LAN8742 Phy interface Condition cause : null
2025-08-09 19:46:55,661 [WARN] ConditionMgr:1039 - genDependencies : Invalid condition id : LAN8742 Phy interface Condition cause : null
2025-08-09 19:46:55,661 [WARN] ConditionMgr:1039 - genDependencies : Invalid condition id : LAN8742 Phy interface Condition cause : null
2025-08-09 19:46:55,669 [WARN] PackLoader:240 - Cannot read IP mode file for STMicroelectronics.X-CUBE-SFXS2LP1.4.0.0
2025-08-09 19:46:55,685 [WARN] PackLoader:240 - Cannot read IP mode file for STMicroelectronics.X-CUBE-AZRTOS-H7.3.3.0
2025-08-09 19:46:55,692 [ERROR] Engine:466 - C:\Users\nacho\.stm32cubemx\thirdparties\pdsc\STMicroelectronics.X-CUBE-BLEMGR.4.1.0.pdsc: PDSC version is not supported
2025-08-09 19:46:55,702 [WARN] PackLoader:240 - Cannot read IP mode file for STMicroelectronics.X-CUBE-IPS.3.0.0
2025-08-09 19:46:55,714 [WARN] ConditionMgr:438 - getConditionDescription Invalid condition id : UX DEVICE CLASS RTOS Condition cause : null
2025-08-09 19:46:55,715 [WARN] ConditionMgr:438 - getConditionDescription Invalid condition id : UX DEVICE CLASS RTOS Condition cause : null
2025-08-09 19:46:55,716 [WARN] PackLoader:240 - Cannot read IP mode file for STMicroelectronics.X-CUBE-AZRTOS-WB.2.0.0
2025-08-09 19:46:55,717 [WARN] ConditionMgr:1039 - genDependencies : Invalid condition id : UX DEVICE CLASS RTOS Condition cause : null
2025-08-09 19:46:55,717 [WARN] ConditionMgr:1039 - genDependencies : Invalid condition id : UX DEVICE CLASS RTOS Condition cause : null
2025-08-09 19:46:55,717 [WARN] ConditionMgr:1039 - genDependencies : Invalid condition id : UX DEVICE CLASS RTOS Condition cause : null
2025-08-09 19:46:55,717 [WARN] ConditionMgr:1039 - genDependencies : Invalid condition id : UX DEVICE CLASS RTOS Condition cause : null
2025-08-09 19:46:55,718 [WARN] ConditionMgr:1039 - genDependencies : Invalid condition id : UX DEVICE CLASS RTOS Condition cause : null
2025-08-09 19:46:55,723 [WARN] PackLoader:240 - Cannot read IP mode file for STMicroelectronics.X-CUBE-GNSS1.7.0.0
2025-08-09 19:46:55,729 [WARN] PackLoader:240 - Cannot read IP mode file for STMicroelectronics.X-CUBE-GNSS1.7.0.1
2025-08-09 19:46:55,736 [WARN] PackLoader:240 - Cannot read IP mode file for STMicroelectronics.X-CUBE-TOUCHGFX.4.25.0
2025-08-09 19:46:55,742 [WARN] PackLoader:240 - Cannot read IP mode file for STMicroelectronics.FP-SNS-STBOX1.2.0.0
2025-08-09 19:46:55,752 [WARN] PackLoader:240 - Cannot read IP mode file for STMicroelectronics.X-CUBE-SUBG2.5.0.0
2025-08-09 19:46:55,773 [WARN] PackLoader:240 - Cannot read IP mode file for STMicroelectronics.X-CUBE-AZRTOS-H7RS.1.1.0
2025-08-09 19:46:55,781 [WARN] PackLoader:240 - Cannot read IP mode file for Cesanta.I-CUBE-Mongoose.7.13.0
2025-08-09 19:46:55,793 [WARN] PackLoader:240 - Cannot read IP mode file for STMicroelectronics.X-CUBE-AZRTOS-G4.2.0.0
2025-08-09 19:46:55,799 [WARN] PackLoader:240 - Cannot read IP mode file for STMicroelectronics.X-CUBE-NFC7.2.0.0
2025-08-09 19:46:55,803 [ERROR] Engine:466 - C:\Users\nacho\.stm32cubemx\thirdparties\pdsc\STMicroelectronics.X-CUBE-IPS.3.1.0.pdsc: PDSC version is not supported
2025-08-09 19:46:55,808 [WARN] PackLoader:240 - Cannot read IP mode file for STMicroelectronics.X-CUBE-ALS.1.0.2
2025-08-09 19:46:55,811 [WARN] PackLoader:240 - Cannot read IP mode file for STMicroelectronics.X-CUBE-TOUCHGFX.4.24.2
2025-08-09 19:46:55,814 [WARN] PackLoader:240 - Cannot read IP mode file for STMicroelectronics.X-CUBE-TOUCHGFX.4.24.1
2025-08-09 19:46:55,819 [WARN] PackLoader:240 - Cannot read IP mode file for wolfSSL.I-CUBE-wolfTPM.3.4.0
2025-08-09 19:46:55,824 [WARN] PackLoader:240 - Cannot read IP mode file for portGmbH.I-Cube-SoM-uGOAL.1.1.0
2025-08-09 19:46:55,840 [WARN] PackLoader:240 - Cannot read IP mode file for STMicroelectronics.X-CUBE-AZRTOS-H7RS.1.0.0
2025-08-09 19:46:55,850 [WARN] PackLoader:240 - Cannot read IP mode file for STMicroelectronics.X-CUBE-TOF1.3.4.2
2025-08-09 19:46:55,862 [ERROR] Engine:466 - C:\Users\nacho\.stm32cubemx\thirdparties\pdsc\STMicroelectronics.X-CUBE-TOF1.3.4.3.pdsc: PDSC version is not supported
2025-08-09 19:46:55,885 [WARN] PackLoader:240 - Cannot read IP mode file for Infineon.AIROC-Wi-Fi-Bluetooth-STM32.1.6.1
2025-08-09 19:46:55,894 [WARN] PackLoader:240 - Cannot read IP mode file for wolfSSL.I-CUBE-wolfSSH.1.4.17
2025-08-09 19:46:55,895 [INFO] ThirdParty:978 - Integrity check success = true
2025-08-09 19:46:55,895 [INFO] IntegrityCheckThread:100 - exiting critical section [integrity check]
2025-08-09 19:46:55,896 [INFO] IntegrityCheckThread:103 - End integrity checks thread
2025-08-09 19:50:40,640 [ERROR] LogOutputStream:75 - [STDERR_REDIRECT] 
