2025-09-13 13:26:16,609 [ERROR] LogOutputStream:75 - [STDERR_REDIRECT] 
2025-09-13 13:40:25,990 [INFO] Activator:176 - 


2025-09-13 13:40:25,992 [INFO] Activator:177 - !SESSION log4j initialized
2025-09-13 13:40:33,757 [INFO] LogOutputStream:77 - [STDOUT_REDIRECT] 
2025-09-13 13:40:36,503 [INFO] ApplicationProperties:184 - Using Application install path: C:\ST\STM32CubeIDE_1.16.1\STM32CubeIDE\plugins\com.st.stm32cube.common.mx_6.12.1.202409122256
2025-09-13 13:40:36,530 [INFO] DbMcusXml:78 - Set database path to: C:\ST\STM32CubeIDE_1.16.1\STM32CubeIDE\plugins\com.st.stm32cube.common.mx_6.12.1.202409122256\\db\/mcu/
2025-09-13 13:40:36,531 [INFO] ApiDb:274 - Set plugin database path to: C:\ST\STM32CubeIDE_1.16.1\STM32CubeIDE\plugins\com.st.stm32cube.common.mx_6.12.1.202409122256\\db\/plugins/boardmanager/
2025-09-13 13:40:36,532 [WARN] ApiDb:259 - Overriding images path with different value:  => C:\ST\STM32CubeIDE_1.16.1\STM32CubeIDE\plugins\com.st.stm32cube.common.mx_6.12.1.202409122256\\db\/plugins/mcufinder/images/
2025-09-13 13:40:36,545 [INFO] ApiDb:250 - Set database path to: C:\Users\nacho\.stmcufinder\plugins\mcufinder//mcu/
2025-09-13 13:40:36,547 [INFO] DbMcusAds:125 - Set database path to: C:\Users\nacho\.stmcufinder\plugins\mcufinder//mcu/
2025-09-13 13:40:36,551 [INFO] CrossReferenceDbSqlite:203 - Set database path to: C:\Users\nacho\.stmcufinder\plugins\mcufinder//mcu/cs/
2025-09-13 13:40:36,749 [INFO] RulesReader:64 - Compatibility file has been processed (297 Rules)
2025-09-13 13:40:36,875 [INFO] DbMcusXml:78 - Set database path to: C:\ST\STM32CubeIDE_1.16.1\STM32CubeIDE\plugins\com.st.stm32cube.common.mx_6.12.1.202409122256\\db\/mcu/
2025-09-13 13:40:36,875 [INFO] ApiDb:274 - Set plugin database path to: C:\ST\STM32CubeIDE_1.16.1\STM32CubeIDE\plugins\com.st.stm32cube.common.mx_6.12.1.202409122256\\db\/plugins/boardmanager/
2025-09-13 13:40:36,876 [INFO] ApiDb:261 - Set plugin images path to: C:\ST\STM32CubeIDE_1.16.1\STM32CubeIDE\plugins\com.st.stm32cube.common.mx_6.12.1.202409122256\\db\/plugins/mcufinder/images/
2025-09-13 13:40:36,876 [WARN] DbFile:41 - Overriding database path with different value: C:\Users\nacho\.stmcufinder\plugins\mcufinder/ => C:\Users\nacho\.stmcufinder\plugins\mcufinder
2025-09-13 13:40:36,876 [INFO] ApiDb:250 - Set database path to: C:\Users\nacho\.stmcufinder\plugins\mcufinder//mcu/
2025-09-13 13:40:36,877 [WARN] DbFile:41 - Overriding database path with different value: C:\Users\nacho\.stmcufinder\plugins\mcufinder/ => C:\Users\nacho\.stmcufinder\plugins\mcufinder
2025-09-13 13:40:36,877 [INFO] DbMcusAds:125 - Set database path to: C:\Users\nacho\.stmcufinder\plugins\mcufinder//mcu/
2025-09-13 13:40:36,877 [WARN] DbFile:41 - Overriding database path with different value: C:\Users\nacho\.stmcufinder\plugins\mcufinder/ => C:\Users\nacho\.stmcufinder\plugins\mcufinder
2025-09-13 13:40:36,877 [WARN] DbFile:41 - Overriding database path with different value: C:\Users\nacho\.stmcufinder\plugins\mcufinder/ => C:\Users\nacho\.stmcufinder\plugins\mcufinder
2025-09-13 13:40:36,878 [INFO] CrossReferenceDbSqlite:203 - Set database path to: C:\Users\nacho\.stmcufinder\plugins\mcufinder//mcu/cs/
2025-09-13 13:40:37,002 [INFO] MainPanel:268 - HeapMemory: 268435456
2025-09-13 13:40:37,150 [INFO] DbMcusXml:78 - Set database path to: C:\ST\STM32CubeIDE_1.16.1\STM32CubeIDE\plugins\com.st.stm32cube.common.mx_6.12.1.202409122256\\db\/mcu/
2025-09-13 13:40:37,151 [INFO] ApiDb:274 - Set plugin database path to: C:\ST\STM32CubeIDE_1.16.1\STM32CubeIDE\plugins\com.st.stm32cube.common.mx_6.12.1.202409122256\\db\/plugins/boardmanager/
2025-09-13 13:40:37,151 [INFO] ApiDb:261 - Set plugin images path to: C:\ST\STM32CubeIDE_1.16.1\STM32CubeIDE\plugins\com.st.stm32cube.common.mx_6.12.1.202409122256\\db\/plugins/mcufinder/images/
2025-09-13 13:40:37,151 [WARN] DbFile:41 - Overriding database path with different value: C:\Users\nacho\.stmcufinder\plugins\mcufinder/ => C:\Users\nacho\.stmcufinder\plugins\mcufinder
2025-09-13 13:40:37,151 [INFO] ApiDb:250 - Set database path to: C:\Users\nacho\.stmcufinder\plugins\mcufinder//mcu/
2025-09-13 13:40:37,151 [WARN] DbFile:41 - Overriding database path with different value: C:\Users\nacho\.stmcufinder\plugins\mcufinder/ => C:\Users\nacho\.stmcufinder\plugins\mcufinder
2025-09-13 13:40:37,151 [INFO] DbMcusAds:125 - Set database path to: C:\Users\nacho\.stmcufinder\plugins\mcufinder//mcu/
2025-09-13 13:40:37,151 [WARN] DbFile:41 - Overriding database path with different value: C:\Users\nacho\.stmcufinder\plugins\mcufinder/ => C:\Users\nacho\.stmcufinder\plugins\mcufinder
2025-09-13 13:40:37,152 [WARN] DbFile:41 - Overriding database path with different value: C:\Users\nacho\.stmcufinder\plugins\mcufinder/ => C:\Users\nacho\.stmcufinder\plugins\mcufinder
2025-09-13 13:40:37,152 [INFO] CrossReferenceDbSqlite:203 - Set database path to: C:\Users\nacho\.stmcufinder\plugins\mcufinder//mcu/cs/
2025-09-13 13:40:37,179 [INFO] ApplicationProperties:184 - Using Application install path: C:\ST\STM32CubeIDE_1.16.1\STM32CubeIDE\plugins\com.st.stm32cube.common.mx_6.12.1.202409122256
2025-09-13 13:40:37,182 [INFO] PluginManage:196 - Search for loadable plugins [exclusion list=, ]
2025-09-13 13:40:37,185 [INFO] PluginManage:310 - Check plugin analytics
2025-09-13 13:40:37,458 [INFO] AnalyticsPlugin:253 - Accepted Software Licenses: STM32CubeMX.6.12.1,STM32CubeMX.6.15.0
2025-09-13 13:40:37,459 [INFO] AnalyticsPlugin:255 - Accepted CMSIS Pack Licenses: 
2025-09-13 13:40:37,459 [INFO] AnalyticsPlugin:257 - Accepted Firmware Licenses: FW.WL.1.3.0
2025-09-13 13:40:37,459 [INFO] PluginManage:359 - Loaded plugin analytics (category:tool,tabindex:-1)
2025-09-13 13:40:37,460 [INFO] PluginManage:310 - Check plugin cadmodel
2025-09-13 13:40:37,486 [INFO] CADModel:105 - Init CAD model plugin
2025-09-13 13:40:37,486 [INFO] PluginManage:359 - Loaded plugin cadmodel (category:power,tabindex:5)
2025-09-13 13:40:37,487 [INFO] PluginManage:310 - Check plugin clock
2025-09-13 13:40:37,515 [INFO] PluginManage:359 - Loaded plugin clock (category:base,tabindex:2)
2025-09-13 13:40:37,516 [INFO] PluginManage:310 - Check plugin ddr
2025-09-13 13:40:37,520 [INFO] PluginManage:359 - Loaded plugin ddr (category:tool,tabindex:6)
2025-09-13 13:40:37,520 [INFO] PluginManage:310 - Check plugin filemanager
2025-09-13 13:40:37,721 [INFO] PluginManage:359 - Loaded plugin filemanager (category:base,tabindex:10)
2025-09-13 13:40:37,721 [INFO] PluginManage:310 - Check plugin ipmanager
2025-09-13 13:40:37,736 [INFO] PluginManage:359 - Loaded plugin ipmanager (category:base,tabindex:5)
2025-09-13 13:40:37,736 [INFO] PluginManage:310 - Check plugin lpbam
2025-09-13 13:40:37,762 [INFO] PluginManage:359 - Loaded plugin lpbam (category:base,tabindex:0)
2025-09-13 13:40:37,763 [INFO] PluginManage:310 - Check plugin memorymap
2025-09-13 13:40:37,792 [INFO] PluginManage:359 - Loaded plugin memorymap (category:base,tabindex:4)
2025-09-13 13:40:37,793 [INFO] PluginManage:310 - Check plugin pinoutandconfiguration
2025-09-13 13:40:37,818 [INFO] PluginManage:359 - Loaded plugin pinoutandconfiguration (category:base,tabindex:1)
2025-09-13 13:40:37,819 [INFO] PluginManage:310 - Check plugin pinoutconfig
2025-09-13 13:40:37,931 [WARN] SupportedApi:132 - Cannot load RTOS API schema: s4s-elt-must-match.1: The content of 'definitions' must match (annotation?, (simpleType | complexType)?, (unique | key | keyref)*)). A problem was found starting at: attribute.
2025-09-13 13:40:38,098 [INFO] PluginManage:359 - Loaded plugin pinoutconfig (category:base,tabindex:0)
2025-09-13 13:40:38,098 [INFO] PluginManage:310 - Check plugin power
2025-09-13 13:40:38,130 [INFO] PluginManage:359 - Loaded plugin power (category:power,tabindex:4)
2025-09-13 13:40:38,130 [INFO] PluginManage:310 - Check plugin projectmanager
2025-09-13 13:40:38,151 [INFO] PluginManage:359 - Loaded plugin projectmanager (category:projectmanager,tabindex:4)
2025-09-13 13:40:38,151 [INFO] PluginManage:310 - Check plugin rif
2025-09-13 13:40:38,184 [INFO] PluginManage:359 - Loaded plugin rif (category:base,tabindex:3)
2025-09-13 13:40:38,185 [INFO] PluginManage:310 - Check plugin thirdparty
2025-09-13 13:40:38,471 [INFO] PluginManage:359 - Loaded plugin thirdparty (category:base,tabindex:-1)
2025-09-13 13:40:38,471 [WARN] IntegrityCheckThread:84 - waiting for thirdparty lock release [integrity check]
2025-09-13 13:40:38,472 [INFO] PluginManage:310 - Check plugin tools
2025-09-13 13:40:38,472 [INFO] IntegrityCheckThread:86 - entering critical section [integrity check]
2025-09-13 13:40:38,472 [INFO] ThirdPartyUpdaterWithRetryManager:70 - Updater plugin not ready yet. [1/15]
2025-09-13 13:40:38,529 [INFO] PluginManage:359 - Loaded plugin tools (category:base,tabindex:7)
2025-09-13 13:40:38,530 [INFO] PluginManage:310 - Check plugin tutovideos
2025-09-13 13:40:38,736 [INFO] PluginManage:359 - Loaded plugin tutovideos (category:base,tabindex:-1)
2025-09-13 13:40:38,736 [INFO] PluginManage:310 - Check plugin updater
2025-09-13 13:40:38,755 [INFO] PluginManage:359 - Loaded plugin updater (category:base,tabindex:12)
2025-09-13 13:40:38,755 [INFO] PluginManage:310 - Check plugin userauth
2025-09-13 13:40:38,762 [INFO] UserAuth:113 - Init User Auth plugin
2025-09-13 13:40:38,762 [INFO] PluginManage:359 - Loaded plugin userauth (category:base,tabindex:14)
2025-09-13 13:40:38,762 [INFO] PluginManage:283 - PluginManage : Loaded plugins [18]
2025-09-13 13:40:39,045 [INFO] PinOutPanel:1561 - setPackage(No Configuration,No Configuration)
2025-09-13 13:40:39,153 [INFO] CADModel:165 - CPN selected for project level
2025-09-13 13:40:39,153 [INFO] CADModel:114 - Register for checkConnection events
2025-09-13 13:40:39,193 [INFO] IPUIPlugin:80 - create IPUIPlugin
2025-09-13 13:40:39,193 [INFO] PluginManager:220 - loadIPPluginJar : add adc
2025-09-13 13:40:39,250 [INFO] IPUIPlugin:80 - create IPUIPlugin
2025-09-13 13:40:39,250 [INFO] PluginManager:220 - loadIPPluginJar : add aes
2025-09-13 13:40:39,316 [INFO] IPUIPlugin:80 - create IPUIPlugin
2025-09-13 13:40:39,316 [INFO] PluginManager:220 - loadIPPluginJar : add can
2025-09-13 13:40:39,359 [INFO] IPUIPlugin:80 - create IPUIPlugin
2025-09-13 13:40:39,359 [INFO] PluginManager:220 - loadIPPluginJar : add comp
2025-09-13 13:40:39,414 [INFO] IPUIPlugin:80 - create IPUIPlugin
2025-09-13 13:40:39,414 [INFO] PluginManager:220 - loadIPPluginJar : add cryp
2025-09-13 13:40:39,431 [INFO] IPUIPlugin:80 - create IPUIPlugin
2025-09-13 13:40:39,432 [INFO] PluginManager:220 - loadIPPluginJar : add ddr_ctrl_phy
2025-09-13 13:40:39,481 [INFO] IPUIPlugin:80 - create IPUIPlugin
2025-09-13 13:40:39,481 [INFO] PluginManager:220 - loadIPPluginJar : add dfsdm
2025-09-13 13:40:39,501 [INFO] IPUIPlugin:80 - create IPUIPlugin
2025-09-13 13:40:39,502 [INFO] PluginManager:220 - loadIPPluginJar : add dma
2025-09-13 13:40:39,572 [INFO] IPUIPlugin:80 - create IPUIPlugin
2025-09-13 13:40:39,572 [INFO] PluginManager:220 - loadIPPluginJar : add dma3
2025-09-13 13:40:39,640 [INFO] IPUIPlugin:80 - create IPUIPlugin
2025-09-13 13:40:39,640 [INFO] PluginManager:220 - loadIPPluginJar : add extmemmanager
2025-09-13 13:40:39,673 [INFO] IPUIPlugin:80 - create IPUIPlugin
2025-09-13 13:40:39,673 [INFO] PluginManager:220 - loadIPPluginJar : add fatfs
2025-09-13 13:40:39,743 [INFO] IPUIPlugin:80 - create IPUIPlugin
2025-09-13 13:40:39,743 [INFO] PluginManager:220 - loadIPPluginJar : add fmc
2025-09-13 13:40:39,765 [INFO] IPUIPlugin:80 - create IPUIPlugin
2025-09-13 13:40:39,765 [INFO] PluginManager:220 - loadIPPluginJar : add freertos
2025-09-13 13:40:39,801 [INFO] IPUIPlugin:80 - create IPUIPlugin
2025-09-13 13:40:39,801 [INFO] PluginManager:220 - loadIPPluginJar : add genericplugin
2025-09-13 13:40:39,941 [INFO] IPUIPlugin:80 - create IPUIPlugin
2025-09-13 13:40:39,941 [INFO] PluginManager:220 - loadIPPluginJar : add gfxmmu
2025-09-13 13:40:40,137 [INFO] IPUIPlugin:80 - create IPUIPlugin
2025-09-13 13:40:40,137 [INFO] PluginManager:220 - loadIPPluginJar : add gic
2025-09-13 13:40:40,156 [INFO] IPUIPlugin:80 - create IPUIPlugin
2025-09-13 13:40:40,156 [INFO] PluginManager:220 - loadIPPluginJar : add gpio
2025-09-13 13:40:40,286 [INFO] IPUIPlugin:80 - create IPUIPlugin
2025-09-13 13:40:40,287 [INFO] PluginManager:220 - loadIPPluginJar : add gtzc
2025-09-13 13:40:40,335 [INFO] IPUIPlugin:80 - create IPUIPlugin
2025-09-13 13:40:40,335 [INFO] PluginManager:220 - loadIPPluginJar : add hash
2025-09-13 13:40:40,416 [INFO] IPUIPlugin:80 - create IPUIPlugin
2025-09-13 13:40:40,416 [INFO] PluginManager:220 - loadIPPluginJar : add i2c
2025-09-13 13:40:40,477 [INFO] IPUIPlugin:80 - create IPUIPlugin
2025-09-13 13:40:40,477 [INFO] PluginManager:220 - loadIPPluginJar : add i2s
2025-09-13 13:40:40,532 [INFO] IPUIPlugin:80 - create IPUIPlugin
2025-09-13 13:40:40,533 [INFO] PluginManager:220 - loadIPPluginJar : add i3c
2025-09-13 13:40:40,672 [INFO] IPUIPlugin:80 - create IPUIPlugin
2025-09-13 13:40:40,672 [INFO] PluginManager:220 - loadIPPluginJar : add ipddr
2025-09-13 13:40:40,813 [INFO] IPUIPlugin:80 - create IPUIPlugin
2025-09-13 13:40:40,813 [INFO] PluginManager:220 - loadIPPluginJar : add linkedlist
2025-09-13 13:40:40,871 [INFO] IPUIPlugin:80 - create IPUIPlugin
2025-09-13 13:40:40,871 [INFO] PluginManager:220 - loadIPPluginJar : add lorawan
2025-09-13 13:40:40,926 [INFO] IPUIPlugin:80 - create IPUIPlugin
2025-09-13 13:40:40,926 [INFO] PluginManager:220 - loadIPPluginJar : add ltdc
2025-09-13 13:40:40,946 [INFO] IPUIPlugin:80 - create IPUIPlugin
2025-09-13 13:40:40,946 [INFO] PluginManager:220 - loadIPPluginJar : add mdma
2025-09-13 13:40:40,963 [INFO] IPUIPlugin:80 - create IPUIPlugin
2025-09-13 13:40:40,964 [INFO] PluginManager:220 - loadIPPluginJar : add nvic
2025-09-13 13:40:41,035 [INFO] IPUIPlugin:80 - create IPUIPlugin
2025-09-13 13:40:41,036 [INFO] PluginManager:220 - loadIPPluginJar : add opamp
2025-09-13 13:40:41,202 [INFO] IPUIPlugin:80 - create IPUIPlugin
2025-09-13 13:40:41,202 [INFO] PluginManager:220 - loadIPPluginJar : add openamp
2025-09-13 13:40:41,301 [INFO] IPUIPlugin:80 - create IPUIPlugin
2025-09-13 13:40:41,301 [INFO] PluginManager:220 - loadIPPluginJar : add pdm2pcm
2025-09-13 13:40:41,328 [INFO] IPUIPlugin:80 - create IPUIPlugin
2025-09-13 13:40:41,331 [INFO] PluginManager:220 - loadIPPluginJar : add plateformsettings
2025-09-13 13:40:41,382 [INFO] IPUIPlugin:80 - create IPUIPlugin
2025-09-13 13:40:41,383 [INFO] PluginManager:220 - loadIPPluginJar : add quadspi
2025-09-13 13:40:41,431 [INFO] IPUIPlugin:80 - create IPUIPlugin
2025-09-13 13:40:41,432 [INFO] PluginManager:220 - loadIPPluginJar : add radio
2025-09-13 13:40:41,457 [INFO] IPUIPlugin:80 - create IPUIPlugin
2025-09-13 13:40:41,457 [INFO] PluginManager:220 - loadIPPluginJar : add resmgrutility
2025-09-13 13:40:41,474 [INFO] ThirdPartyUpdaterWithRetryManager:70 - Updater plugin not ready yet. [2/15]
2025-09-13 13:40:41,527 [INFO] IPUIPlugin:80 - create IPUIPlugin
2025-09-13 13:40:41,527 [INFO] PluginManager:220 - loadIPPluginJar : add sai
2025-09-13 13:40:41,586 [INFO] IPUIPlugin:80 - create IPUIPlugin
2025-09-13 13:40:41,586 [INFO] PluginManager:220 - loadIPPluginJar : add spi
2025-09-13 13:40:41,690 [INFO] IPUIPlugin:80 - create IPUIPlugin
2025-09-13 13:40:41,690 [INFO] PluginManager:220 - loadIPPluginJar : add stm32_wpan
2025-09-13 13:40:41,728 [INFO] IPUIPlugin:80 - create IPUIPlugin
2025-09-13 13:40:41,728 [INFO] PluginManager:220 - loadIPPluginJar : add tim
2025-09-13 13:40:41,814 [INFO] IPUIPlugin:80 - create IPUIPlugin
2025-09-13 13:40:41,815 [INFO] PluginManager:220 - loadIPPluginJar : add touchsensing
2025-09-13 13:40:41,852 [INFO] IPUIPlugin:80 - create IPUIPlugin
2025-09-13 13:40:41,852 [INFO] PluginManager:220 - loadIPPluginJar : add tracer_emb
2025-09-13 13:40:41,893 [INFO] IPUIPlugin:80 - create IPUIPlugin
2025-09-13 13:40:41,894 [INFO] PluginManager:220 - loadIPPluginJar : add ts
2025-09-13 13:40:41,930 [INFO] IPUIPlugin:80 - create IPUIPlugin
2025-09-13 13:40:41,931 [INFO] PluginManager:220 - loadIPPluginJar : add tsc
2025-09-13 13:40:41,966 [INFO] IPUIPlugin:80 - create IPUIPlugin
2025-09-13 13:40:41,966 [INFO] PluginManager:220 - loadIPPluginJar : add ucpd
2025-09-13 13:40:42,034 [INFO] IPUIPlugin:80 - create IPUIPlugin
2025-09-13 13:40:42,034 [INFO] PluginManager:220 - loadIPPluginJar : add usart
2025-09-13 13:40:42,097 [INFO] IPUIPlugin:80 - create IPUIPlugin
2025-09-13 13:40:42,097 [INFO] PluginManager:220 - loadIPPluginJar : add usbx
2025-09-13 13:40:42,226 [INFO] CADModel:165 - CPN selected for project level
2025-09-13 13:40:42,226 [INFO] CADModel:114 - Register for checkConnection events
2025-09-13 13:40:42,226 [FATAL] Updater:334 - Updater called before beeing initialized
2025-09-13 13:40:42,226 [ERROR] CADModel:125 - Updater not yet initialized, retry later 
2025-09-13 13:40:42,358 [INFO] CADModel:165 - CPN selected for project level
2025-09-13 13:40:42,358 [INFO] CADModel:114 - Register for checkConnection events
2025-09-13 13:40:42,358 [FATAL] Updater:334 - Updater called before beeing initialized
2025-09-13 13:40:42,358 [ERROR] CADModel:125 - Updater not yet initialized, retry later 
2025-09-13 13:40:42,361 [FATAL] Updater:334 - Updater called before beeing initialized
2025-09-13 13:40:42,468 [FATAL] Updater:334 - Updater called before beeing initialized
2025-09-13 13:40:42,472 [INFO] DbMcusAds:53 - JSON generation date=Tue Jul 08 05:14:23 ART 2025 (1751962463582)
2025-09-13 13:40:42,472 [FATAL] Updater:334 - Updater called before beeing initialized
2025-09-13 13:40:42,514 [WARN] DetailPanel:346 - Failed to get advertising image, set to default
2025-09-13 13:40:42,596 [FATAL] Updater:334 - Updater called before beeing initialized
2025-09-13 13:40:42,598 [FATAL] Updater:334 - Updater called before beeing initialized
2025-09-13 13:40:42,598 [FATAL] Updater:334 - Updater called before beeing initialized
2025-09-13 13:40:42,598 [WARN] DetailPanel:346 - Failed to get advertising image, set to default
2025-09-13 13:40:42,599 [FATAL] Updater:334 - Updater called before beeing initialized
2025-09-13 13:40:42,666 [ERROR] Updater:1164 - MainUpdater not yet initialized. External WinMGr cannot be set.
2025-09-13 13:40:42,681 [INFO] Updater:1100 - Updater Version found : 6.12.1
2025-09-13 13:40:42,702 [INFO] ApplicationProperties:184 - Using Application install path: C:\ST\STM32CubeIDE_1.16.1\STM32CubeIDE\plugins\com.st.stm32cube.common.mx_6.12.1.202409122256
2025-09-13 13:40:42,741 [INFO] MainUpdater:526 - Copy updater definitions from MX database
2025-09-13 13:40:42,994 [INFO] MainUpdater:2873 - connection check result : 10
2025-09-13 13:40:42,995 [INFO] MainUpdater:3567 - Updater definition file requires update
2025-09-13 13:40:42,996 [INFO] MainUpdater:290 - Updater Check For Update Now.
2025-09-13 13:40:42,996 [INFO] MicroXplorer:498 - Change Database Version : DB.6.0.121
2025-09-13 13:40:43,018 [INFO] McuFinderGlobals:63 - Set McuFinder mode to 2 (CubeIDE integrated)
2025-09-13 13:40:43,028 [INFO] UserAuth:417 - Internet connection configuration mode: 1
2025-09-13 13:40:43,050 [INFO] JxBrowserEngine:152 - Initiate JxBrowser Engine with user profile folder
2025-09-13 13:40:43,052 [INFO] ServerAccessManage:473 - Download File updaters.zip
2025-09-13 13:40:43,154 [INFO] FileExtend:240 - Unzip File : updaters.zip
2025-09-13 13:40:43,155 [INFO] FileExtend:255 - Standard Zip Deflate
2025-09-13 13:40:44,481 [WARN] MainUpdater:1194 - Updater busy. Cannot search thirdparties
2025-09-13 13:40:44,481 [INFO] ThirdPartyUpdaterWithRetryManager:96 - Updater plugin is busy. [1/15]
2025-09-13 13:40:44,538 [INFO] ServerAccessManage:473 - Download File PacksControlFlags.xml
2025-09-13 13:40:44,641 [INFO] ServerAccessManage:473 - Download File cubemx.pidx
2025-09-13 13:40:44,812 [INFO] LoadServerUpdatesThread:375 - End of LoadServerUpdate Thread
2025-09-13 13:40:45,025 [INFO] CheckServerUpdateThread:120 - End of CheckServer Thread
2025-09-13 13:40:47,780 [INFO] WebApp:167 - Instantiating new browser for Auth
2025-09-13 13:40:47,913 [WARN] PackLoader:240 - Cannot read IP mode file for STMicroelectronics.FP-SNS-MOTENVWB1.1.4.0
2025-09-13 13:40:47,920 [WARN] PackLoader:240 - Cannot read IP mode file for STMicroelectronics.FP-ATR-ASTRA1.2.0.2
2025-09-13 13:40:47,923 [WARN] PackLoader:240 - Cannot read IP mode file for STMicroelectronics.FP-ATR-ASTRA1.2.0.1
2025-09-13 13:40:47,931 [WARN] PackLoader:240 - Cannot read IP mode file for STMicroelectronics.X-CUBE-SMBUS.2.1.0
2025-09-13 13:40:47,938 [WARN] PackLoader:240 - Cannot read IP mode file for STMicroelectronics.X-CUBE-WB05N.1.1.0
2025-09-13 13:40:47,942 [ERROR] Engine:466 - C:\Users\nacho\.stm32cubemx\thirdparties\pdsc\STMicroelectronics.X-CUBE-ST60.1.0.0.pdsc: PDSC version is not supported
2025-09-13 13:40:47,972 [WARN] PackLoader:240 - Cannot read IP mode file for STMicroelectronics.X-CUBE-AZRTOS-F7.1.1.0
2025-09-13 13:40:48,046 [WARN] PackLoader:240 - Cannot read IP mode file for STMicroelectronics.X-CUBE-MEMS1.11.0.0
2025-09-13 13:40:48,310 [WARN] PackLoader:240 - Cannot read IP mode file for STMicroelectronics.FP-SNS-FLIGHT1.5.0.2
2025-09-13 13:40:48,366 [WARN] PackLoader:240 - Cannot read IP mode file for STMicroelectronics.X-CUBE-AZRTOS-H7.3.4.0
2025-09-13 13:40:48,392 [WARN] PackLoader:240 - Cannot read IP mode file for STMicroelectronics.X-CUBE-DISPLAY.3.0.0
2025-09-13 13:40:48,416 [WARN] PackLoader:240 - Cannot read IP mode file for STMicroelectronics.X-CUBE-BLE1.7.0.0
2025-09-13 13:40:48,433 [WARN] PackLoader:240 - Cannot read IP mode file for STMicroelectronics.X-CUBE-NFC10.1.0.0
2025-09-13 13:40:48,448 [WARN] PackLoader:240 - Cannot read IP mode file for STMicroelectronics.X-CUBE-BLEMGR.4.0.0
2025-09-13 13:40:48,459 [WARN] PackLoader:240 - Cannot read IP mode file for emotas.I-CUBE-CANOPEN.1.3.0
2025-09-13 13:40:48,467 [WARN] PackLoader:240 - Cannot read IP mode file for STMicroelectronics.X-CUBE-BLEMGR.3.1.0
2025-09-13 13:40:48,474 [WARN] PackLoader:240 - Cannot read IP mode file for STMicroelectronics.X-CUBE-AI.10.0.0
2025-09-13 13:40:48,480 [ERROR] Engine:466 - C:\Users\nacho\.stm32cubemx\thirdparties\pdsc\STMicroelectronics.FP-SNS-STBOX1.2.1.0.pdsc: PDSC version is not supported
2025-09-13 13:40:48,484 [WARN] PackLoader:240 - Cannot read IP mode file for STMicroelectronics.FP-SNS-SMARTAG2.1.2.0
2025-09-13 13:40:48,489 [ERROR] Engine:466 - C:\Users\nacho\.stm32cubemx\thirdparties\pdsc\STMicroelectronics.FP-SNS-FLIGHT1.5.1.0.pdsc: PDSC version is not supported
2025-09-13 13:40:48,582 [WARN] PackLoader:240 - Cannot read IP mode file for STMicroelectronics.X-CUBE-MEMS1.11.1.0
2025-09-13 13:40:48,783 [INFO] LogOutputStream:77 - [STDOUT_REDIRECT] 1 : Invalid condition id : UX_CORESTACK_Condition cause : null
2025-09-13 13:40:48,784 [INFO] LogOutputStream:77 - [STDOUT_REDIRECT] 1 : Invalid condition id : UX_CORESTACK_Condition cause : null
2025-09-13 13:40:48,786 [INFO] LogOutputStream:77 - [STDOUT_REDIRECT] 1 : Invalid condition id : UX_CORESTACK_Condition cause : null
2025-09-13 13:40:48,787 [INFO] LogOutputStream:77 - [STDOUT_REDIRECT] 1 : Invalid condition id : UX_CORESTACK_Condition cause : null
2025-09-13 13:40:48,789 [INFO] LogOutputStream:77 - [STDOUT_REDIRECT] 1 : Invalid condition id : UX_CORESTACK_Condition cause : null
2025-09-13 13:40:48,793 [WARN] PackLoader:240 - Cannot read IP mode file for STMicroelectronics.X-CUBE-AZRTOS-WL.2.0.0
2025-09-13 13:40:48,801 [WARN] PackLoader:240 - Cannot read IP mode file for STMicroelectronics.FP-SNS-MOTENV1.5.0.0
2025-09-13 13:40:48,810 [WARN] PackLoader:240 - Cannot read IP mode file for wolfSSL.I-CUBE-wolfMQTT.1.19.0
2025-09-13 13:40:48,823 [WARN] PackLoader:240 - Cannot read IP mode file for WES.I-CUBE-Cesium.1.3.0
2025-09-13 13:40:48,831 [WARN] PackLoader:240 - Cannot read IP mode file for STMicroelectronics.X-CUBE-BLE2.3.3.0
2025-09-13 13:40:48,842 [WARN] PackLoader:240 - Cannot read IP mode file for STMicroelectronics.X-CUBE-NFC9.1.0.0
2025-09-13 13:40:48,851 [WARN] PackLoader:240 - Cannot read IP mode file for STMicroelectronics.X-CUBE-BLE1.7.1.0
2025-09-13 13:40:48,863 [WARN] PackLoader:240 - Cannot read IP mode file for STMicroelectronics.X-CUBE-TCPP.4.1.0
2025-09-13 13:40:48,873 [WARN] PackLoader:240 - Cannot read IP mode file for STMicroelectronics.X-CUBE-EEPRMA1.5.2.0
2025-09-13 13:40:48,880 [WARN] PackLoader:240 - Cannot read IP mode file for STMicroelectronics.X-CUBE-AI.10.1.0
2025-09-13 13:40:49,051 [WARN] PackLoader:240 - Cannot read IP mode file for STMicroelectronics.X-CUBE-MEMS1.11.2.0
2025-09-13 13:40:49,248 [WARN] PackLoader:240 - Cannot read IP mode file for STMicroelectronics.X-CUBE-AZRTOS-G0.1.1.0
2025-09-13 13:40:49,258 [WARN] PackLoader:240 - Cannot read IP mode file for STMicroelectronics.X-CUBE-SAFEA1.1.2.2
2025-09-13 13:40:49,264 [WARN] PackLoader:240 - Cannot read IP mode file for STMicroelectronics.X-CUBE-NFC4.3.0.0
2025-09-13 13:40:49,275 [WARN] PackLoader:240 - Cannot read IP mode file for EmbeddedOffice.I-CUBE-FS-RTOS.1.0.1
2025-09-13 13:40:49,277 [ERROR] ConditionMgr:805 - Attr not supported : Dmpu
2025-09-13 13:40:49,277 [ERROR] ConditionMgr:805 - Attr not supported : Dmpu
2025-09-13 13:40:49,277 [ERROR] ConditionMgr:805 - Attr not supported : Dmpu
2025-09-13 13:40:49,277 [ERROR] ConditionMgr:805 - Attr not supported : Dmpu
2025-09-13 13:40:49,277 [ERROR] ConditionMgr:805 - Attr not supported : Dmpu
2025-09-13 13:40:49,278 [ERROR] ConditionMgr:805 - Attr not supported : Dmpu
2025-09-13 13:40:49,278 [ERROR] ConditionMgr:805 - Attr not supported : Dmpu
2025-09-13 13:40:49,278 [ERROR] ConditionMgr:805 - Attr not supported : Dmpu
2025-09-13 13:40:49,278 [ERROR] ConditionMgr:805 - Attr not supported : Dmpu
2025-09-13 13:40:49,278 [ERROR] ConditionMgr:805 - Attr not supported : Dmpu
2025-09-13 13:40:49,278 [ERROR] ConditionMgr:805 - Attr not supported : Dmpu
2025-09-13 13:40:49,278 [ERROR] ConditionMgr:805 - Attr not supported : Dmpu
2025-09-13 13:40:49,278 [ERROR] ConditionMgr:805 - Attr not supported : Dmpu
2025-09-13 13:40:49,278 [ERROR] ConditionMgr:805 - Attr not supported : Dmpu
2025-09-13 13:40:49,278 [ERROR] ConditionMgr:805 - Attr not supported : Dmpu
2025-09-13 13:40:49,278 [ERROR] ConditionMgr:805 - Attr not supported : Dmpu
2025-09-13 13:40:49,278 [ERROR] ConditionMgr:805 - Attr not supported : Dmpu
2025-09-13 13:40:49,278 [ERROR] ConditionMgr:805 - Attr not supported : Dmpu
2025-09-13 13:40:49,278 [ERROR] ConditionMgr:805 - Attr not supported : Dmpu
2025-09-13 13:40:49,278 [ERROR] ConditionMgr:805 - Attr not supported : Dmpu
2025-09-13 13:40:49,278 [ERROR] ConditionMgr:805 - Attr not supported : Dmpu
2025-09-13 13:40:49,278 [ERROR] ConditionMgr:805 - Attr not supported : Dmpu
2025-09-13 13:40:49,278 [ERROR] ConditionMgr:805 - Attr not supported : Dmpu
2025-09-13 13:40:49,278 [ERROR] ConditionMgr:805 - Attr not supported : Dmpu
2025-09-13 13:40:49,279 [ERROR] ConditionMgr:805 - Attr not supported : Dmpu
2025-09-13 13:40:49,279 [ERROR] ConditionMgr:805 - Attr not supported : Dmpu
2025-09-13 13:40:49,279 [ERROR] ConditionMgr:805 - Attr not supported : Dmpu
2025-09-13 13:40:49,279 [ERROR] ConditionMgr:805 - Attr not supported : Dmpu
2025-09-13 13:40:49,279 [ERROR] ConditionMgr:805 - Attr not supported : Dmpu
2025-09-13 13:40:49,279 [ERROR] ConditionMgr:805 - Attr not supported : Dmpu
2025-09-13 13:40:49,279 [ERROR] ConditionMgr:805 - Attr not supported : Dmpu
2025-09-13 13:40:49,279 [ERROR] ConditionMgr:805 - Attr not supported : Dmpu
2025-09-13 13:40:49,279 [ERROR] ConditionMgr:805 - Attr not supported : Dmpu
2025-09-13 13:40:49,279 [ERROR] ConditionMgr:805 - Attr not supported : Dmpu
2025-09-13 13:40:49,279 [ERROR] ConditionMgr:805 - Attr not supported : Dmpu
2025-09-13 13:40:49,279 [ERROR] ConditionMgr:805 - Attr not supported : Dmpu
2025-09-13 13:40:49,279 [ERROR] ConditionMgr:805 - Attr not supported : Dmpu
2025-09-13 13:40:49,279 [ERROR] ConditionMgr:805 - Attr not supported : Dmpu
2025-09-13 13:40:49,279 [ERROR] ConditionMgr:805 - Attr not supported : Dmpu
2025-09-13 13:40:49,279 [ERROR] ConditionMgr:805 - Attr not supported : Dmpu
2025-09-13 13:40:49,279 [ERROR] ConditionMgr:805 - Attr not supported : Dmpu
2025-09-13 13:40:49,279 [ERROR] ConditionMgr:805 - Attr not supported : Dmpu
2025-09-13 13:40:49,280 [ERROR] ConditionMgr:805 - Attr not supported : Dmpu
2025-09-13 13:40:49,280 [ERROR] ConditionMgr:805 - Attr not supported : Dmpu
2025-09-13 13:40:49,280 [ERROR] ConditionMgr:805 - Attr not supported : Dmpu
2025-09-13 13:40:49,280 [ERROR] ConditionMgr:805 - Attr not supported : Dmpu
2025-09-13 13:40:49,280 [ERROR] ConditionMgr:805 - Attr not supported : Dmpu
2025-09-13 13:40:49,280 [ERROR] ConditionMgr:805 - Attr not supported : Dmpu
2025-09-13 13:40:49,280 [ERROR] ConditionMgr:805 - Attr not supported : Dmpu
2025-09-13 13:40:49,280 [ERROR] ConditionMgr:805 - Attr not supported : Dmpu
2025-09-13 13:40:49,280 [ERROR] ConditionMgr:805 - Attr not supported : Dmpu
2025-09-13 13:40:49,280 [ERROR] ConditionMgr:805 - Attr not supported : Dmpu
2025-09-13 13:40:49,280 [ERROR] ConditionMgr:805 - Attr not supported : Dmpu
2025-09-13 13:40:49,280 [ERROR] ConditionMgr:805 - Attr not supported : Dmpu
2025-09-13 13:40:49,280 [ERROR] ConditionMgr:805 - Attr not supported : Dmpu
2025-09-13 13:40:49,281 [ERROR] ConditionMgr:805 - Attr not supported : Dmpu
2025-09-13 13:40:49,281 [ERROR] ConditionMgr:805 - Attr not supported : Dmpu
2025-09-13 13:40:49,281 [ERROR] ConditionMgr:805 - Attr not supported : Dmpu
2025-09-13 13:40:49,281 [ERROR] ConditionMgr:805 - Attr not supported : Dmpu
2025-09-13 13:40:49,281 [ERROR] ConditionMgr:805 - Attr not supported : Dmpu
2025-09-13 13:40:49,281 [ERROR] ConditionMgr:805 - Attr not supported : Dmpu
2025-09-13 13:40:49,281 [ERROR] ConditionMgr:805 - Attr not supported : Dmpu
2025-09-13 13:40:49,281 [ERROR] ConditionMgr:805 - Attr not supported : Dmpu
2025-09-13 13:40:49,281 [ERROR] ConditionMgr:805 - Attr not supported : Dmpu
2025-09-13 13:40:49,287 [WARN] PackLoader:240 - Cannot read IP mode file for STMicroelectronics.X-CUBE-WB05N.2.0.0
2025-09-13 13:40:49,293 [ERROR] Engine:466 - C:\Users\nacho\.stm32cubemx\thirdparties\pdsc\STMicroelectronics.X-CUBE-TCPP.4.2.0.pdsc: PDSC version is not supported
2025-09-13 13:40:49,299 [WARN] PackLoader:240 - Cannot read IP mode file for RealThread.X-CUBE-RT-Thread_Nano.4.1.1
2025-09-13 13:40:49,306 [WARN] PackLoader:240 - Cannot read IP mode file for STMicroelectronics.FP-ATR-SIGFOX1.3.2.0
2025-09-13 13:40:49,313 [WARN] ConditionMgr:438 - getConditionDescription Invalid condition id : Cortex-A Device cause : null
2025-09-13 13:40:49,354 [WARN] ConditionMgr:1039 - genDependencies : Invalid condition id : Cortex-A Device cause : null
2025-09-13 13:40:49,354 [WARN] ConditionMgr:1039 - genDependencies : Invalid condition id : Cortex-A Device cause : null
2025-09-13 13:40:49,354 [WARN] ConditionMgr:1039 - genDependencies : Invalid condition id : Cortex-A Device cause : null
2025-09-13 13:40:49,359 [WARN] PackLoader:240 - Cannot read IP mode file for STMicroelectronics.X-CUBE-EEPRMA1.5.1.0
2025-09-13 13:40:49,367 [WARN] PackLoader:240 - Cannot read IP mode file for wolfSSL.I-CUBE-wolfSSL.5.7.4
2025-09-13 13:40:49,377 [WARN] PackLoader:240 - Cannot read IP mode file for ITTIA_DB.I-CUBE-ITTIADB.8.9.0
2025-09-13 13:40:49,380 [ERROR] Engine:466 - C:\Users\nacho\.stm32cubemx\thirdparties\pdsc\STMicroelectronics.X-CUBE-ST67W61.1.0.0.pdsc: PDSC version is not supported
2025-09-13 13:40:49,385 [WARN] PackLoader:240 - Cannot read IP mode file for STMicroelectronics.X-CUBE-AI.10.2.0
2025-09-13 13:40:49,424 [WARN] PackLoader:240 - Cannot read IP mode file for SEGGER.I-CUBE-embOS.1.3.1
2025-09-13 13:40:49,637 [WARN] PackLoader:240 - Cannot read IP mode file for STMicroelectronics.X-CUBE-ALGOBUILD.1.4.0
2025-09-13 13:40:49,768 [WARN] PackLoader:240 - Cannot read IP mode file for STMicroelectronics.X-CUBE-MEMS1.11.3.0
2025-09-13 13:40:49,949 [INFO] WebApp:448 - Apply proxy settings
2025-09-13 13:40:49,950 [INFO] WebApp:533 - Chromium requires no authentication
2025-09-13 13:40:49,968 [INFO] WebApp:476 - Direct internet connection detected
2025-09-13 13:40:50,034 [INFO] WebApp:869 - Register for checkConnection events
2025-09-13 13:40:50,035 [INFO] WebApp:448 - Apply proxy settings
2025-09-13 13:40:50,036 [INFO] WebApp:533 - Chromium requires no authentication
2025-09-13 13:40:50,037 [INFO] WebApp:476 - Direct internet connection detected
2025-09-13 13:40:50,044 [WARN] PackLoader:240 - Cannot read IP mode file for STMicroelectronics.X-CUBE-AI.9.1.0
2025-09-13 13:40:50,051 [WARN] PackLoader:240 - Cannot read IP mode file for STMicroelectronics.X-CUBE-PM33A1.1.0.0
2025-09-13 13:40:50,072 [WARN] PackLoader:240 - Cannot read IP mode file for STMicroelectronics.X-CUBE-AZRTOS-F4.1.1.0
2025-09-13 13:40:50,078 [ERROR] Engine:466 - C:\Users\nacho\.stm32cubemx\thirdparties\pdsc\Avnet-IotConnect.X-CUBE-IoTC-DA16k-PMOD.1.0.0.pdsc: PDSC version is not supported
2025-09-13 13:40:50,083 [WARN] PackLoader:240 - Cannot read IP mode file for STMicroelectronics.X-CUBE-ISPU.2.1.0
2025-09-13 13:40:50,090 [WARN] PackLoader:240 - Cannot read IP mode file for STMicroelectronics.X-CUBE-FREERTOS.1.2.0
2025-09-13 13:40:50,098 [WARN] PackLoader:240 - Cannot read IP mode file for STMicroelectronics.X-CUBE-NFC12.1.0.0
2025-09-13 13:40:50,120 [WARN] PackLoader:240 - Cannot read IP mode file for STMicroelectronics.X-CUBE-AZRTOS-L5.2.0.0
2025-09-13 13:40:50,131 [WARN] PackLoader:240 - Cannot read IP mode file for STMicroelectronics.X-CUBE-NFC6.3.1.0
2025-09-13 13:40:50,144 [WARN] PackLoader:240 - Cannot read IP mode file for STMicroelectronics.X-CUBE-DPower.1.2.0
2025-09-13 13:40:50,157 [WARN] PackLoader:240 - Cannot read IP mode file for STMicroelectronics.X-CUBE-FREERTOS.1.3.1
2025-09-13 13:40:50,168 [WARN] PackLoader:240 - Cannot read IP mode file for STMicroelectronics.X-CUBE-FREERTOS.1.3.0
2025-09-13 13:40:50,190 [WARN] PackLoader:240 - Cannot read IP mode file for STMicroelectronics.X-CUBE-NFC7.1.0.1
2025-09-13 13:40:50,199 [ERROR] Engine:466 - C:\Users\nacho\.stm32cubemx\thirdparties\pdsc\STMicroelectronics.FP-SNS-STAIOTCFT.1.0.0.pdsc: PDSC version is not supported
2025-09-13 13:40:50,205 [INFO] WebApp:186 - Connection restablished
2025-09-13 13:40:50,213 [WARN] PackLoader:240 - Cannot read IP mode file for STMicroelectronics.X-CUBE-DPower.1.3.0
2025-09-13 13:40:50,279 [WARN] ConditionMgr:438 - getConditionDescription Invalid condition id : LAN8742 Phy interface Condition cause : null
2025-09-13 13:40:50,280 [WARN] PackLoader:240 - Cannot read IP mode file for STMicroelectronics.X-CUBE-AZRTOS-L4.2.0.0
2025-09-13 13:40:50,282 [WARN] ConditionMgr:1039 - genDependencies : Invalid condition id : LAN8742 Phy interface Condition cause : null
2025-09-13 13:40:50,283 [WARN] ConditionMgr:1039 - genDependencies : Invalid condition id : LAN8742 Phy interface Condition cause : null
2025-09-13 13:40:50,286 [WARN] ConditionMgr:1039 - genDependencies : Invalid condition id : LAN8742 Phy interface Condition cause : null
2025-09-13 13:40:50,303 [WARN] PackLoader:240 - Cannot read IP mode file for STMicroelectronics.X-CUBE-SFXS2LP1.4.0.0
2025-09-13 13:40:50,383 [WARN] PackLoader:240 - Cannot read IP mode file for STMicroelectronics.X-CUBE-AZRTOS-H7.3.3.0
2025-09-13 13:40:50,402 [ERROR] Engine:466 - C:\Users\nacho\.stm32cubemx\thirdparties\pdsc\STMicroelectronics.X-CUBE-BLEMGR.4.1.0.pdsc: PDSC version is not supported
2025-09-13 13:40:50,431 [WARN] PackLoader:240 - Cannot read IP mode file for STMicroelectronics.X-CUBE-IPS.3.0.0
2025-09-13 13:40:50,475 [WARN] ConditionMgr:438 - getConditionDescription Invalid condition id : UX DEVICE CLASS RTOS Condition cause : null
2025-09-13 13:40:50,475 [WARN] ConditionMgr:438 - getConditionDescription Invalid condition id : UX DEVICE CLASS RTOS Condition cause : null
2025-09-13 13:40:50,479 [WARN] PackLoader:240 - Cannot read IP mode file for STMicroelectronics.X-CUBE-AZRTOS-WB.2.0.0
2025-09-13 13:40:50,480 [WARN] ConditionMgr:1039 - genDependencies : Invalid condition id : UX DEVICE CLASS RTOS Condition cause : null
2025-09-13 13:40:50,480 [WARN] ConditionMgr:1039 - genDependencies : Invalid condition id : UX DEVICE CLASS RTOS Condition cause : null
2025-09-13 13:40:50,480 [WARN] ConditionMgr:1039 - genDependencies : Invalid condition id : UX DEVICE CLASS RTOS Condition cause : null
2025-09-13 13:40:50,481 [WARN] ConditionMgr:1039 - genDependencies : Invalid condition id : UX DEVICE CLASS RTOS Condition cause : null
2025-09-13 13:40:50,481 [WARN] ConditionMgr:1039 - genDependencies : Invalid condition id : UX DEVICE CLASS RTOS Condition cause : null
2025-09-13 13:40:50,494 [WARN] PackLoader:240 - Cannot read IP mode file for STMicroelectronics.X-CUBE-GNSS1.7.0.0
2025-09-13 13:40:50,508 [WARN] PackLoader:240 - Cannot read IP mode file for STMicroelectronics.X-CUBE-GNSS1.7.0.1
2025-09-13 13:40:50,521 [WARN] PackLoader:240 - Cannot read IP mode file for STMicroelectronics.X-CUBE-TOUCHGFX.4.25.0
2025-09-13 13:40:50,541 [WARN] PackLoader:240 - Cannot read IP mode file for STMicroelectronics.FP-SNS-STBOX1.2.0.0
2025-09-13 13:40:50,568 [WARN] PackLoader:240 - Cannot read IP mode file for STMicroelectronics.X-CUBE-SUBG2.5.0.0
2025-09-13 13:40:50,586 [INFO] WebApp:220 - Starting web application
2025-09-13 13:40:50,586 [INFO] WebApp:578 - Web application path used C:\ST\STM32CubeIDE_1.16.1\STM32CubeIDE\plugins\com.st.stm32cube.common.mx_6.12.1.202409122256\db\plugins\mcufinder\reactClient1\index.html
2025-09-13 13:40:50,641 [WARN] PackLoader:240 - Cannot read IP mode file for STMicroelectronics.X-CUBE-AZRTOS-H7RS.1.1.0
2025-09-13 13:40:50,705 [WARN] PackLoader:240 - Cannot read IP mode file for Cesanta.I-CUBE-Mongoose.7.13.0
2025-09-13 13:40:50,754 [WARN] PackLoader:240 - Cannot read IP mode file for STMicroelectronics.X-CUBE-AZRTOS-G4.2.0.0
2025-09-13 13:40:50,766 [WARN] PackLoader:240 - Cannot read IP mode file for STMicroelectronics.X-CUBE-NFC7.2.0.0
2025-09-13 13:40:50,792 [ERROR] Engine:466 - C:\Users\nacho\.stm32cubemx\thirdparties\pdsc\STMicroelectronics.X-CUBE-IPS.3.1.0.pdsc: PDSC version is not supported
2025-09-13 13:40:50,825 [WARN] PackLoader:240 - Cannot read IP mode file for STMicroelectronics.X-CUBE-ALS.1.0.2
2025-09-13 13:40:50,835 [WARN] PackLoader:240 - Cannot read IP mode file for STMicroelectronics.X-CUBE-TOUCHGFX.4.24.2
2025-09-13 13:40:50,843 [WARN] PackLoader:240 - Cannot read IP mode file for STMicroelectronics.X-CUBE-TOUCHGFX.4.24.1
2025-09-13 13:40:50,859 [WARN] PackLoader:240 - Cannot read IP mode file for STMicroelectronics.X-CUBE-STSE01.1.0.0
2025-09-13 13:40:50,882 [WARN] PackLoader:240 - Cannot read IP mode file for wolfSSL.I-CUBE-wolfTPM.3.4.0
2025-09-13 13:40:50,900 [WARN] PackLoader:240 - Cannot read IP mode file for portGmbH.I-Cube-SoM-uGOAL.1.1.0
2025-09-13 13:40:50,949 [WARN] PackLoader:240 - Cannot read IP mode file for STMicroelectronics.X-CUBE-AZRTOS-H7RS.1.0.0
2025-09-13 13:40:51,009 [INFO] UserAuth:417 - Internet connection configuration mode: 1
2025-09-13 13:40:51,086 [WARN] PackLoader:240 - Cannot read IP mode file for STMicroelectronics.X-CUBE-TOF1.3.4.2
2025-09-13 13:40:51,150 [ERROR] Engine:466 - C:\Users\nacho\.stm32cubemx\thirdparties\pdsc\STMicroelectronics.X-CUBE-TOF1.3.4.3.pdsc: PDSC version is not supported
2025-09-13 13:40:51,196 [WARN] PackLoader:240 - Cannot read IP mode file for Infineon.AIROC-Wi-Fi-Bluetooth-STM32.1.6.1
2025-09-13 13:40:51,212 [WARN] PackLoader:240 - Cannot read IP mode file for wolfSSL.I-CUBE-wolfSSH.1.4.17
2025-09-13 13:40:51,214 [INFO] ThirdParty:978 - Integrity check success = true
2025-09-13 13:40:51,214 [INFO] IntegrityCheckThread:100 - exiting critical section [integrity check]
2025-09-13 13:40:51,214 [INFO] IntegrityCheckThread:103 - End integrity checks thread
2025-09-13 13:42:31,668 [ERROR] LogOutputStream:75 - [STDERR_REDIRECT] 
2025-09-13 13:42:42,168 [INFO] Activator:176 - 


2025-09-13 13:42:42,170 [INFO] Activator:177 - !SESSION log4j initialized
2025-09-13 13:42:46,808 [INFO] LogOutputStream:77 - [STDOUT_REDIRECT] 
2025-09-13 13:42:48,018 [INFO] ApplicationProperties:184 - Using Application install path: C:\ST\STM32CubeIDE_1.16.1\STM32CubeIDE\plugins\com.st.stm32cube.common.mx_6.12.1.202409122256
2025-09-13 13:42:48,036 [INFO] DbMcusXml:78 - Set database path to: C:\ST\STM32CubeIDE_1.16.1\STM32CubeIDE\plugins\com.st.stm32cube.common.mx_6.12.1.202409122256\\db\/mcu/
2025-09-13 13:42:48,037 [INFO] ApiDb:274 - Set plugin database path to: C:\ST\STM32CubeIDE_1.16.1\STM32CubeIDE\plugins\com.st.stm32cube.common.mx_6.12.1.202409122256\\db\/plugins/boardmanager/
2025-09-13 13:42:48,037 [WARN] ApiDb:259 - Overriding images path with different value:  => C:\ST\STM32CubeIDE_1.16.1\STM32CubeIDE\plugins\com.st.stm32cube.common.mx_6.12.1.202409122256\\db\/plugins/mcufinder/images/
2025-09-13 13:42:48,043 [INFO] ApiDb:250 - Set database path to: C:\Users\nacho\.stmcufinder\plugins\mcufinder//mcu/
2025-09-13 13:42:48,045 [INFO] DbMcusAds:125 - Set database path to: C:\Users\nacho\.stmcufinder\plugins\mcufinder//mcu/
2025-09-13 13:42:48,047 [INFO] CrossReferenceDbSqlite:203 - Set database path to: C:\Users\nacho\.stmcufinder\plugins\mcufinder//mcu/cs/
2025-09-13 13:42:48,151 [INFO] RulesReader:64 - Compatibility file has been processed (297 Rules)
2025-09-13 13:42:48,233 [INFO] DbMcusXml:78 - Set database path to: C:\ST\STM32CubeIDE_1.16.1\STM32CubeIDE\plugins\com.st.stm32cube.common.mx_6.12.1.202409122256\\db\/mcu/
2025-09-13 13:42:48,233 [INFO] ApiDb:274 - Set plugin database path to: C:\ST\STM32CubeIDE_1.16.1\STM32CubeIDE\plugins\com.st.stm32cube.common.mx_6.12.1.202409122256\\db\/plugins/boardmanager/
2025-09-13 13:42:48,233 [INFO] ApiDb:261 - Set plugin images path to: C:\ST\STM32CubeIDE_1.16.1\STM32CubeIDE\plugins\com.st.stm32cube.common.mx_6.12.1.202409122256\\db\/plugins/mcufinder/images/
2025-09-13 13:42:48,233 [WARN] DbFile:41 - Overriding database path with different value: C:\Users\nacho\.stmcufinder\plugins\mcufinder/ => C:\Users\nacho\.stmcufinder\plugins\mcufinder
2025-09-13 13:42:48,233 [INFO] ApiDb:250 - Set database path to: C:\Users\nacho\.stmcufinder\plugins\mcufinder//mcu/
2025-09-13 13:42:48,234 [WARN] DbFile:41 - Overriding database path with different value: C:\Users\nacho\.stmcufinder\plugins\mcufinder/ => C:\Users\nacho\.stmcufinder\plugins\mcufinder
2025-09-13 13:42:48,234 [INFO] DbMcusAds:125 - Set database path to: C:\Users\nacho\.stmcufinder\plugins\mcufinder//mcu/
2025-09-13 13:42:48,234 [WARN] DbFile:41 - Overriding database path with different value: C:\Users\nacho\.stmcufinder\plugins\mcufinder/ => C:\Users\nacho\.stmcufinder\plugins\mcufinder
2025-09-13 13:42:48,234 [WARN] DbFile:41 - Overriding database path with different value: C:\Users\nacho\.stmcufinder\plugins\mcufinder/ => C:\Users\nacho\.stmcufinder\plugins\mcufinder
2025-09-13 13:42:48,234 [INFO] CrossReferenceDbSqlite:203 - Set database path to: C:\Users\nacho\.stmcufinder\plugins\mcufinder//mcu/cs/
2025-09-13 13:42:48,344 [INFO] MainPanel:268 - HeapMemory: 268435456
2025-09-13 13:42:48,434 [INFO] DbMcusXml:78 - Set database path to: C:\ST\STM32CubeIDE_1.16.1\STM32CubeIDE\plugins\com.st.stm32cube.common.mx_6.12.1.202409122256\\db\/mcu/
2025-09-13 13:42:48,435 [INFO] ApiDb:274 - Set plugin database path to: C:\ST\STM32CubeIDE_1.16.1\STM32CubeIDE\plugins\com.st.stm32cube.common.mx_6.12.1.202409122256\\db\/plugins/boardmanager/
2025-09-13 13:42:48,435 [INFO] ApiDb:261 - Set plugin images path to: C:\ST\STM32CubeIDE_1.16.1\STM32CubeIDE\plugins\com.st.stm32cube.common.mx_6.12.1.202409122256\\db\/plugins/mcufinder/images/
2025-09-13 13:42:48,435 [WARN] DbFile:41 - Overriding database path with different value: C:\Users\nacho\.stmcufinder\plugins\mcufinder/ => C:\Users\nacho\.stmcufinder\plugins\mcufinder
2025-09-13 13:42:48,435 [INFO] ApiDb:250 - Set database path to: C:\Users\nacho\.stmcufinder\plugins\mcufinder//mcu/
2025-09-13 13:42:48,435 [WARN] DbFile:41 - Overriding database path with different value: C:\Users\nacho\.stmcufinder\plugins\mcufinder/ => C:\Users\nacho\.stmcufinder\plugins\mcufinder
2025-09-13 13:42:48,435 [INFO] DbMcusAds:125 - Set database path to: C:\Users\nacho\.stmcufinder\plugins\mcufinder//mcu/
2025-09-13 13:42:48,435 [WARN] DbFile:41 - Overriding database path with different value: C:\Users\nacho\.stmcufinder\plugins\mcufinder/ => C:\Users\nacho\.stmcufinder\plugins\mcufinder
2025-09-13 13:42:48,436 [WARN] DbFile:41 - Overriding database path with different value: C:\Users\nacho\.stmcufinder\plugins\mcufinder/ => C:\Users\nacho\.stmcufinder\plugins\mcufinder
2025-09-13 13:42:48,436 [INFO] CrossReferenceDbSqlite:203 - Set database path to: C:\Users\nacho\.stmcufinder\plugins\mcufinder//mcu/cs/
2025-09-13 13:42:48,452 [INFO] ApplicationProperties:184 - Using Application install path: C:\ST\STM32CubeIDE_1.16.1\STM32CubeIDE\plugins\com.st.stm32cube.common.mx_6.12.1.202409122256
2025-09-13 13:42:48,454 [INFO] PluginManage:196 - Search for loadable plugins [exclusion list=, ]
2025-09-13 13:42:48,455 [INFO] PluginManage:310 - Check plugin analytics
2025-09-13 13:42:48,658 [INFO] AnalyticsPlugin:253 - Accepted Software Licenses: STM32CubeMX.6.12.1,STM32CubeMX.6.15.0
2025-09-13 13:42:48,658 [INFO] AnalyticsPlugin:255 - Accepted CMSIS Pack Licenses: 
2025-09-13 13:42:48,659 [INFO] AnalyticsPlugin:257 - Accepted Firmware Licenses: FW.WL.1.3.0
2025-09-13 13:42:48,662 [INFO] PluginManage:359 - Loaded plugin analytics (category:tool,tabindex:-1)
2025-09-13 13:42:48,662 [INFO] PluginManage:310 - Check plugin cadmodel
2025-09-13 13:42:48,667 [INFO] CADModel:105 - Init CAD model plugin
2025-09-13 13:42:48,667 [INFO] PluginManage:359 - Loaded plugin cadmodel (category:power,tabindex:5)
2025-09-13 13:42:48,667 [INFO] PluginManage:310 - Check plugin clock
2025-09-13 13:42:48,679 [INFO] PluginManage:359 - Loaded plugin clock (category:base,tabindex:2)
2025-09-13 13:42:48,679 [INFO] PluginManage:310 - Check plugin ddr
2025-09-13 13:42:48,681 [INFO] PluginManage:359 - Loaded plugin ddr (category:tool,tabindex:6)
2025-09-13 13:42:48,681 [INFO] PluginManage:310 - Check plugin filemanager
2025-09-13 13:42:48,859 [INFO] PluginManage:359 - Loaded plugin filemanager (category:base,tabindex:10)
2025-09-13 13:42:48,860 [INFO] PluginManage:310 - Check plugin ipmanager
2025-09-13 13:42:48,868 [INFO] PluginManage:359 - Loaded plugin ipmanager (category:base,tabindex:5)
2025-09-13 13:42:48,868 [INFO] PluginManage:310 - Check plugin lpbam
2025-09-13 13:42:48,876 [INFO] PluginManage:359 - Loaded plugin lpbam (category:base,tabindex:0)
2025-09-13 13:42:48,877 [INFO] PluginManage:310 - Check plugin memorymap
2025-09-13 13:42:48,892 [INFO] PluginManage:359 - Loaded plugin memorymap (category:base,tabindex:4)
2025-09-13 13:42:48,892 [INFO] PluginManage:310 - Check plugin pinoutandconfiguration
2025-09-13 13:42:48,902 [INFO] PluginManage:359 - Loaded plugin pinoutandconfiguration (category:base,tabindex:1)
2025-09-13 13:42:48,903 [INFO] PluginManage:310 - Check plugin pinoutconfig
2025-09-13 13:42:48,995 [WARN] SupportedApi:132 - Cannot load RTOS API schema: s4s-elt-must-match.1: The content of 'definitions' must match (annotation?, (simpleType | complexType)?, (unique | key | keyref)*)). A problem was found starting at: attribute.
2025-09-13 13:42:49,158 [INFO] PluginManage:359 - Loaded plugin pinoutconfig (category:base,tabindex:0)
2025-09-13 13:42:49,159 [INFO] PluginManage:310 - Check plugin power
2025-09-13 13:42:49,168 [INFO] PluginManage:359 - Loaded plugin power (category:power,tabindex:4)
2025-09-13 13:42:49,168 [INFO] PluginManage:310 - Check plugin projectmanager
2025-09-13 13:42:49,188 [INFO] PluginManage:359 - Loaded plugin projectmanager (category:projectmanager,tabindex:4)
2025-09-13 13:42:49,188 [INFO] PluginManage:310 - Check plugin rif
2025-09-13 13:42:49,195 [INFO] PluginManage:359 - Loaded plugin rif (category:base,tabindex:3)
2025-09-13 13:42:49,195 [INFO] PluginManage:310 - Check plugin thirdparty
2025-09-13 13:42:49,348 [INFO] PluginManage:359 - Loaded plugin thirdparty (category:base,tabindex:-1)
2025-09-13 13:42:49,348 [INFO] PluginManage:310 - Check plugin tools
2025-09-13 13:42:49,348 [WARN] IntegrityCheckThread:84 - waiting for thirdparty lock release [integrity check]
2025-09-13 13:42:49,348 [INFO] IntegrityCheckThread:86 - entering critical section [integrity check]
2025-09-13 13:42:49,349 [INFO] ThirdPartyUpdaterWithRetryManager:70 - Updater plugin not ready yet. [1/15]
2025-09-13 13:42:49,351 [INFO] PluginManage:359 - Loaded plugin tools (category:base,tabindex:7)
2025-09-13 13:42:49,352 [INFO] PluginManage:310 - Check plugin tutovideos
2025-09-13 13:42:49,582 [INFO] PluginManage:359 - Loaded plugin tutovideos (category:base,tabindex:-1)
2025-09-13 13:42:49,582 [INFO] PluginManage:310 - Check plugin updater
2025-09-13 13:42:49,599 [INFO] PluginManage:359 - Loaded plugin updater (category:base,tabindex:12)
2025-09-13 13:42:49,600 [INFO] PluginManage:310 - Check plugin userauth
2025-09-13 13:42:49,606 [INFO] UserAuth:113 - Init User Auth plugin
2025-09-13 13:42:49,606 [INFO] PluginManage:359 - Loaded plugin userauth (category:base,tabindex:14)
2025-09-13 13:42:49,607 [INFO] PluginManage:283 - PluginManage : Loaded plugins [18]
2025-09-13 13:42:49,827 [INFO] PinOutPanel:1561 - setPackage(No Configuration,No Configuration)
2025-09-13 13:42:49,918 [INFO] CADModel:165 - CPN selected for project level
2025-09-13 13:42:49,918 [INFO] CADModel:114 - Register for checkConnection events
2025-09-13 13:42:49,935 [INFO] IPUIPlugin:80 - create IPUIPlugin
2025-09-13 13:42:49,935 [INFO] PluginManager:220 - loadIPPluginJar : add adc
2025-09-13 13:42:49,937 [INFO] IPUIPlugin:80 - create IPUIPlugin
2025-09-13 13:42:49,937 [INFO] PluginManager:220 - loadIPPluginJar : add aes
2025-09-13 13:42:49,939 [INFO] IPUIPlugin:80 - create IPUIPlugin
2025-09-13 13:42:49,940 [INFO] PluginManager:220 - loadIPPluginJar : add can
2025-09-13 13:42:49,941 [INFO] IPUIPlugin:80 - create IPUIPlugin
2025-09-13 13:42:49,942 [INFO] PluginManager:220 - loadIPPluginJar : add comp
2025-09-13 13:42:49,943 [INFO] IPUIPlugin:80 - create IPUIPlugin
2025-09-13 13:42:49,944 [INFO] PluginManager:220 - loadIPPluginJar : add cryp
2025-09-13 13:42:49,946 [INFO] IPUIPlugin:80 - create IPUIPlugin
2025-09-13 13:42:49,946 [INFO] PluginManager:220 - loadIPPluginJar : add ddr_ctrl_phy
2025-09-13 13:42:49,948 [INFO] IPUIPlugin:80 - create IPUIPlugin
2025-09-13 13:42:49,948 [INFO] PluginManager:220 - loadIPPluginJar : add dfsdm
2025-09-13 13:42:49,953 [INFO] IPUIPlugin:80 - create IPUIPlugin
2025-09-13 13:42:49,954 [INFO] PluginManager:220 - loadIPPluginJar : add dma
2025-09-13 13:42:49,956 [INFO] IPUIPlugin:80 - create IPUIPlugin
2025-09-13 13:42:49,956 [INFO] PluginManager:220 - loadIPPluginJar : add dma3
2025-09-13 13:42:49,959 [INFO] IPUIPlugin:80 - create IPUIPlugin
2025-09-13 13:42:49,959 [INFO] PluginManager:220 - loadIPPluginJar : add extmemmanager
2025-09-13 13:42:49,959 [INFO] IPUIPlugin:80 - create IPUIPlugin
2025-09-13 13:42:49,961 [INFO] PluginManager:220 - loadIPPluginJar : add fatfs
2025-09-13 13:42:49,964 [INFO] IPUIPlugin:80 - create IPUIPlugin
2025-09-13 13:42:49,964 [INFO] PluginManager:220 - loadIPPluginJar : add fmc
2025-09-13 13:42:49,969 [INFO] IPUIPlugin:80 - create IPUIPlugin
2025-09-13 13:42:49,969 [INFO] PluginManager:220 - loadIPPluginJar : add freertos
2025-09-13 13:42:49,971 [INFO] IPUIPlugin:80 - create IPUIPlugin
2025-09-13 13:42:49,971 [INFO] PluginManager:220 - loadIPPluginJar : add genericplugin
2025-09-13 13:42:49,972 [INFO] IPUIPlugin:80 - create IPUIPlugin
2025-09-13 13:42:49,973 [INFO] PluginManager:220 - loadIPPluginJar : add gfxmmu
2025-09-13 13:42:49,977 [INFO] IPUIPlugin:80 - create IPUIPlugin
2025-09-13 13:42:49,977 [INFO] PluginManager:220 - loadIPPluginJar : add gic
2025-09-13 13:42:49,981 [INFO] IPUIPlugin:80 - create IPUIPlugin
2025-09-13 13:42:49,981 [INFO] PluginManager:220 - loadIPPluginJar : add gpio
2025-09-13 13:42:49,983 [INFO] IPUIPlugin:80 - create IPUIPlugin
2025-09-13 13:42:49,983 [INFO] PluginManager:220 - loadIPPluginJar : add gtzc
2025-09-13 13:42:49,985 [INFO] IPUIPlugin:80 - create IPUIPlugin
2025-09-13 13:42:49,986 [INFO] PluginManager:220 - loadIPPluginJar : add hash
2025-09-13 13:42:49,988 [INFO] IPUIPlugin:80 - create IPUIPlugin
2025-09-13 13:42:49,988 [INFO] PluginManager:220 - loadIPPluginJar : add i2c
2025-09-13 13:42:49,990 [INFO] IPUIPlugin:80 - create IPUIPlugin
2025-09-13 13:42:49,990 [INFO] PluginManager:220 - loadIPPluginJar : add i2s
2025-09-13 13:42:49,992 [INFO] IPUIPlugin:80 - create IPUIPlugin
2025-09-13 13:42:49,993 [INFO] PluginManager:220 - loadIPPluginJar : add i3c
2025-09-13 13:42:49,996 [INFO] IPUIPlugin:80 - create IPUIPlugin
2025-09-13 13:42:49,996 [INFO] PluginManager:220 - loadIPPluginJar : add ipddr
2025-09-13 13:42:50,003 [INFO] IPUIPlugin:80 - create IPUIPlugin
2025-09-13 13:42:50,004 [INFO] PluginManager:220 - loadIPPluginJar : add linkedlist
2025-09-13 13:42:50,006 [INFO] IPUIPlugin:80 - create IPUIPlugin
2025-09-13 13:42:50,007 [INFO] PluginManager:220 - loadIPPluginJar : add lorawan
2025-09-13 13:42:50,008 [INFO] IPUIPlugin:80 - create IPUIPlugin
2025-09-13 13:42:50,008 [INFO] PluginManager:220 - loadIPPluginJar : add ltdc
2025-09-13 13:42:50,014 [INFO] IPUIPlugin:80 - create IPUIPlugin
2025-09-13 13:42:50,014 [INFO] PluginManager:220 - loadIPPluginJar : add mdma
2025-09-13 13:42:50,018 [INFO] IPUIPlugin:80 - create IPUIPlugin
2025-09-13 13:42:50,018 [INFO] PluginManager:220 - loadIPPluginJar : add nvic
2025-09-13 13:42:50,020 [INFO] IPUIPlugin:80 - create IPUIPlugin
2025-09-13 13:42:50,020 [INFO] PluginManager:220 - loadIPPluginJar : add opamp
2025-09-13 13:42:50,024 [INFO] IPUIPlugin:80 - create IPUIPlugin
2025-09-13 13:42:50,024 [INFO] PluginManager:220 - loadIPPluginJar : add openamp
2025-09-13 13:42:50,027 [INFO] IPUIPlugin:80 - create IPUIPlugin
2025-09-13 13:42:50,027 [INFO] PluginManager:220 - loadIPPluginJar : add pdm2pcm
2025-09-13 13:42:50,033 [INFO] IPUIPlugin:80 - create IPUIPlugin
2025-09-13 13:42:50,036 [INFO] PluginManager:220 - loadIPPluginJar : add plateformsettings
2025-09-13 13:42:50,038 [INFO] IPUIPlugin:80 - create IPUIPlugin
2025-09-13 13:42:50,038 [INFO] PluginManager:220 - loadIPPluginJar : add quadspi
2025-09-13 13:42:50,040 [INFO] IPUIPlugin:80 - create IPUIPlugin
2025-09-13 13:42:50,041 [INFO] PluginManager:220 - loadIPPluginJar : add radio
2025-09-13 13:42:50,044 [INFO] IPUIPlugin:80 - create IPUIPlugin
2025-09-13 13:42:50,044 [INFO] PluginManager:220 - loadIPPluginJar : add resmgrutility
2025-09-13 13:42:50,048 [INFO] IPUIPlugin:80 - create IPUIPlugin
2025-09-13 13:42:50,048 [INFO] PluginManager:220 - loadIPPluginJar : add sai
2025-09-13 13:42:50,050 [INFO] IPUIPlugin:80 - create IPUIPlugin
2025-09-13 13:42:50,050 [INFO] PluginManager:220 - loadIPPluginJar : add spi
2025-09-13 13:42:50,055 [INFO] IPUIPlugin:80 - create IPUIPlugin
2025-09-13 13:42:50,055 [INFO] PluginManager:220 - loadIPPluginJar : add stm32_wpan
2025-09-13 13:42:50,057 [INFO] IPUIPlugin:80 - create IPUIPlugin
2025-09-13 13:42:50,057 [INFO] PluginManager:220 - loadIPPluginJar : add tim
2025-09-13 13:42:50,061 [INFO] IPUIPlugin:80 - create IPUIPlugin
2025-09-13 13:42:50,061 [INFO] PluginManager:220 - loadIPPluginJar : add touchsensing
2025-09-13 13:42:50,063 [INFO] IPUIPlugin:80 - create IPUIPlugin
2025-09-13 13:42:50,063 [INFO] PluginManager:220 - loadIPPluginJar : add tracer_emb
2025-09-13 13:42:50,065 [INFO] IPUIPlugin:80 - create IPUIPlugin
2025-09-13 13:42:50,066 [INFO] PluginManager:220 - loadIPPluginJar : add ts
2025-09-13 13:42:50,067 [INFO] IPUIPlugin:80 - create IPUIPlugin
2025-09-13 13:42:50,068 [INFO] PluginManager:220 - loadIPPluginJar : add tsc
2025-09-13 13:42:50,069 [INFO] IPUIPlugin:80 - create IPUIPlugin
2025-09-13 13:42:50,069 [INFO] PluginManager:220 - loadIPPluginJar : add ucpd
2025-09-13 13:42:50,071 [INFO] IPUIPlugin:80 - create IPUIPlugin
2025-09-13 13:42:50,071 [INFO] PluginManager:220 - loadIPPluginJar : add usart
2025-09-13 13:42:50,075 [INFO] IPUIPlugin:80 - create IPUIPlugin
2025-09-13 13:42:50,075 [INFO] PluginManager:220 - loadIPPluginJar : add usbx
2025-09-13 13:42:50,200 [INFO] CADModel:165 - CPN selected for project level
2025-09-13 13:42:50,200 [INFO] CADModel:114 - Register for checkConnection events
2025-09-13 13:42:50,200 [FATAL] Updater:334 - Updater called before beeing initialized
2025-09-13 13:42:50,200 [ERROR] CADModel:125 - Updater not yet initialized, retry later 
2025-09-13 13:42:50,313 [INFO] CADModel:165 - CPN selected for project level
2025-09-13 13:42:50,313 [INFO] CADModel:114 - Register for checkConnection events
2025-09-13 13:42:50,313 [FATAL] Updater:334 - Updater called before beeing initialized
2025-09-13 13:42:50,313 [ERROR] CADModel:125 - Updater not yet initialized, retry later 
2025-09-13 13:42:50,317 [FATAL] Updater:334 - Updater called before beeing initialized
2025-09-13 13:42:50,416 [FATAL] Updater:334 - Updater called before beeing initialized
2025-09-13 13:42:50,420 [INFO] DbMcusAds:53 - JSON generation date=Tue Jul 08 05:14:23 ART 2025 (1751962463582)
2025-09-13 13:42:50,421 [FATAL] Updater:334 - Updater called before beeing initialized
2025-09-13 13:42:50,454 [WARN] DetailPanel:346 - Failed to get advertising image, set to default
2025-09-13 13:42:50,560 [FATAL] Updater:334 - Updater called before beeing initialized
2025-09-13 13:42:50,562 [FATAL] Updater:334 - Updater called before beeing initialized
2025-09-13 13:42:50,562 [FATAL] Updater:334 - Updater called before beeing initialized
2025-09-13 13:42:50,562 [WARN] DetailPanel:346 - Failed to get advertising image, set to default
2025-09-13 13:42:50,563 [FATAL] Updater:334 - Updater called before beeing initialized
2025-09-13 13:42:50,604 [ERROR] Updater:1164 - MainUpdater not yet initialized. External WinMGr cannot be set.
2025-09-13 13:42:50,606 [INFO] Updater:1100 - Updater Version found : 6.12.1
2025-09-13 13:42:50,626 [INFO] ApplicationProperties:184 - Using Application install path: C:\ST\STM32CubeIDE_1.16.1\STM32CubeIDE\plugins\com.st.stm32cube.common.mx_6.12.1.202409122256
2025-09-13 13:42:50,970 [INFO] MainUpdater:2873 - connection check result : 10
2025-09-13 13:42:50,971 [INFO] MainUpdater:290 - Updater Check For Update Now.
2025-09-13 13:42:50,971 [INFO] MicroXplorer:498 - Change Database Version : DB.6.0.121
2025-09-13 13:42:50,979 [INFO] McuFinderGlobals:63 - Set McuFinder mode to 2 (CubeIDE integrated)
2025-09-13 13:42:50,979 [INFO] UserAuth:417 - Internet connection configuration mode: 1
2025-09-13 13:42:51,002 [INFO] JxBrowserEngine:152 - Initiate JxBrowser Engine with user profile folder
2025-09-13 13:42:51,173 [INFO] CheckServerUpdateThread:120 - End of CheckServer Thread
2025-09-13 13:42:51,684 [INFO] WebApp:167 - Instantiating new browser for Auth
2025-09-13 13:42:52,590 [INFO] WebApp:448 - Apply proxy settings
2025-09-13 13:42:52,591 [INFO] WebApp:533 - Chromium requires no authentication
2025-09-13 13:42:52,609 [INFO] WebApp:476 - Direct internet connection detected
2025-09-13 13:42:52,667 [INFO] WebApp:869 - Register for checkConnection events
2025-09-13 13:42:52,667 [INFO] WebApp:448 - Apply proxy settings
2025-09-13 13:42:52,667 [INFO] WebApp:533 - Chromium requires no authentication
2025-09-13 13:42:52,668 [INFO] WebApp:476 - Direct internet connection detected
2025-09-13 13:42:52,771 [WARN] PackLoader:240 - Cannot read IP mode file for STMicroelectronics.FP-SNS-MOTENVWB1.1.4.0
2025-09-13 13:42:52,784 [WARN] PackLoader:240 - Cannot read IP mode file for STMicroelectronics.FP-ATR-ASTRA1.2.0.2
2025-09-13 13:42:52,791 [WARN] PackLoader:240 - Cannot read IP mode file for STMicroelectronics.FP-ATR-ASTRA1.2.0.1
2025-09-13 13:42:52,816 [WARN] PackLoader:240 - Cannot read IP mode file for STMicroelectronics.X-CUBE-SMBUS.2.1.0
2025-09-13 13:42:52,836 [WARN] PackLoader:240 - Cannot read IP mode file for STMicroelectronics.X-CUBE-WB05N.1.1.0
2025-09-13 13:42:52,843 [INFO] WebApp:186 - Connection restablished
2025-09-13 13:42:52,847 [ERROR] Engine:466 - C:\Users\nacho\.stm32cubemx\thirdparties\pdsc\STMicroelectronics.X-CUBE-ST60.1.0.0.pdsc: PDSC version is not supported
2025-09-13 13:42:52,908 [WARN] PackLoader:240 - Cannot read IP mode file for STMicroelectronics.X-CUBE-AZRTOS-F7.1.1.0
2025-09-13 13:42:53,009 [WARN] PackLoader:240 - Cannot read IP mode file for STMicroelectronics.X-CUBE-MEMS1.11.0.0
2025-09-13 13:42:53,187 [INFO] WebApp:220 - Starting web application
2025-09-13 13:42:53,188 [INFO] WebApp:578 - Web application path used C:\ST\STM32CubeIDE_1.16.1\STM32CubeIDE\plugins\com.st.stm32cube.common.mx_6.12.1.202409122256\db\plugins\mcufinder\reactClient1\index.html
2025-09-13 13:42:53,222 [WARN] PackLoader:240 - Cannot read IP mode file for STMicroelectronics.FP-SNS-FLIGHT1.5.0.2
2025-09-13 13:42:53,261 [WARN] PackLoader:240 - Cannot read IP mode file for STMicroelectronics.X-CUBE-AZRTOS-H7.3.4.0
2025-09-13 13:42:53,276 [WARN] PackLoader:240 - Cannot read IP mode file for STMicroelectronics.X-CUBE-DISPLAY.3.0.0
2025-09-13 13:42:53,288 [WARN] PackLoader:240 - Cannot read IP mode file for STMicroelectronics.X-CUBE-BLE1.7.0.0
2025-09-13 13:42:53,296 [WARN] PackLoader:240 - Cannot read IP mode file for STMicroelectronics.X-CUBE-NFC10.1.0.0
2025-09-13 13:42:53,311 [WARN] PackLoader:240 - Cannot read IP mode file for STMicroelectronics.X-CUBE-BLEMGR.4.0.0
2025-09-13 13:42:53,323 [WARN] PackLoader:240 - Cannot read IP mode file for emotas.I-CUBE-CANOPEN.1.3.0
2025-09-13 13:42:53,334 [WARN] PackLoader:240 - Cannot read IP mode file for STMicroelectronics.X-CUBE-BLEMGR.3.1.0
2025-09-13 13:42:53,343 [WARN] PackLoader:240 - Cannot read IP mode file for STMicroelectronics.X-CUBE-AI.10.0.0
2025-09-13 13:42:53,349 [ERROR] Engine:466 - C:\Users\nacho\.stm32cubemx\thirdparties\pdsc\STMicroelectronics.FP-SNS-STBOX1.2.1.0.pdsc: PDSC version is not supported
2025-09-13 13:42:53,357 [WARN] PackLoader:240 - Cannot read IP mode file for STMicroelectronics.FP-SNS-SMARTAG2.1.2.0
2025-09-13 13:42:53,361 [ERROR] Engine:466 - C:\Users\nacho\.stm32cubemx\thirdparties\pdsc\STMicroelectronics.FP-SNS-FLIGHT1.5.1.0.pdsc: PDSC version is not supported
2025-09-13 13:42:53,406 [INFO] UserAuth:417 - Internet connection configuration mode: 1
2025-09-13 13:42:53,436 [WARN] PackLoader:240 - Cannot read IP mode file for STMicroelectronics.X-CUBE-MEMS1.11.1.0
2025-09-13 13:42:53,672 [INFO] LogOutputStream:77 - [STDOUT_REDIRECT] 1 : Invalid condition id : UX_CORESTACK_Condition cause : null
2025-09-13 13:42:53,673 [INFO] LogOutputStream:77 - [STDOUT_REDIRECT] 1 : Invalid condition id : UX_CORESTACK_Condition cause : null
2025-09-13 13:42:53,676 [INFO] LogOutputStream:77 - [STDOUT_REDIRECT] 1 : Invalid condition id : UX_CORESTACK_Condition cause : null
2025-09-13 13:42:53,677 [INFO] LogOutputStream:77 - [STDOUT_REDIRECT] 1 : Invalid condition id : UX_CORESTACK_Condition cause : null
2025-09-13 13:42:53,679 [INFO] LogOutputStream:77 - [STDOUT_REDIRECT] 1 : Invalid condition id : UX_CORESTACK_Condition cause : null
2025-09-13 13:42:53,684 [WARN] PackLoader:240 - Cannot read IP mode file for STMicroelectronics.X-CUBE-AZRTOS-WL.2.0.0
2025-09-13 13:42:53,702 [WARN] PackLoader:240 - Cannot read IP mode file for STMicroelectronics.FP-SNS-MOTENV1.5.0.0
2025-09-13 13:42:53,709 [WARN] PackLoader:240 - Cannot read IP mode file for wolfSSL.I-CUBE-wolfMQTT.1.19.0
2025-09-13 13:42:53,720 [WARN] PackLoader:240 - Cannot read IP mode file for WES.I-CUBE-Cesium.1.3.0
2025-09-13 13:42:53,727 [WARN] PackLoader:240 - Cannot read IP mode file for STMicroelectronics.X-CUBE-BLE2.3.3.0
2025-09-13 13:42:53,737 [WARN] PackLoader:240 - Cannot read IP mode file for STMicroelectronics.X-CUBE-NFC9.1.0.0
2025-09-13 13:42:53,748 [WARN] PackLoader:240 - Cannot read IP mode file for STMicroelectronics.X-CUBE-BLE1.7.1.0
2025-09-13 13:42:53,757 [WARN] PackLoader:240 - Cannot read IP mode file for STMicroelectronics.X-CUBE-TCPP.4.1.0
2025-09-13 13:42:53,774 [WARN] PackLoader:240 - Cannot read IP mode file for STMicroelectronics.X-CUBE-EEPRMA1.5.2.0
2025-09-13 13:42:53,782 [WARN] PackLoader:240 - Cannot read IP mode file for STMicroelectronics.X-CUBE-AI.10.1.0
2025-09-13 13:42:53,849 [WARN] PackLoader:240 - Cannot read IP mode file for STMicroelectronics.X-CUBE-MEMS1.11.2.0
2025-09-13 13:42:54,000 [WARN] PackLoader:240 - Cannot read IP mode file for STMicroelectronics.X-CUBE-AZRTOS-G0.1.1.0
2025-09-13 13:42:54,015 [WARN] PackLoader:240 - Cannot read IP mode file for STMicroelectronics.X-CUBE-SAFEA1.1.2.2
2025-09-13 13:42:54,025 [WARN] PackLoader:240 - Cannot read IP mode file for STMicroelectronics.X-CUBE-NFC4.3.0.0
2025-09-13 13:42:54,039 [WARN] PackLoader:240 - Cannot read IP mode file for EmbeddedOffice.I-CUBE-FS-RTOS.1.0.1
2025-09-13 13:42:54,039 [ERROR] ConditionMgr:805 - Attr not supported : Dmpu
2025-09-13 13:42:54,039 [ERROR] ConditionMgr:805 - Attr not supported : Dmpu
2025-09-13 13:42:54,040 [ERROR] ConditionMgr:805 - Attr not supported : Dmpu
2025-09-13 13:42:54,040 [ERROR] ConditionMgr:805 - Attr not supported : Dmpu
2025-09-13 13:42:54,040 [ERROR] ConditionMgr:805 - Attr not supported : Dmpu
2025-09-13 13:42:54,040 [ERROR] ConditionMgr:805 - Attr not supported : Dmpu
2025-09-13 13:42:54,040 [ERROR] ConditionMgr:805 - Attr not supported : Dmpu
2025-09-13 13:42:54,040 [ERROR] ConditionMgr:805 - Attr not supported : Dmpu
2025-09-13 13:42:54,040 [ERROR] ConditionMgr:805 - Attr not supported : Dmpu
2025-09-13 13:42:54,040 [ERROR] ConditionMgr:805 - Attr not supported : Dmpu
2025-09-13 13:42:54,040 [ERROR] ConditionMgr:805 - Attr not supported : Dmpu
2025-09-13 13:42:54,040 [ERROR] ConditionMgr:805 - Attr not supported : Dmpu
2025-09-13 13:42:54,040 [ERROR] ConditionMgr:805 - Attr not supported : Dmpu
2025-09-13 13:42:54,040 [ERROR] ConditionMgr:805 - Attr not supported : Dmpu
2025-09-13 13:42:54,041 [ERROR] ConditionMgr:805 - Attr not supported : Dmpu
2025-09-13 13:42:54,041 [ERROR] ConditionMgr:805 - Attr not supported : Dmpu
2025-09-13 13:42:54,041 [ERROR] ConditionMgr:805 - Attr not supported : Dmpu
2025-09-13 13:42:54,041 [ERROR] ConditionMgr:805 - Attr not supported : Dmpu
2025-09-13 13:42:54,041 [ERROR] ConditionMgr:805 - Attr not supported : Dmpu
2025-09-13 13:42:54,041 [ERROR] ConditionMgr:805 - Attr not supported : Dmpu
2025-09-13 13:42:54,041 [ERROR] ConditionMgr:805 - Attr not supported : Dmpu
2025-09-13 13:42:54,041 [ERROR] ConditionMgr:805 - Attr not supported : Dmpu
2025-09-13 13:42:54,041 [ERROR] ConditionMgr:805 - Attr not supported : Dmpu
2025-09-13 13:42:54,041 [ERROR] ConditionMgr:805 - Attr not supported : Dmpu
2025-09-13 13:42:54,041 [ERROR] ConditionMgr:805 - Attr not supported : Dmpu
2025-09-13 13:42:54,041 [ERROR] ConditionMgr:805 - Attr not supported : Dmpu
2025-09-13 13:42:54,041 [ERROR] ConditionMgr:805 - Attr not supported : Dmpu
2025-09-13 13:42:54,041 [ERROR] ConditionMgr:805 - Attr not supported : Dmpu
2025-09-13 13:42:54,042 [ERROR] ConditionMgr:805 - Attr not supported : Dmpu
2025-09-13 13:42:54,042 [ERROR] ConditionMgr:805 - Attr not supported : Dmpu
2025-09-13 13:42:54,042 [ERROR] ConditionMgr:805 - Attr not supported : Dmpu
2025-09-13 13:42:54,042 [ERROR] ConditionMgr:805 - Attr not supported : Dmpu
2025-09-13 13:42:54,042 [ERROR] ConditionMgr:805 - Attr not supported : Dmpu
2025-09-13 13:42:54,042 [ERROR] ConditionMgr:805 - Attr not supported : Dmpu
2025-09-13 13:42:54,042 [ERROR] ConditionMgr:805 - Attr not supported : Dmpu
2025-09-13 13:42:54,042 [ERROR] ConditionMgr:805 - Attr not supported : Dmpu
2025-09-13 13:42:54,042 [ERROR] ConditionMgr:805 - Attr not supported : Dmpu
2025-09-13 13:42:54,042 [ERROR] ConditionMgr:805 - Attr not supported : Dmpu
2025-09-13 13:42:54,042 [ERROR] ConditionMgr:805 - Attr not supported : Dmpu
2025-09-13 13:42:54,042 [ERROR] ConditionMgr:805 - Attr not supported : Dmpu
2025-09-13 13:42:54,043 [ERROR] ConditionMgr:805 - Attr not supported : Dmpu
2025-09-13 13:42:54,043 [ERROR] ConditionMgr:805 - Attr not supported : Dmpu
2025-09-13 13:42:54,043 [ERROR] ConditionMgr:805 - Attr not supported : Dmpu
2025-09-13 13:42:54,043 [ERROR] ConditionMgr:805 - Attr not supported : Dmpu
2025-09-13 13:42:54,043 [ERROR] ConditionMgr:805 - Attr not supported : Dmpu
2025-09-13 13:42:54,044 [ERROR] ConditionMgr:805 - Attr not supported : Dmpu
2025-09-13 13:42:54,044 [ERROR] ConditionMgr:805 - Attr not supported : Dmpu
2025-09-13 13:42:54,044 [ERROR] ConditionMgr:805 - Attr not supported : Dmpu
2025-09-13 13:42:54,044 [ERROR] ConditionMgr:805 - Attr not supported : Dmpu
2025-09-13 13:42:54,044 [ERROR] ConditionMgr:805 - Attr not supported : Dmpu
2025-09-13 13:42:54,044 [ERROR] ConditionMgr:805 - Attr not supported : Dmpu
2025-09-13 13:42:54,044 [ERROR] ConditionMgr:805 - Attr not supported : Dmpu
2025-09-13 13:42:54,045 [ERROR] ConditionMgr:805 - Attr not supported : Dmpu
2025-09-13 13:42:54,045 [ERROR] ConditionMgr:805 - Attr not supported : Dmpu
2025-09-13 13:42:54,045 [ERROR] ConditionMgr:805 - Attr not supported : Dmpu
2025-09-13 13:42:54,045 [ERROR] ConditionMgr:805 - Attr not supported : Dmpu
2025-09-13 13:42:54,045 [ERROR] ConditionMgr:805 - Attr not supported : Dmpu
2025-09-13 13:42:54,045 [ERROR] ConditionMgr:805 - Attr not supported : Dmpu
2025-09-13 13:42:54,045 [ERROR] ConditionMgr:805 - Attr not supported : Dmpu
2025-09-13 13:42:54,045 [ERROR] ConditionMgr:805 - Attr not supported : Dmpu
2025-09-13 13:42:54,045 [ERROR] ConditionMgr:805 - Attr not supported : Dmpu
2025-09-13 13:42:54,045 [ERROR] ConditionMgr:805 - Attr not supported : Dmpu
2025-09-13 13:42:54,046 [ERROR] ConditionMgr:805 - Attr not supported : Dmpu
2025-09-13 13:42:54,046 [ERROR] ConditionMgr:805 - Attr not supported : Dmpu
2025-09-13 13:42:54,053 [WARN] PackLoader:240 - Cannot read IP mode file for STMicroelectronics.X-CUBE-WB05N.2.0.0
2025-09-13 13:42:54,060 [ERROR] Engine:466 - C:\Users\nacho\.stm32cubemx\thirdparties\pdsc\STMicroelectronics.X-CUBE-TCPP.4.2.0.pdsc: PDSC version is not supported
2025-09-13 13:42:54,070 [WARN] PackLoader:240 - Cannot read IP mode file for RealThread.X-CUBE-RT-Thread_Nano.4.1.1
2025-09-13 13:42:54,086 [WARN] PackLoader:240 - Cannot read IP mode file for STMicroelectronics.FP-ATR-SIGFOX1.3.2.0
2025-09-13 13:42:54,093 [WARN] ConditionMgr:438 - getConditionDescription Invalid condition id : Cortex-A Device cause : null
2025-09-13 13:42:54,113 [WARN] ConditionMgr:1039 - genDependencies : Invalid condition id : Cortex-A Device cause : null
2025-09-13 13:42:54,113 [WARN] ConditionMgr:1039 - genDependencies : Invalid condition id : Cortex-A Device cause : null
2025-09-13 13:42:54,113 [WARN] ConditionMgr:1039 - genDependencies : Invalid condition id : Cortex-A Device cause : null
2025-09-13 13:42:54,119 [WARN] PackLoader:240 - Cannot read IP mode file for STMicroelectronics.X-CUBE-EEPRMA1.5.1.0
2025-09-13 13:42:54,128 [WARN] PackLoader:240 - Cannot read IP mode file for wolfSSL.I-CUBE-wolfSSL.5.7.4
2025-09-13 13:42:54,136 [WARN] PackLoader:240 - Cannot read IP mode file for ITTIA_DB.I-CUBE-ITTIADB.8.9.0
2025-09-13 13:42:54,139 [ERROR] Engine:466 - C:\Users\nacho\.stm32cubemx\thirdparties\pdsc\STMicroelectronics.X-CUBE-ST67W61.1.0.0.pdsc: PDSC version is not supported
2025-09-13 13:42:54,143 [WARN] PackLoader:240 - Cannot read IP mode file for STMicroelectronics.X-CUBE-AI.10.2.0
2025-09-13 13:42:54,179 [WARN] PackLoader:240 - Cannot read IP mode file for SEGGER.I-CUBE-embOS.1.3.1
2025-09-13 13:42:54,223 [WARN] PackLoader:240 - Cannot read IP mode file for STMicroelectronics.X-CUBE-ALGOBUILD.1.4.0
2025-09-13 13:42:54,269 [WARN] PackLoader:240 - Cannot read IP mode file for STMicroelectronics.X-CUBE-MEMS1.11.3.0
2025-09-13 13:42:54,415 [WARN] PackLoader:240 - Cannot read IP mode file for STMicroelectronics.X-CUBE-AI.9.1.0
2025-09-13 13:42:54,420 [WARN] PackLoader:240 - Cannot read IP mode file for STMicroelectronics.X-CUBE-PM33A1.1.0.0
2025-09-13 13:42:54,436 [WARN] PackLoader:240 - Cannot read IP mode file for STMicroelectronics.X-CUBE-AZRTOS-F4.1.1.0
2025-09-13 13:42:54,442 [ERROR] Engine:466 - C:\Users\nacho\.stm32cubemx\thirdparties\pdsc\Avnet-IotConnect.X-CUBE-IoTC-DA16k-PMOD.1.0.0.pdsc: PDSC version is not supported
2025-09-13 13:42:54,447 [WARN] PackLoader:240 - Cannot read IP mode file for STMicroelectronics.X-CUBE-ISPU.2.1.0
2025-09-13 13:42:54,454 [WARN] PackLoader:240 - Cannot read IP mode file for STMicroelectronics.X-CUBE-FREERTOS.1.2.0
2025-09-13 13:42:54,462 [WARN] PackLoader:240 - Cannot read IP mode file for STMicroelectronics.X-CUBE-NFC12.1.0.0
2025-09-13 13:42:54,480 [WARN] PackLoader:240 - Cannot read IP mode file for STMicroelectronics.X-CUBE-AZRTOS-L5.2.0.0
2025-09-13 13:42:54,487 [WARN] PackLoader:240 - Cannot read IP mode file for STMicroelectronics.X-CUBE-NFC6.3.1.0
2025-09-13 13:42:54,494 [WARN] PackLoader:240 - Cannot read IP mode file for STMicroelectronics.X-CUBE-DPower.1.2.0
2025-09-13 13:42:54,500 [WARN] PackLoader:240 - Cannot read IP mode file for STMicroelectronics.X-CUBE-FREERTOS.1.3.1
2025-09-13 13:42:54,506 [WARN] PackLoader:240 - Cannot read IP mode file for STMicroelectronics.X-CUBE-FREERTOS.1.3.0
2025-09-13 13:42:54,511 [WARN] PackLoader:240 - Cannot read IP mode file for STMicroelectronics.X-CUBE-NFC7.1.0.1
2025-09-13 13:42:54,514 [ERROR] Engine:466 - C:\Users\nacho\.stm32cubemx\thirdparties\pdsc\STMicroelectronics.FP-SNS-STAIOTCFT.1.0.0.pdsc: PDSC version is not supported
2025-09-13 13:42:54,518 [WARN] PackLoader:240 - Cannot read IP mode file for STMicroelectronics.X-CUBE-DPower.1.3.0
2025-09-13 13:42:54,543 [WARN] ConditionMgr:438 - getConditionDescription Invalid condition id : LAN8742 Phy interface Condition cause : null
2025-09-13 13:42:54,545 [WARN] PackLoader:240 - Cannot read IP mode file for STMicroelectronics.X-CUBE-AZRTOS-L4.2.0.0
2025-09-13 13:42:54,547 [WARN] ConditionMgr:1039 - genDependencies : Invalid condition id : LAN8742 Phy interface Condition cause : null
2025-09-13 13:42:54,547 [WARN] ConditionMgr:1039 - genDependencies : Invalid condition id : LAN8742 Phy interface Condition cause : null
2025-09-13 13:42:54,548 [WARN] ConditionMgr:1039 - genDependencies : Invalid condition id : LAN8742 Phy interface Condition cause : null
2025-09-13 13:42:54,560 [WARN] PackLoader:240 - Cannot read IP mode file for STMicroelectronics.X-CUBE-SFXS2LP1.4.0.0
2025-09-13 13:42:54,595 [WARN] PackLoader:240 - Cannot read IP mode file for STMicroelectronics.X-CUBE-AZRTOS-H7.3.3.0
2025-09-13 13:42:54,613 [ERROR] Engine:466 - C:\Users\nacho\.stm32cubemx\thirdparties\pdsc\STMicroelectronics.X-CUBE-BLEMGR.4.1.0.pdsc: PDSC version is not supported
2025-09-13 13:42:54,628 [WARN] PackLoader:240 - Cannot read IP mode file for STMicroelectronics.X-CUBE-IPS.3.0.0
2025-09-13 13:42:54,652 [WARN] ConditionMgr:438 - getConditionDescription Invalid condition id : UX DEVICE CLASS RTOS Condition cause : null
2025-09-13 13:42:54,652 [WARN] ConditionMgr:438 - getConditionDescription Invalid condition id : UX DEVICE CLASS RTOS Condition cause : null
2025-09-13 13:42:54,655 [WARN] PackLoader:240 - Cannot read IP mode file for STMicroelectronics.X-CUBE-AZRTOS-WB.2.0.0
2025-09-13 13:42:54,656 [WARN] ConditionMgr:1039 - genDependencies : Invalid condition id : UX DEVICE CLASS RTOS Condition cause : null
2025-09-13 13:42:54,656 [WARN] ConditionMgr:1039 - genDependencies : Invalid condition id : UX DEVICE CLASS RTOS Condition cause : null
2025-09-13 13:42:54,657 [WARN] ConditionMgr:1039 - genDependencies : Invalid condition id : UX DEVICE CLASS RTOS Condition cause : null
2025-09-13 13:42:54,657 [WARN] ConditionMgr:1039 - genDependencies : Invalid condition id : UX DEVICE CLASS RTOS Condition cause : null
2025-09-13 13:42:54,657 [WARN] ConditionMgr:1039 - genDependencies : Invalid condition id : UX DEVICE CLASS RTOS Condition cause : null
2025-09-13 13:42:54,666 [WARN] PackLoader:240 - Cannot read IP mode file for STMicroelectronics.X-CUBE-GNSS1.7.0.0
2025-09-13 13:42:54,671 [WARN] PackLoader:240 - Cannot read IP mode file for STMicroelectronics.X-CUBE-GNSS1.7.0.1
2025-09-13 13:42:54,680 [WARN] PackLoader:240 - Cannot read IP mode file for STMicroelectronics.X-CUBE-TOUCHGFX.4.25.0
2025-09-13 13:42:54,687 [WARN] PackLoader:240 - Cannot read IP mode file for STMicroelectronics.FP-SNS-STBOX1.2.0.0
2025-09-13 13:42:54,700 [WARN] PackLoader:240 - Cannot read IP mode file for STMicroelectronics.X-CUBE-SUBG2.5.0.0
2025-09-13 13:42:54,724 [WARN] PackLoader:240 - Cannot read IP mode file for STMicroelectronics.X-CUBE-AZRTOS-H7RS.1.1.0
2025-09-13 13:42:54,734 [WARN] PackLoader:240 - Cannot read IP mode file for Cesanta.I-CUBE-Mongoose.7.13.0
2025-09-13 13:42:54,749 [WARN] PackLoader:240 - Cannot read IP mode file for STMicroelectronics.X-CUBE-AZRTOS-G4.2.0.0
2025-09-13 13:42:54,755 [WARN] PackLoader:240 - Cannot read IP mode file for STMicroelectronics.X-CUBE-NFC7.2.0.0
2025-09-13 13:42:54,760 [ERROR] Engine:466 - C:\Users\nacho\.stm32cubemx\thirdparties\pdsc\STMicroelectronics.X-CUBE-IPS.3.1.0.pdsc: PDSC version is not supported
2025-09-13 13:42:54,765 [WARN] PackLoader:240 - Cannot read IP mode file for STMicroelectronics.X-CUBE-ALS.1.0.2
2025-09-13 13:42:54,769 [WARN] PackLoader:240 - Cannot read IP mode file for STMicroelectronics.X-CUBE-TOUCHGFX.4.24.2
2025-09-13 13:42:54,772 [WARN] PackLoader:240 - Cannot read IP mode file for STMicroelectronics.X-CUBE-TOUCHGFX.4.24.1
2025-09-13 13:42:54,778 [WARN] PackLoader:240 - Cannot read IP mode file for STMicroelectronics.X-CUBE-STSE01.1.0.0
2025-09-13 13:42:54,783 [WARN] PackLoader:240 - Cannot read IP mode file for wolfSSL.I-CUBE-wolfTPM.3.4.0
2025-09-13 13:42:54,791 [WARN] PackLoader:240 - Cannot read IP mode file for portGmbH.I-Cube-SoM-uGOAL.1.1.0
2025-09-13 13:42:54,808 [WARN] PackLoader:240 - Cannot read IP mode file for STMicroelectronics.X-CUBE-AZRTOS-H7RS.1.0.0
2025-09-13 13:42:54,819 [WARN] PackLoader:240 - Cannot read IP mode file for STMicroelectronics.X-CUBE-TOF1.3.4.2
2025-09-13 13:42:54,839 [ERROR] Engine:466 - C:\Users\nacho\.stm32cubemx\thirdparties\pdsc\STMicroelectronics.X-CUBE-TOF1.3.4.3.pdsc: PDSC version is not supported
2025-09-13 13:42:54,861 [WARN] PackLoader:240 - Cannot read IP mode file for Infineon.AIROC-Wi-Fi-Bluetooth-STM32.1.6.1
2025-09-13 13:42:54,869 [WARN] PackLoader:240 - Cannot read IP mode file for wolfSSL.I-CUBE-wolfSSH.1.4.17
2025-09-13 13:42:54,871 [INFO] ThirdParty:978 - Integrity check success = true
2025-09-13 13:42:54,871 [INFO] IntegrityCheckThread:100 - exiting critical section [integrity check]
2025-09-13 13:42:54,872 [INFO] IntegrityCheckThread:103 - End integrity checks thread
2025-09-13 14:35:13,489 [ERROR] LogOutputStream:75 - [STDERR_REDIRECT] 
2025-09-13 15:11:12,147 [INFO] Activator:176 - 


2025-09-13 15:11:12,149 [INFO] Activator:177 - !SESSION log4j initialized
2025-09-13 15:11:17,648 [INFO] LogOutputStream:77 - [STDOUT_REDIRECT] 
2025-09-13 15:11:19,500 [INFO] ApplicationProperties:184 - Using Application install path: C:\ST\STM32CubeIDE_1.16.1\STM32CubeIDE\plugins\com.st.stm32cube.common.mx_6.12.1.202409122256
2025-09-13 15:11:19,536 [INFO] DbMcusXml:78 - Set database path to: C:\ST\STM32CubeIDE_1.16.1\STM32CubeIDE\plugins\com.st.stm32cube.common.mx_6.12.1.202409122256\\db\/mcu/
2025-09-13 15:11:19,536 [INFO] ApiDb:274 - Set plugin database path to: C:\ST\STM32CubeIDE_1.16.1\STM32CubeIDE\plugins\com.st.stm32cube.common.mx_6.12.1.202409122256\\db\/plugins/boardmanager/
2025-09-13 15:11:19,537 [WARN] ApiDb:259 - Overriding images path with different value:  => C:\ST\STM32CubeIDE_1.16.1\STM32CubeIDE\plugins\com.st.stm32cube.common.mx_6.12.1.202409122256\\db\/plugins/mcufinder/images/
2025-09-13 15:11:19,546 [INFO] ApiDb:250 - Set database path to: C:\Users\nacho\.stmcufinder\plugins\mcufinder//mcu/
2025-09-13 15:11:19,550 [INFO] DbMcusAds:125 - Set database path to: C:\Users\nacho\.stmcufinder\plugins\mcufinder//mcu/
2025-09-13 15:11:19,555 [INFO] CrossReferenceDbSqlite:203 - Set database path to: C:\Users\nacho\.stmcufinder\plugins\mcufinder//mcu/cs/
2025-09-13 15:11:19,748 [INFO] RulesReader:64 - Compatibility file has been processed (297 Rules)
2025-09-13 15:11:19,903 [INFO] DbMcusXml:78 - Set database path to: C:\ST\STM32CubeIDE_1.16.1\STM32CubeIDE\plugins\com.st.stm32cube.common.mx_6.12.1.202409122256\\db\/mcu/
2025-09-13 15:11:19,903 [INFO] ApiDb:274 - Set plugin database path to: C:\ST\STM32CubeIDE_1.16.1\STM32CubeIDE\plugins\com.st.stm32cube.common.mx_6.12.1.202409122256\\db\/plugins/boardmanager/
2025-09-13 15:11:19,904 [INFO] ApiDb:261 - Set plugin images path to: C:\ST\STM32CubeIDE_1.16.1\STM32CubeIDE\plugins\com.st.stm32cube.common.mx_6.12.1.202409122256\\db\/plugins/mcufinder/images/
2025-09-13 15:11:19,904 [WARN] DbFile:41 - Overriding database path with different value: C:\Users\nacho\.stmcufinder\plugins\mcufinder/ => C:\Users\nacho\.stmcufinder\plugins\mcufinder
2025-09-13 15:11:19,904 [INFO] ApiDb:250 - Set database path to: C:\Users\nacho\.stmcufinder\plugins\mcufinder//mcu/
2025-09-13 15:11:19,904 [WARN] DbFile:41 - Overriding database path with different value: C:\Users\nacho\.stmcufinder\plugins\mcufinder/ => C:\Users\nacho\.stmcufinder\plugins\mcufinder
2025-09-13 15:11:19,904 [INFO] DbMcusAds:125 - Set database path to: C:\Users\nacho\.stmcufinder\plugins\mcufinder//mcu/
2025-09-13 15:11:19,904 [WARN] DbFile:41 - Overriding database path with different value: C:\Users\nacho\.stmcufinder\plugins\mcufinder/ => C:\Users\nacho\.stmcufinder\plugins\mcufinder
2025-09-13 15:11:19,904 [WARN] DbFile:41 - Overriding database path with different value: C:\Users\nacho\.stmcufinder\plugins\mcufinder/ => C:\Users\nacho\.stmcufinder\plugins\mcufinder
2025-09-13 15:11:19,904 [INFO] CrossReferenceDbSqlite:203 - Set database path to: C:\Users\nacho\.stmcufinder\plugins\mcufinder//mcu/cs/
2025-09-13 15:11:20,030 [INFO] MainPanel:268 - HeapMemory: 268435456
2025-09-13 15:11:20,245 [INFO] DbMcusXml:78 - Set database path to: C:\ST\STM32CubeIDE_1.16.1\STM32CubeIDE\plugins\com.st.stm32cube.common.mx_6.12.1.202409122256\\db\/mcu/
2025-09-13 15:11:20,246 [INFO] ApiDb:274 - Set plugin database path to: C:\ST\STM32CubeIDE_1.16.1\STM32CubeIDE\plugins\com.st.stm32cube.common.mx_6.12.1.202409122256\\db\/plugins/boardmanager/
2025-09-13 15:11:20,246 [INFO] ApiDb:261 - Set plugin images path to: C:\ST\STM32CubeIDE_1.16.1\STM32CubeIDE\plugins\com.st.stm32cube.common.mx_6.12.1.202409122256\\db\/plugins/mcufinder/images/
2025-09-13 15:11:20,247 [WARN] DbFile:41 - Overriding database path with different value: C:\Users\nacho\.stmcufinder\plugins\mcufinder/ => C:\Users\nacho\.stmcufinder\plugins\mcufinder
2025-09-13 15:11:20,247 [INFO] ApiDb:250 - Set database path to: C:\Users\nacho\.stmcufinder\plugins\mcufinder//mcu/
2025-09-13 15:11:20,247 [WARN] DbFile:41 - Overriding database path with different value: C:\Users\nacho\.stmcufinder\plugins\mcufinder/ => C:\Users\nacho\.stmcufinder\plugins\mcufinder
2025-09-13 15:11:20,247 [INFO] DbMcusAds:125 - Set database path to: C:\Users\nacho\.stmcufinder\plugins\mcufinder//mcu/
2025-09-13 15:11:20,247 [WARN] DbFile:41 - Overriding database path with different value: C:\Users\nacho\.stmcufinder\plugins\mcufinder/ => C:\Users\nacho\.stmcufinder\plugins\mcufinder
2025-09-13 15:11:20,247 [WARN] DbFile:41 - Overriding database path with different value: C:\Users\nacho\.stmcufinder\plugins\mcufinder/ => C:\Users\nacho\.stmcufinder\plugins\mcufinder
2025-09-13 15:11:20,247 [INFO] CrossReferenceDbSqlite:203 - Set database path to: C:\Users\nacho\.stmcufinder\plugins\mcufinder//mcu/cs/
2025-09-13 15:11:20,277 [INFO] ApplicationProperties:184 - Using Application install path: C:\ST\STM32CubeIDE_1.16.1\STM32CubeIDE\plugins\com.st.stm32cube.common.mx_6.12.1.202409122256
2025-09-13 15:11:20,280 [INFO] PluginManage:196 - Search for loadable plugins [exclusion list=, ]
2025-09-13 15:11:20,283 [INFO] PluginManage:310 - Check plugin analytics
2025-09-13 15:11:20,557 [INFO] AnalyticsPlugin:253 - Accepted Software Licenses: STM32CubeMX.6.12.1,STM32CubeMX.6.15.0
2025-09-13 15:11:20,558 [INFO] AnalyticsPlugin:255 - Accepted CMSIS Pack Licenses: 
2025-09-13 15:11:20,558 [INFO] AnalyticsPlugin:257 - Accepted Firmware Licenses: FW.WL.1.3.0
2025-09-13 15:11:20,559 [INFO] PluginManage:359 - Loaded plugin analytics (category:tool,tabindex:-1)
2025-09-13 15:11:20,559 [INFO] PluginManage:310 - Check plugin cadmodel
2025-09-13 15:11:20,566 [INFO] CADModel:105 - Init CAD model plugin
2025-09-13 15:11:20,566 [INFO] PluginManage:359 - Loaded plugin cadmodel (category:power,tabindex:5)
2025-09-13 15:11:20,566 [INFO] PluginManage:310 - Check plugin clock
2025-09-13 15:11:20,581 [INFO] PluginManage:359 - Loaded plugin clock (category:base,tabindex:2)
2025-09-13 15:11:20,581 [INFO] PluginManage:310 - Check plugin ddr
2025-09-13 15:11:20,586 [INFO] PluginManage:359 - Loaded plugin ddr (category:tool,tabindex:6)
2025-09-13 15:11:20,587 [INFO] PluginManage:310 - Check plugin filemanager
2025-09-13 15:11:20,860 [INFO] PluginManage:359 - Loaded plugin filemanager (category:base,tabindex:10)
2025-09-13 15:11:20,860 [INFO] PluginManage:310 - Check plugin ipmanager
2025-09-13 15:11:20,871 [INFO] PluginManage:359 - Loaded plugin ipmanager (category:base,tabindex:5)
2025-09-13 15:11:20,871 [INFO] PluginManage:310 - Check plugin lpbam
2025-09-13 15:11:20,883 [INFO] PluginManage:359 - Loaded plugin lpbam (category:base,tabindex:0)
2025-09-13 15:11:20,883 [INFO] PluginManage:310 - Check plugin memorymap
2025-09-13 15:11:20,908 [INFO] PluginManage:359 - Loaded plugin memorymap (category:base,tabindex:4)
2025-09-13 15:11:20,908 [INFO] PluginManage:310 - Check plugin pinoutandconfiguration
2025-09-13 15:11:20,920 [INFO] PluginManage:359 - Loaded plugin pinoutandconfiguration (category:base,tabindex:1)
2025-09-13 15:11:20,920 [INFO] PluginManage:310 - Check plugin pinoutconfig
2025-09-13 15:11:21,076 [WARN] SupportedApi:132 - Cannot load RTOS API schema: s4s-elt-must-match.1: The content of 'definitions' must match (annotation?, (simpleType | complexType)?, (unique | key | keyref)*)). A problem was found starting at: attribute.
2025-09-13 15:11:21,374 [INFO] PluginManage:359 - Loaded plugin pinoutconfig (category:base,tabindex:0)
2025-09-13 15:11:21,374 [INFO] PluginManage:310 - Check plugin power
2025-09-13 15:11:21,387 [INFO] PluginManage:359 - Loaded plugin power (category:power,tabindex:4)
2025-09-13 15:11:21,388 [INFO] PluginManage:310 - Check plugin projectmanager
2025-09-13 15:11:21,414 [INFO] PluginManage:359 - Loaded plugin projectmanager (category:projectmanager,tabindex:4)
2025-09-13 15:11:21,414 [INFO] PluginManage:310 - Check plugin rif
2025-09-13 15:11:21,429 [INFO] PluginManage:359 - Loaded plugin rif (category:base,tabindex:3)
2025-09-13 15:11:21,430 [INFO] PluginManage:310 - Check plugin thirdparty
2025-09-13 15:11:21,678 [INFO] PluginManage:359 - Loaded plugin thirdparty (category:base,tabindex:-1)
2025-09-13 15:11:21,679 [INFO] PluginManage:310 - Check plugin tools
2025-09-13 15:11:21,678 [WARN] IntegrityCheckThread:84 - waiting for thirdparty lock release [integrity check]
2025-09-13 15:11:21,679 [INFO] IntegrityCheckThread:86 - entering critical section [integrity check]
2025-09-13 15:11:21,680 [INFO] ThirdPartyUpdaterWithRetryManager:70 - Updater plugin not ready yet. [1/15]
2025-09-13 15:11:21,684 [INFO] PluginManage:359 - Loaded plugin tools (category:base,tabindex:7)
2025-09-13 15:11:21,684 [INFO] PluginManage:310 - Check plugin tutovideos
2025-09-13 15:11:22,068 [INFO] PluginManage:359 - Loaded plugin tutovideos (category:base,tabindex:-1)
2025-09-13 15:11:22,068 [INFO] PluginManage:310 - Check plugin updater
2025-09-13 15:11:22,094 [INFO] PluginManage:359 - Loaded plugin updater (category:base,tabindex:12)
2025-09-13 15:11:22,094 [INFO] PluginManage:310 - Check plugin userauth
2025-09-13 15:11:22,104 [INFO] UserAuth:113 - Init User Auth plugin
2025-09-13 15:11:22,104 [INFO] PluginManage:359 - Loaded plugin userauth (category:base,tabindex:14)
2025-09-13 15:11:22,105 [INFO] PluginManage:283 - PluginManage : Loaded plugins [18]
2025-09-13 15:11:22,506 [INFO] PinOutPanel:1561 - setPackage(No Configuration,No Configuration)
2025-09-13 15:11:22,703 [INFO] CADModel:165 - CPN selected for project level
2025-09-13 15:11:22,703 [INFO] CADModel:114 - Register for checkConnection events
2025-09-13 15:11:22,735 [INFO] IPUIPlugin:80 - create IPUIPlugin
2025-09-13 15:11:22,735 [INFO] PluginManager:220 - loadIPPluginJar : add adc
2025-09-13 15:11:22,739 [INFO] IPUIPlugin:80 - create IPUIPlugin
2025-09-13 15:11:22,740 [INFO] PluginManager:220 - loadIPPluginJar : add aes
2025-09-13 15:11:22,744 [INFO] IPUIPlugin:80 - create IPUIPlugin
2025-09-13 15:11:22,744 [INFO] PluginManager:220 - loadIPPluginJar : add can
2025-09-13 15:11:22,746 [INFO] IPUIPlugin:80 - create IPUIPlugin
2025-09-13 15:11:22,746 [INFO] PluginManager:220 - loadIPPluginJar : add comp
2025-09-13 15:11:22,750 [INFO] IPUIPlugin:80 - create IPUIPlugin
2025-09-13 15:11:22,751 [INFO] PluginManager:220 - loadIPPluginJar : add cryp
2025-09-13 15:11:22,756 [INFO] IPUIPlugin:80 - create IPUIPlugin
2025-09-13 15:11:22,757 [INFO] PluginManager:220 - loadIPPluginJar : add ddr_ctrl_phy
2025-09-13 15:11:22,761 [INFO] IPUIPlugin:80 - create IPUIPlugin
2025-09-13 15:11:22,762 [INFO] PluginManager:220 - loadIPPluginJar : add dfsdm
2025-09-13 15:11:22,770 [INFO] IPUIPlugin:80 - create IPUIPlugin
2025-09-13 15:11:22,771 [INFO] PluginManager:220 - loadIPPluginJar : add dma
2025-09-13 15:11:22,776 [INFO] IPUIPlugin:80 - create IPUIPlugin
2025-09-13 15:11:22,777 [INFO] PluginManager:220 - loadIPPluginJar : add dma3
2025-09-13 15:11:22,783 [INFO] IPUIPlugin:80 - create IPUIPlugin
2025-09-13 15:11:22,783 [INFO] PluginManager:220 - loadIPPluginJar : add extmemmanager
2025-09-13 15:11:22,787 [INFO] IPUIPlugin:80 - create IPUIPlugin
2025-09-13 15:11:22,787 [INFO] PluginManager:220 - loadIPPluginJar : add fatfs
2025-09-13 15:11:22,797 [INFO] IPUIPlugin:80 - create IPUIPlugin
2025-09-13 15:11:22,797 [INFO] PluginManager:220 - loadIPPluginJar : add fmc
2025-09-13 15:11:22,805 [INFO] IPUIPlugin:80 - create IPUIPlugin
2025-09-13 15:11:22,806 [INFO] PluginManager:220 - loadIPPluginJar : add freertos
2025-09-13 15:11:22,807 [INFO] IPUIPlugin:80 - create IPUIPlugin
2025-09-13 15:11:22,807 [INFO] PluginManager:220 - loadIPPluginJar : add genericplugin
2025-09-13 15:11:22,810 [INFO] IPUIPlugin:80 - create IPUIPlugin
2025-09-13 15:11:22,810 [INFO] PluginManager:220 - loadIPPluginJar : add gfxmmu
2025-09-13 15:11:22,819 [INFO] IPUIPlugin:80 - create IPUIPlugin
2025-09-13 15:11:22,820 [INFO] PluginManager:220 - loadIPPluginJar : add gic
2025-09-13 15:11:22,827 [INFO] IPUIPlugin:80 - create IPUIPlugin
2025-09-13 15:11:22,827 [INFO] PluginManager:220 - loadIPPluginJar : add gpio
2025-09-13 15:11:22,831 [INFO] IPUIPlugin:80 - create IPUIPlugin
2025-09-13 15:11:22,832 [INFO] PluginManager:220 - loadIPPluginJar : add gtzc
2025-09-13 15:11:22,836 [INFO] IPUIPlugin:80 - create IPUIPlugin
2025-09-13 15:11:22,836 [INFO] PluginManager:220 - loadIPPluginJar : add hash
2025-09-13 15:11:22,842 [INFO] IPUIPlugin:80 - create IPUIPlugin
2025-09-13 15:11:22,842 [INFO] PluginManager:220 - loadIPPluginJar : add i2c
2025-09-13 15:11:22,845 [INFO] IPUIPlugin:80 - create IPUIPlugin
2025-09-13 15:11:22,845 [INFO] PluginManager:220 - loadIPPluginJar : add i2s
2025-09-13 15:11:22,850 [INFO] IPUIPlugin:80 - create IPUIPlugin
2025-09-13 15:11:22,850 [INFO] PluginManager:220 - loadIPPluginJar : add i3c
2025-09-13 15:11:22,856 [INFO] IPUIPlugin:80 - create IPUIPlugin
2025-09-13 15:11:22,858 [INFO] PluginManager:220 - loadIPPluginJar : add ipddr
2025-09-13 15:11:22,870 [INFO] IPUIPlugin:80 - create IPUIPlugin
2025-09-13 15:11:22,870 [INFO] PluginManager:220 - loadIPPluginJar : add linkedlist
2025-09-13 15:11:22,876 [INFO] IPUIPlugin:80 - create IPUIPlugin
2025-09-13 15:11:22,876 [INFO] PluginManager:220 - loadIPPluginJar : add lorawan
2025-09-13 15:11:22,879 [INFO] IPUIPlugin:80 - create IPUIPlugin
2025-09-13 15:11:22,879 [INFO] PluginManager:220 - loadIPPluginJar : add ltdc
2025-09-13 15:11:22,889 [INFO] IPUIPlugin:80 - create IPUIPlugin
2025-09-13 15:11:22,890 [INFO] PluginManager:220 - loadIPPluginJar : add mdma
2025-09-13 15:11:22,896 [INFO] IPUIPlugin:80 - create IPUIPlugin
2025-09-13 15:11:22,897 [INFO] PluginManager:220 - loadIPPluginJar : add nvic
2025-09-13 15:11:22,901 [INFO] IPUIPlugin:80 - create IPUIPlugin
2025-09-13 15:11:22,902 [INFO] PluginManager:220 - loadIPPluginJar : add opamp
2025-09-13 15:11:22,905 [INFO] IPUIPlugin:80 - create IPUIPlugin
2025-09-13 15:11:22,906 [INFO] PluginManager:220 - loadIPPluginJar : add openamp
2025-09-13 15:11:22,912 [INFO] IPUIPlugin:80 - create IPUIPlugin
2025-09-13 15:11:22,912 [INFO] PluginManager:220 - loadIPPluginJar : add pdm2pcm
2025-09-13 15:11:22,921 [INFO] IPUIPlugin:80 - create IPUIPlugin
2025-09-13 15:11:22,926 [INFO] PluginManager:220 - loadIPPluginJar : add plateformsettings
2025-09-13 15:11:22,931 [INFO] IPUIPlugin:80 - create IPUIPlugin
2025-09-13 15:11:22,931 [INFO] PluginManager:220 - loadIPPluginJar : add quadspi
2025-09-13 15:11:22,933 [INFO] IPUIPlugin:80 - create IPUIPlugin
2025-09-13 15:11:22,934 [INFO] PluginManager:220 - loadIPPluginJar : add radio
2025-09-13 15:11:22,939 [INFO] IPUIPlugin:80 - create IPUIPlugin
2025-09-13 15:11:22,940 [INFO] PluginManager:220 - loadIPPluginJar : add resmgrutility
2025-09-13 15:11:22,945 [INFO] IPUIPlugin:80 - create IPUIPlugin
2025-09-13 15:11:22,945 [INFO] PluginManager:220 - loadIPPluginJar : add sai
2025-09-13 15:11:22,948 [INFO] IPUIPlugin:80 - create IPUIPlugin
2025-09-13 15:11:22,948 [INFO] PluginManager:220 - loadIPPluginJar : add spi
2025-09-13 15:11:22,960 [INFO] IPUIPlugin:80 - create IPUIPlugin
2025-09-13 15:11:22,961 [INFO] PluginManager:220 - loadIPPluginJar : add stm32_wpan
2025-09-13 15:11:22,965 [INFO] IPUIPlugin:80 - create IPUIPlugin
2025-09-13 15:11:22,965 [INFO] PluginManager:220 - loadIPPluginJar : add tim
2025-09-13 15:11:22,970 [INFO] IPUIPlugin:80 - create IPUIPlugin
2025-09-13 15:11:22,971 [INFO] PluginManager:220 - loadIPPluginJar : add touchsensing
2025-09-13 15:11:22,975 [INFO] IPUIPlugin:80 - create IPUIPlugin
2025-09-13 15:11:22,975 [INFO] PluginManager:220 - loadIPPluginJar : add tracer_emb
2025-09-13 15:11:22,979 [INFO] IPUIPlugin:80 - create IPUIPlugin
2025-09-13 15:11:22,979 [INFO] PluginManager:220 - loadIPPluginJar : add ts
2025-09-13 15:11:22,983 [INFO] IPUIPlugin:80 - create IPUIPlugin
2025-09-13 15:11:22,983 [INFO] PluginManager:220 - loadIPPluginJar : add tsc
2025-09-13 15:11:22,986 [INFO] IPUIPlugin:80 - create IPUIPlugin
2025-09-13 15:11:22,987 [INFO] PluginManager:220 - loadIPPluginJar : add ucpd
2025-09-13 15:11:22,992 [INFO] IPUIPlugin:80 - create IPUIPlugin
2025-09-13 15:11:22,992 [INFO] PluginManager:220 - loadIPPluginJar : add usart
2025-09-13 15:11:22,997 [INFO] IPUIPlugin:80 - create IPUIPlugin
2025-09-13 15:11:22,997 [INFO] PluginManager:220 - loadIPPluginJar : add usbx
2025-09-13 15:11:23,160 [INFO] CADModel:165 - CPN selected for project level
2025-09-13 15:11:23,161 [INFO] CADModel:114 - Register for checkConnection events
2025-09-13 15:11:23,161 [FATAL] Updater:334 - Updater called before beeing initialized
2025-09-13 15:11:23,161 [ERROR] CADModel:125 - Updater not yet initialized, retry later 
2025-09-13 15:11:23,378 [INFO] CADModel:165 - CPN selected for project level
2025-09-13 15:11:23,378 [INFO] CADModel:114 - Register for checkConnection events
2025-09-13 15:11:23,378 [FATAL] Updater:334 - Updater called before beeing initialized
2025-09-13 15:11:23,378 [ERROR] CADModel:125 - Updater not yet initialized, retry later 
2025-09-13 15:11:23,383 [FATAL] Updater:334 - Updater called before beeing initialized
2025-09-13 15:11:23,529 [FATAL] Updater:334 - Updater called before beeing initialized
2025-09-13 15:11:23,536 [INFO] DbMcusAds:53 - JSON generation date=Tue Jul 08 05:14:23 ART 2025 (1751962463582)
2025-09-13 15:11:23,538 [FATAL] Updater:334 - Updater called before beeing initialized
2025-09-13 15:11:23,607 [WARN] DetailPanel:346 - Failed to get advertising image, set to default
2025-09-13 15:11:23,772 [FATAL] Updater:334 - Updater called before beeing initialized
2025-09-13 15:11:23,774 [FATAL] Updater:334 - Updater called before beeing initialized
2025-09-13 15:11:23,774 [FATAL] Updater:334 - Updater called before beeing initialized
2025-09-13 15:11:23,774 [WARN] DetailPanel:346 - Failed to get advertising image, set to default
2025-09-13 15:11:23,776 [FATAL] Updater:334 - Updater called before beeing initialized
2025-09-13 15:11:23,844 [ERROR] Updater:1164 - MainUpdater not yet initialized. External WinMGr cannot be set.
2025-09-13 15:11:23,848 [INFO] Updater:1100 - Updater Version found : 6.12.1
2025-09-13 15:11:23,878 [INFO] ApplicationProperties:184 - Using Application install path: C:\ST\STM32CubeIDE_1.16.1\STM32CubeIDE\plugins\com.st.stm32cube.common.mx_6.12.1.202409122256
2025-09-13 15:11:23,958 [INFO] MainUpdater:526 - Copy updater definitions from MX database
2025-09-13 15:11:24,324 [INFO] MainUpdater:2873 - connection check result : 10
2025-09-13 15:11:24,325 [INFO] MainUpdater:3567 - Updater definition file requires update
2025-09-13 15:11:24,328 [INFO] MainUpdater:290 - Updater Check For Update Now.
2025-09-13 15:11:24,329 [INFO] MicroXplorer:498 - Change Database Version : DB.6.0.121
2025-09-13 15:11:24,351 [INFO] McuFinderGlobals:63 - Set McuFinder mode to 2 (CubeIDE integrated)
2025-09-13 15:11:24,352 [INFO] UserAuth:417 - Internet connection configuration mode: 1
2025-09-13 15:11:24,403 [INFO] JxBrowserEngine:152 - Initiate JxBrowser Engine with user profile folder
2025-09-13 15:11:24,414 [INFO] ServerAccessManage:473 - Download File updaters.zip
2025-09-13 15:11:24,555 [INFO] FileExtend:240 - Unzip File : updaters.zip
2025-09-13 15:11:24,556 [INFO] FileExtend:255 - Standard Zip Deflate
2025-09-13 15:11:24,690 [WARN] MainUpdater:1194 - Updater busy. Cannot search thirdparties
2025-09-13 15:11:24,691 [INFO] ThirdPartyUpdaterWithRetryManager:96 - Updater plugin is busy. [1/15]
2025-09-13 15:11:25,210 [INFO] ServerAccessManage:473 - Download File PacksControlFlags.xml
2025-09-13 15:11:25,376 [INFO] ServerAccessManage:473 - Download File cubemx.pidx
2025-09-13 15:11:25,667 [INFO] LoadServerUpdatesThread:375 - End of LoadServerUpdate Thread
2025-09-13 15:11:26,025 [INFO] CheckServerUpdateThread:120 - End of CheckServer Thread
2025-09-13 15:11:26,585 [INFO] WebApp:167 - Instantiating new browser for Auth
2025-09-13 15:11:28,083 [INFO] WebApp:448 - Apply proxy settings
2025-09-13 15:11:28,083 [INFO] WebApp:533 - Chromium requires no authentication
2025-09-13 15:11:28,085 [WARN] PackLoader:240 - Cannot read IP mode file for STMicroelectronics.FP-SNS-MOTENVWB1.1.4.0
2025-09-13 15:11:28,100 [WARN] PackLoader:240 - Cannot read IP mode file for STMicroelectronics.FP-ATR-ASTRA1.2.0.2
2025-09-13 15:11:28,104 [INFO] WebApp:476 - Direct internet connection detected
2025-09-13 15:11:28,107 [WARN] PackLoader:240 - Cannot read IP mode file for STMicroelectronics.FP-ATR-ASTRA1.2.0.1
2025-09-13 15:11:28,127 [WARN] PackLoader:240 - Cannot read IP mode file for STMicroelectronics.X-CUBE-SMBUS.2.1.0
2025-09-13 15:11:28,140 [WARN] PackLoader:240 - Cannot read IP mode file for STMicroelectronics.X-CUBE-WB05N.1.1.0
2025-09-13 15:11:28,147 [ERROR] Engine:466 - C:\Users\nacho\.stm32cubemx\thirdparties\pdsc\STMicroelectronics.X-CUBE-ST60.1.0.0.pdsc: PDSC version is not supported
2025-09-13 15:11:28,170 [INFO] WebApp:869 - Register for checkConnection events
2025-09-13 15:11:28,171 [INFO] WebApp:448 - Apply proxy settings
2025-09-13 15:11:28,171 [INFO] WebApp:533 - Chromium requires no authentication
2025-09-13 15:11:28,172 [INFO] WebApp:476 - Direct internet connection detected
2025-09-13 15:11:28,191 [WARN] PackLoader:240 - Cannot read IP mode file for STMicroelectronics.X-CUBE-AZRTOS-F7.1.1.0
2025-09-13 15:11:28,263 [WARN] PackLoader:240 - Cannot read IP mode file for STMicroelectronics.X-CUBE-MEMS1.11.0.0
2025-09-13 15:11:28,334 [INFO] WebApp:186 - Connection restablished
2025-09-13 15:11:28,469 [WARN] PackLoader:240 - Cannot read IP mode file for STMicroelectronics.FP-SNS-FLIGHT1.5.0.2
2025-09-13 15:11:28,506 [WARN] PackLoader:240 - Cannot read IP mode file for STMicroelectronics.X-CUBE-AZRTOS-H7.3.4.0
2025-09-13 15:11:28,522 [WARN] PackLoader:240 - Cannot read IP mode file for STMicroelectronics.X-CUBE-DISPLAY.3.0.0
2025-09-13 15:11:28,535 [WARN] PackLoader:240 - Cannot read IP mode file for STMicroelectronics.X-CUBE-BLE1.7.0.0
2025-09-13 15:11:28,544 [WARN] PackLoader:240 - Cannot read IP mode file for STMicroelectronics.X-CUBE-NFC10.1.0.0
2025-09-13 15:11:28,562 [WARN] PackLoader:240 - Cannot read IP mode file for STMicroelectronics.X-CUBE-BLEMGR.4.0.0
2025-09-13 15:11:28,573 [WARN] PackLoader:240 - Cannot read IP mode file for emotas.I-CUBE-CANOPEN.1.3.0
2025-09-13 15:11:28,585 [WARN] PackLoader:240 - Cannot read IP mode file for STMicroelectronics.X-CUBE-BLEMGR.3.1.0
2025-09-13 15:11:28,593 [WARN] PackLoader:240 - Cannot read IP mode file for STMicroelectronics.X-CUBE-AI.10.0.0
2025-09-13 15:11:28,598 [ERROR] Engine:466 - C:\Users\nacho\.stm32cubemx\thirdparties\pdsc\STMicroelectronics.FP-SNS-STBOX1.2.1.0.pdsc: PDSC version is not supported
2025-09-13 15:11:28,605 [WARN] PackLoader:240 - Cannot read IP mode file for STMicroelectronics.FP-SNS-SMARTAG2.1.2.0
2025-09-13 15:11:28,610 [ERROR] Engine:466 - C:\Users\nacho\.stm32cubemx\thirdparties\pdsc\STMicroelectronics.FP-SNS-FLIGHT1.5.1.0.pdsc: PDSC version is not supported
2025-09-13 15:11:28,674 [WARN] PackLoader:240 - Cannot read IP mode file for STMicroelectronics.X-CUBE-MEMS1.11.1.0
2025-09-13 15:11:28,777 [INFO] WebApp:220 - Starting web application
2025-09-13 15:11:28,778 [INFO] WebApp:578 - Web application path used C:\ST\STM32CubeIDE_1.16.1\STM32CubeIDE\plugins\com.st.stm32cube.common.mx_6.12.1.202409122256\db\plugins\mcufinder\reactClient1\index.html
2025-09-13 15:11:28,887 [INFO] LogOutputStream:77 - [STDOUT_REDIRECT] 1 : Invalid condition id : UX_CORESTACK_Condition cause : null
2025-09-13 15:11:28,888 [INFO] LogOutputStream:77 - [STDOUT_REDIRECT] 1 : Invalid condition id : UX_CORESTACK_Condition cause : null
2025-09-13 15:11:28,889 [INFO] LogOutputStream:77 - [STDOUT_REDIRECT] 1 : Invalid condition id : UX_CORESTACK_Condition cause : null
2025-09-13 15:11:28,891 [INFO] LogOutputStream:77 - [STDOUT_REDIRECT] 1 : Invalid condition id : UX_CORESTACK_Condition cause : null
2025-09-13 15:11:28,892 [INFO] LogOutputStream:77 - [STDOUT_REDIRECT] 1 : Invalid condition id : UX_CORESTACK_Condition cause : null
2025-09-13 15:11:28,896 [WARN] PackLoader:240 - Cannot read IP mode file for STMicroelectronics.X-CUBE-AZRTOS-WL.2.0.0
2025-09-13 15:11:28,905 [WARN] PackLoader:240 - Cannot read IP mode file for STMicroelectronics.FP-SNS-MOTENV1.5.0.0
2025-09-13 15:11:28,914 [WARN] PackLoader:240 - Cannot read IP mode file for wolfSSL.I-CUBE-wolfMQTT.1.19.0
2025-09-13 15:11:28,927 [WARN] PackLoader:240 - Cannot read IP mode file for WES.I-CUBE-Cesium.1.3.0
2025-09-13 15:11:28,935 [WARN] PackLoader:240 - Cannot read IP mode file for STMicroelectronics.X-CUBE-BLE2.3.3.0
2025-09-13 15:11:28,946 [WARN] PackLoader:240 - Cannot read IP mode file for STMicroelectronics.X-CUBE-NFC9.1.0.0
2025-09-13 15:11:28,956 [WARN] PackLoader:240 - Cannot read IP mode file for STMicroelectronics.X-CUBE-BLE1.7.1.0
2025-09-13 15:11:28,959 [INFO] UserAuth:417 - Internet connection configuration mode: 1
2025-09-13 15:11:28,964 [WARN] PackLoader:240 - Cannot read IP mode file for STMicroelectronics.X-CUBE-TCPP.4.1.0
2025-09-13 15:11:28,988 [WARN] PackLoader:240 - Cannot read IP mode file for STMicroelectronics.X-CUBE-EEPRMA1.5.2.0
2025-09-13 15:11:28,996 [WARN] PackLoader:240 - Cannot read IP mode file for STMicroelectronics.X-CUBE-AI.10.1.0
2025-09-13 15:11:29,056 [WARN] PackLoader:240 - Cannot read IP mode file for STMicroelectronics.X-CUBE-MEMS1.11.2.0
2025-09-13 15:11:29,202 [WARN] PackLoader:240 - Cannot read IP mode file for STMicroelectronics.X-CUBE-AZRTOS-G0.1.1.0
2025-09-13 15:11:29,212 [WARN] PackLoader:240 - Cannot read IP mode file for STMicroelectronics.X-CUBE-SAFEA1.1.2.2
2025-09-13 15:11:29,218 [WARN] PackLoader:240 - Cannot read IP mode file for STMicroelectronics.X-CUBE-NFC4.3.0.0
2025-09-13 15:11:29,230 [WARN] PackLoader:240 - Cannot read IP mode file for EmbeddedOffice.I-CUBE-FS-RTOS.1.0.1
2025-09-13 15:11:29,230 [ERROR] ConditionMgr:805 - Attr not supported : Dmpu
2025-09-13 15:11:29,231 [ERROR] ConditionMgr:805 - Attr not supported : Dmpu
2025-09-13 15:11:29,231 [ERROR] ConditionMgr:805 - Attr not supported : Dmpu
2025-09-13 15:11:29,231 [ERROR] ConditionMgr:805 - Attr not supported : Dmpu
2025-09-13 15:11:29,231 [ERROR] ConditionMgr:805 - Attr not supported : Dmpu
2025-09-13 15:11:29,231 [ERROR] ConditionMgr:805 - Attr not supported : Dmpu
2025-09-13 15:11:29,231 [ERROR] ConditionMgr:805 - Attr not supported : Dmpu
2025-09-13 15:11:29,231 [ERROR] ConditionMgr:805 - Attr not supported : Dmpu
2025-09-13 15:11:29,231 [ERROR] ConditionMgr:805 - Attr not supported : Dmpu
2025-09-13 15:11:29,231 [ERROR] ConditionMgr:805 - Attr not supported : Dmpu
2025-09-13 15:11:29,231 [ERROR] ConditionMgr:805 - Attr not supported : Dmpu
2025-09-13 15:11:29,231 [ERROR] ConditionMgr:805 - Attr not supported : Dmpu
2025-09-13 15:11:29,231 [ERROR] ConditionMgr:805 - Attr not supported : Dmpu
2025-09-13 15:11:29,231 [ERROR] ConditionMgr:805 - Attr not supported : Dmpu
2025-09-13 15:11:29,231 [ERROR] ConditionMgr:805 - Attr not supported : Dmpu
2025-09-13 15:11:29,231 [ERROR] ConditionMgr:805 - Attr not supported : Dmpu
2025-09-13 15:11:29,231 [ERROR] ConditionMgr:805 - Attr not supported : Dmpu
2025-09-13 15:11:29,231 [ERROR] ConditionMgr:805 - Attr not supported : Dmpu
2025-09-13 15:11:29,231 [ERROR] ConditionMgr:805 - Attr not supported : Dmpu
2025-09-13 15:11:29,231 [ERROR] ConditionMgr:805 - Attr not supported : Dmpu
2025-09-13 15:11:29,232 [ERROR] ConditionMgr:805 - Attr not supported : Dmpu
2025-09-13 15:11:29,232 [ERROR] ConditionMgr:805 - Attr not supported : Dmpu
2025-09-13 15:11:29,232 [ERROR] ConditionMgr:805 - Attr not supported : Dmpu
2025-09-13 15:11:29,232 [ERROR] ConditionMgr:805 - Attr not supported : Dmpu
2025-09-13 15:11:29,232 [ERROR] ConditionMgr:805 - Attr not supported : Dmpu
2025-09-13 15:11:29,232 [ERROR] ConditionMgr:805 - Attr not supported : Dmpu
2025-09-13 15:11:29,232 [ERROR] ConditionMgr:805 - Attr not supported : Dmpu
2025-09-13 15:11:29,232 [ERROR] ConditionMgr:805 - Attr not supported : Dmpu
2025-09-13 15:11:29,232 [ERROR] ConditionMgr:805 - Attr not supported : Dmpu
2025-09-13 15:11:29,232 [ERROR] ConditionMgr:805 - Attr not supported : Dmpu
2025-09-13 15:11:29,232 [ERROR] ConditionMgr:805 - Attr not supported : Dmpu
2025-09-13 15:11:29,232 [ERROR] ConditionMgr:805 - Attr not supported : Dmpu
2025-09-13 15:11:29,232 [ERROR] ConditionMgr:805 - Attr not supported : Dmpu
2025-09-13 15:11:29,232 [ERROR] ConditionMgr:805 - Attr not supported : Dmpu
2025-09-13 15:11:29,232 [ERROR] ConditionMgr:805 - Attr not supported : Dmpu
2025-09-13 15:11:29,232 [ERROR] ConditionMgr:805 - Attr not supported : Dmpu
2025-09-13 15:11:29,233 [ERROR] ConditionMgr:805 - Attr not supported : Dmpu
2025-09-13 15:11:29,233 [ERROR] ConditionMgr:805 - Attr not supported : Dmpu
2025-09-13 15:11:29,233 [ERROR] ConditionMgr:805 - Attr not supported : Dmpu
2025-09-13 15:11:29,233 [ERROR] ConditionMgr:805 - Attr not supported : Dmpu
2025-09-13 15:11:29,233 [ERROR] ConditionMgr:805 - Attr not supported : Dmpu
2025-09-13 15:11:29,233 [ERROR] ConditionMgr:805 - Attr not supported : Dmpu
2025-09-13 15:11:29,233 [ERROR] ConditionMgr:805 - Attr not supported : Dmpu
2025-09-13 15:11:29,233 [ERROR] ConditionMgr:805 - Attr not supported : Dmpu
2025-09-13 15:11:29,234 [ERROR] ConditionMgr:805 - Attr not supported : Dmpu
2025-09-13 15:11:29,234 [ERROR] ConditionMgr:805 - Attr not supported : Dmpu
2025-09-13 15:11:29,234 [ERROR] ConditionMgr:805 - Attr not supported : Dmpu
2025-09-13 15:11:29,234 [ERROR] ConditionMgr:805 - Attr not supported : Dmpu
2025-09-13 15:11:29,234 [ERROR] ConditionMgr:805 - Attr not supported : Dmpu
2025-09-13 15:11:29,234 [ERROR] ConditionMgr:805 - Attr not supported : Dmpu
2025-09-13 15:11:29,234 [ERROR] ConditionMgr:805 - Attr not supported : Dmpu
2025-09-13 15:11:29,234 [ERROR] ConditionMgr:805 - Attr not supported : Dmpu
2025-09-13 15:11:29,235 [ERROR] ConditionMgr:805 - Attr not supported : Dmpu
2025-09-13 15:11:29,235 [ERROR] ConditionMgr:805 - Attr not supported : Dmpu
2025-09-13 15:11:29,235 [ERROR] ConditionMgr:805 - Attr not supported : Dmpu
2025-09-13 15:11:29,235 [ERROR] ConditionMgr:805 - Attr not supported : Dmpu
2025-09-13 15:11:29,235 [ERROR] ConditionMgr:805 - Attr not supported : Dmpu
2025-09-13 15:11:29,235 [ERROR] ConditionMgr:805 - Attr not supported : Dmpu
2025-09-13 15:11:29,235 [ERROR] ConditionMgr:805 - Attr not supported : Dmpu
2025-09-13 15:11:29,235 [ERROR] ConditionMgr:805 - Attr not supported : Dmpu
2025-09-13 15:11:29,235 [ERROR] ConditionMgr:805 - Attr not supported : Dmpu
2025-09-13 15:11:29,235 [ERROR] ConditionMgr:805 - Attr not supported : Dmpu
2025-09-13 15:11:29,235 [ERROR] ConditionMgr:805 - Attr not supported : Dmpu
2025-09-13 15:11:29,235 [ERROR] ConditionMgr:805 - Attr not supported : Dmpu
2025-09-13 15:11:29,239 [WARN] PackLoader:240 - Cannot read IP mode file for STMicroelectronics.X-CUBE-WB05N.2.0.0
2025-09-13 15:11:29,243 [ERROR] Engine:466 - C:\Users\nacho\.stm32cubemx\thirdparties\pdsc\STMicroelectronics.X-CUBE-TCPP.4.2.0.pdsc: PDSC version is not supported
2025-09-13 15:11:29,248 [WARN] PackLoader:240 - Cannot read IP mode file for RealThread.X-CUBE-RT-Thread_Nano.4.1.1
2025-09-13 15:11:29,253 [WARN] PackLoader:240 - Cannot read IP mode file for STMicroelectronics.FP-ATR-SIGFOX1.3.2.0
2025-09-13 15:11:29,258 [WARN] ConditionMgr:438 - getConditionDescription Invalid condition id : Cortex-A Device cause : null
2025-09-13 15:11:29,279 [WARN] ConditionMgr:1039 - genDependencies : Invalid condition id : Cortex-A Device cause : null
2025-09-13 15:11:29,279 [WARN] ConditionMgr:1039 - genDependencies : Invalid condition id : Cortex-A Device cause : null
2025-09-13 15:11:29,279 [WARN] ConditionMgr:1039 - genDependencies : Invalid condition id : Cortex-A Device cause : null
2025-09-13 15:11:29,286 [WARN] PackLoader:240 - Cannot read IP mode file for STMicroelectronics.X-CUBE-EEPRMA1.5.1.0
2025-09-13 15:11:29,294 [WARN] PackLoader:240 - Cannot read IP mode file for wolfSSL.I-CUBE-wolfSSL.5.7.4
2025-09-13 15:11:29,303 [WARN] PackLoader:240 - Cannot read IP mode file for ITTIA_DB.I-CUBE-ITTIADB.8.9.0
2025-09-13 15:11:29,308 [ERROR] Engine:466 - C:\Users\nacho\.stm32cubemx\thirdparties\pdsc\STMicroelectronics.X-CUBE-ST67W61.1.0.0.pdsc: PDSC version is not supported
2025-09-13 15:11:29,312 [WARN] PackLoader:240 - Cannot read IP mode file for STMicroelectronics.X-CUBE-AI.10.2.0
2025-09-13 15:11:29,353 [WARN] PackLoader:240 - Cannot read IP mode file for SEGGER.I-CUBE-embOS.1.3.1
2025-09-13 15:11:29,407 [WARN] PackLoader:240 - Cannot read IP mode file for STMicroelectronics.X-CUBE-ALGOBUILD.1.4.0
2025-09-13 15:11:29,452 [WARN] PackLoader:240 - Cannot read IP mode file for STMicroelectronics.X-CUBE-MEMS1.11.3.0
2025-09-13 15:11:29,586 [WARN] PackLoader:240 - Cannot read IP mode file for STMicroelectronics.X-CUBE-AI.9.1.0
2025-09-13 15:11:29,592 [WARN] PackLoader:240 - Cannot read IP mode file for STMicroelectronics.X-CUBE-PM33A1.1.0.0
2025-09-13 15:11:29,620 [WARN] PackLoader:240 - Cannot read IP mode file for STMicroelectronics.X-CUBE-AZRTOS-F4.1.1.0
2025-09-13 15:11:29,627 [ERROR] Engine:466 - C:\Users\nacho\.stm32cubemx\thirdparties\pdsc\Avnet-IotConnect.X-CUBE-IoTC-DA16k-PMOD.1.0.0.pdsc: PDSC version is not supported
2025-09-13 15:11:29,632 [WARN] PackLoader:240 - Cannot read IP mode file for STMicroelectronics.X-CUBE-ISPU.2.1.0
2025-09-13 15:11:29,638 [WARN] PackLoader:240 - Cannot read IP mode file for STMicroelectronics.X-CUBE-FREERTOS.1.2.0
2025-09-13 15:11:29,646 [WARN] PackLoader:240 - Cannot read IP mode file for STMicroelectronics.X-CUBE-NFC12.1.0.0
2025-09-13 15:11:29,663 [WARN] PackLoader:240 - Cannot read IP mode file for STMicroelectronics.X-CUBE-AZRTOS-L5.2.0.0
2025-09-13 15:11:29,674 [WARN] PackLoader:240 - Cannot read IP mode file for STMicroelectronics.X-CUBE-NFC6.3.1.0
2025-09-13 15:11:29,680 [WARN] PackLoader:240 - Cannot read IP mode file for STMicroelectronics.X-CUBE-DPower.1.2.0
2025-09-13 15:11:29,686 [WARN] PackLoader:240 - Cannot read IP mode file for STMicroelectronics.X-CUBE-FREERTOS.1.3.1
2025-09-13 15:11:29,691 [WARN] PackLoader:240 - Cannot read IP mode file for STMicroelectronics.X-CUBE-FREERTOS.1.3.0
2025-09-13 15:11:29,697 [WARN] PackLoader:240 - Cannot read IP mode file for STMicroelectronics.X-CUBE-NFC7.1.0.1
2025-09-13 15:11:29,702 [ERROR] Engine:466 - C:\Users\nacho\.stm32cubemx\thirdparties\pdsc\STMicroelectronics.FP-SNS-STAIOTCFT.1.0.0.pdsc: PDSC version is not supported
2025-09-13 15:11:29,708 [WARN] PackLoader:240 - Cannot read IP mode file for STMicroelectronics.X-CUBE-DPower.1.3.0
2025-09-13 15:11:29,723 [WARN] ConditionMgr:438 - getConditionDescription Invalid condition id : LAN8742 Phy interface Condition cause : null
2025-09-13 15:11:29,724 [WARN] PackLoader:240 - Cannot read IP mode file for STMicroelectronics.X-CUBE-AZRTOS-L4.2.0.0
2025-09-13 15:11:29,725 [WARN] ConditionMgr:1039 - genDependencies : Invalid condition id : LAN8742 Phy interface Condition cause : null
2025-09-13 15:11:29,725 [WARN] ConditionMgr:1039 - genDependencies : Invalid condition id : LAN8742 Phy interface Condition cause : null
2025-09-13 15:11:29,726 [WARN] ConditionMgr:1039 - genDependencies : Invalid condition id : LAN8742 Phy interface Condition cause : null
2025-09-13 15:11:29,735 [WARN] PackLoader:240 - Cannot read IP mode file for STMicroelectronics.X-CUBE-SFXS2LP1.4.0.0
2025-09-13 15:11:29,760 [WARN] PackLoader:240 - Cannot read IP mode file for STMicroelectronics.X-CUBE-AZRTOS-H7.3.3.0
2025-09-13 15:11:29,770 [ERROR] Engine:466 - C:\Users\nacho\.stm32cubemx\thirdparties\pdsc\STMicroelectronics.X-CUBE-BLEMGR.4.1.0.pdsc: PDSC version is not supported
2025-09-13 15:11:29,780 [WARN] PackLoader:240 - Cannot read IP mode file for STMicroelectronics.X-CUBE-IPS.3.0.0
2025-09-13 15:11:29,798 [WARN] ConditionMgr:438 - getConditionDescription Invalid condition id : UX DEVICE CLASS RTOS Condition cause : null
2025-09-13 15:11:29,798 [WARN] ConditionMgr:438 - getConditionDescription Invalid condition id : UX DEVICE CLASS RTOS Condition cause : null
2025-09-13 15:11:29,800 [WARN] PackLoader:240 - Cannot read IP mode file for STMicroelectronics.X-CUBE-AZRTOS-WB.2.0.0
2025-09-13 15:11:29,800 [WARN] ConditionMgr:1039 - genDependencies : Invalid condition id : UX DEVICE CLASS RTOS Condition cause : null
2025-09-13 15:11:29,800 [WARN] ConditionMgr:1039 - genDependencies : Invalid condition id : UX DEVICE CLASS RTOS Condition cause : null
2025-09-13 15:11:29,801 [WARN] ConditionMgr:1039 - genDependencies : Invalid condition id : UX DEVICE CLASS RTOS Condition cause : null
2025-09-13 15:11:29,801 [WARN] ConditionMgr:1039 - genDependencies : Invalid condition id : UX DEVICE CLASS RTOS Condition cause : null
2025-09-13 15:11:29,801 [WARN] ConditionMgr:1039 - genDependencies : Invalid condition id : UX DEVICE CLASS RTOS Condition cause : null
2025-09-13 15:11:29,809 [WARN] PackLoader:240 - Cannot read IP mode file for STMicroelectronics.X-CUBE-GNSS1.7.0.0
2025-09-13 15:11:29,818 [WARN] PackLoader:240 - Cannot read IP mode file for STMicroelectronics.X-CUBE-GNSS1.7.0.1
2025-09-13 15:11:29,825 [WARN] PackLoader:240 - Cannot read IP mode file for STMicroelectronics.X-CUBE-TOUCHGFX.4.25.0
2025-09-13 15:11:29,833 [WARN] PackLoader:240 - Cannot read IP mode file for STMicroelectronics.FP-SNS-STBOX1.2.0.0
2025-09-13 15:11:29,846 [WARN] PackLoader:240 - Cannot read IP mode file for STMicroelectronics.X-CUBE-SUBG2.5.0.0
2025-09-13 15:11:29,865 [WARN] PackLoader:240 - Cannot read IP mode file for STMicroelectronics.X-CUBE-AZRTOS-H7RS.1.1.0
2025-09-13 15:11:29,873 [WARN] PackLoader:240 - Cannot read IP mode file for Cesanta.I-CUBE-Mongoose.7.13.0
2025-09-13 15:11:29,887 [WARN] PackLoader:240 - Cannot read IP mode file for STMicroelectronics.X-CUBE-AZRTOS-G4.2.0.0
2025-09-13 15:11:29,894 [WARN] PackLoader:240 - Cannot read IP mode file for STMicroelectronics.X-CUBE-NFC7.2.0.0
2025-09-13 15:11:29,898 [ERROR] Engine:466 - C:\Users\nacho\.stm32cubemx\thirdparties\pdsc\STMicroelectronics.X-CUBE-IPS.3.1.0.pdsc: PDSC version is not supported
2025-09-13 15:11:29,905 [WARN] PackLoader:240 - Cannot read IP mode file for STMicroelectronics.X-CUBE-ALS.1.0.2
2025-09-13 15:11:29,911 [WARN] PackLoader:240 - Cannot read IP mode file for STMicroelectronics.X-CUBE-TOUCHGFX.4.24.2
2025-09-13 15:11:29,916 [WARN] PackLoader:240 - Cannot read IP mode file for STMicroelectronics.X-CUBE-TOUCHGFX.4.24.1
2025-09-13 15:11:29,924 [WARN] PackLoader:240 - Cannot read IP mode file for STMicroelectronics.X-CUBE-STSE01.1.0.0
2025-09-13 15:11:29,930 [WARN] PackLoader:240 - Cannot read IP mode file for wolfSSL.I-CUBE-wolfTPM.3.4.0
2025-09-13 15:11:29,938 [WARN] PackLoader:240 - Cannot read IP mode file for portGmbH.I-Cube-SoM-uGOAL.1.1.0
2025-09-13 15:11:29,954 [WARN] PackLoader:240 - Cannot read IP mode file for STMicroelectronics.X-CUBE-AZRTOS-H7RS.1.0.0
2025-09-13 15:11:29,967 [WARN] PackLoader:240 - Cannot read IP mode file for STMicroelectronics.X-CUBE-TOF1.3.4.2
2025-09-13 15:11:29,979 [ERROR] Engine:466 - C:\Users\nacho\.stm32cubemx\thirdparties\pdsc\STMicroelectronics.X-CUBE-TOF1.3.4.3.pdsc: PDSC version is not supported
2025-09-13 15:11:29,995 [WARN] PackLoader:240 - Cannot read IP mode file for Infineon.AIROC-Wi-Fi-Bluetooth-STM32.1.6.1
2025-09-13 15:11:30,005 [WARN] PackLoader:240 - Cannot read IP mode file for wolfSSL.I-CUBE-wolfSSH.1.4.17
2025-09-13 15:11:30,006 [INFO] ThirdParty:978 - Integrity check success = true
2025-09-13 15:11:30,006 [INFO] IntegrityCheckThread:100 - exiting critical section [integrity check]
2025-09-13 15:11:30,006 [INFO] IntegrityCheckThread:103 - End integrity checks thread
2025-09-13 15:12:17,627 [ERROR] LogOutputStream:75 - [STDERR_REDIRECT] 
2025-09-13 15:14:33,328 [INFO] Activator:176 - 


2025-09-13 15:14:33,330 [INFO] Activator:177 - !SESSION log4j initialized
2025-09-13 15:14:38,455 [INFO] LogOutputStream:77 - [STDOUT_REDIRECT] 
2025-09-13 15:14:39,633 [INFO] ApplicationProperties:184 - Using Application install path: C:\ST\STM32CubeIDE_1.16.1\STM32CubeIDE\plugins\com.st.stm32cube.common.mx_6.12.1.202409122256
2025-09-13 15:14:39,653 [INFO] DbMcusXml:78 - Set database path to: C:\ST\STM32CubeIDE_1.16.1\STM32CubeIDE\plugins\com.st.stm32cube.common.mx_6.12.1.202409122256\\db\/mcu/
2025-09-13 15:14:39,654 [INFO] ApiDb:274 - Set plugin database path to: C:\ST\STM32CubeIDE_1.16.1\STM32CubeIDE\plugins\com.st.stm32cube.common.mx_6.12.1.202409122256\\db\/plugins/boardmanager/
2025-09-13 15:14:39,654 [WARN] ApiDb:259 - Overriding images path with different value:  => C:\ST\STM32CubeIDE_1.16.1\STM32CubeIDE\plugins\com.st.stm32cube.common.mx_6.12.1.202409122256\\db\/plugins/mcufinder/images/
2025-09-13 15:14:39,660 [INFO] ApiDb:250 - Set database path to: C:\Users\nacho\.stmcufinder\plugins\mcufinder//mcu/
2025-09-13 15:14:39,661 [INFO] DbMcusAds:125 - Set database path to: C:\Users\nacho\.stmcufinder\plugins\mcufinder//mcu/
2025-09-13 15:14:39,664 [INFO] CrossReferenceDbSqlite:203 - Set database path to: C:\Users\nacho\.stmcufinder\plugins\mcufinder//mcu/cs/
2025-09-13 15:14:39,792 [INFO] RulesReader:64 - Compatibility file has been processed (297 Rules)
2025-09-13 15:14:39,877 [INFO] DbMcusXml:78 - Set database path to: C:\ST\STM32CubeIDE_1.16.1\STM32CubeIDE\plugins\com.st.stm32cube.common.mx_6.12.1.202409122256\\db\/mcu/
2025-09-13 15:14:39,877 [INFO] ApiDb:274 - Set plugin database path to: C:\ST\STM32CubeIDE_1.16.1\STM32CubeIDE\plugins\com.st.stm32cube.common.mx_6.12.1.202409122256\\db\/plugins/boardmanager/
2025-09-13 15:14:39,877 [INFO] ApiDb:261 - Set plugin images path to: C:\ST\STM32CubeIDE_1.16.1\STM32CubeIDE\plugins\com.st.stm32cube.common.mx_6.12.1.202409122256\\db\/plugins/mcufinder/images/
2025-09-13 15:14:39,877 [WARN] DbFile:41 - Overriding database path with different value: C:\Users\nacho\.stmcufinder\plugins\mcufinder/ => C:\Users\nacho\.stmcufinder\plugins\mcufinder
2025-09-13 15:14:39,877 [INFO] ApiDb:250 - Set database path to: C:\Users\nacho\.stmcufinder\plugins\mcufinder//mcu/
2025-09-13 15:14:39,877 [WARN] DbFile:41 - Overriding database path with different value: C:\Users\nacho\.stmcufinder\plugins\mcufinder/ => C:\Users\nacho\.stmcufinder\plugins\mcufinder
2025-09-13 15:14:39,877 [INFO] DbMcusAds:125 - Set database path to: C:\Users\nacho\.stmcufinder\plugins\mcufinder//mcu/
2025-09-13 15:14:39,878 [WARN] DbFile:41 - Overriding database path with different value: C:\Users\nacho\.stmcufinder\plugins\mcufinder/ => C:\Users\nacho\.stmcufinder\plugins\mcufinder
2025-09-13 15:14:39,878 [WARN] DbFile:41 - Overriding database path with different value: C:\Users\nacho\.stmcufinder\plugins\mcufinder/ => C:\Users\nacho\.stmcufinder\plugins\mcufinder
2025-09-13 15:14:39,878 [INFO] CrossReferenceDbSqlite:203 - Set database path to: C:\Users\nacho\.stmcufinder\plugins\mcufinder//mcu/cs/
2025-09-13 15:14:39,976 [INFO] MainPanel:268 - HeapMemory: 268435456
2025-09-13 15:14:40,069 [INFO] DbMcusXml:78 - Set database path to: C:\ST\STM32CubeIDE_1.16.1\STM32CubeIDE\plugins\com.st.stm32cube.common.mx_6.12.1.202409122256\\db\/mcu/
2025-09-13 15:14:40,069 [INFO] ApiDb:274 - Set plugin database path to: C:\ST\STM32CubeIDE_1.16.1\STM32CubeIDE\plugins\com.st.stm32cube.common.mx_6.12.1.202409122256\\db\/plugins/boardmanager/
2025-09-13 15:14:40,069 [INFO] ApiDb:261 - Set plugin images path to: C:\ST\STM32CubeIDE_1.16.1\STM32CubeIDE\plugins\com.st.stm32cube.common.mx_6.12.1.202409122256\\db\/plugins/mcufinder/images/
2025-09-13 15:14:40,070 [WARN] DbFile:41 - Overriding database path with different value: C:\Users\nacho\.stmcufinder\plugins\mcufinder/ => C:\Users\nacho\.stmcufinder\plugins\mcufinder
2025-09-13 15:14:40,070 [INFO] ApiDb:250 - Set database path to: C:\Users\nacho\.stmcufinder\plugins\mcufinder//mcu/
2025-09-13 15:14:40,070 [WARN] DbFile:41 - Overriding database path with different value: C:\Users\nacho\.stmcufinder\plugins\mcufinder/ => C:\Users\nacho\.stmcufinder\plugins\mcufinder
2025-09-13 15:14:40,070 [INFO] DbMcusAds:125 - Set database path to: C:\Users\nacho\.stmcufinder\plugins\mcufinder//mcu/
2025-09-13 15:14:40,070 [WARN] DbFile:41 - Overriding database path with different value: C:\Users\nacho\.stmcufinder\plugins\mcufinder/ => C:\Users\nacho\.stmcufinder\plugins\mcufinder
2025-09-13 15:14:40,070 [WARN] DbFile:41 - Overriding database path with different value: C:\Users\nacho\.stmcufinder\plugins\mcufinder/ => C:\Users\nacho\.stmcufinder\plugins\mcufinder
2025-09-13 15:14:40,070 [INFO] CrossReferenceDbSqlite:203 - Set database path to: C:\Users\nacho\.stmcufinder\plugins\mcufinder//mcu/cs/
2025-09-13 15:14:40,088 [INFO] ApplicationProperties:184 - Using Application install path: C:\ST\STM32CubeIDE_1.16.1\STM32CubeIDE\plugins\com.st.stm32cube.common.mx_6.12.1.202409122256
2025-09-13 15:14:40,090 [INFO] PluginManage:196 - Search for loadable plugins [exclusion list=, ]
2025-09-13 15:14:40,091 [INFO] PluginManage:310 - Check plugin analytics
2025-09-13 15:14:40,298 [INFO] AnalyticsPlugin:253 - Accepted Software Licenses: STM32CubeMX.6.12.1,STM32CubeMX.6.15.0
2025-09-13 15:14:40,299 [INFO] AnalyticsPlugin:255 - Accepted CMSIS Pack Licenses: 
2025-09-13 15:14:40,299 [INFO] AnalyticsPlugin:257 - Accepted Firmware Licenses: FW.WL.1.3.0
2025-09-13 15:14:40,303 [INFO] PluginManage:359 - Loaded plugin analytics (category:tool,tabindex:-1)
2025-09-13 15:14:40,304 [INFO] PluginManage:310 - Check plugin cadmodel
2025-09-13 15:14:40,310 [INFO] CADModel:105 - Init CAD model plugin
2025-09-13 15:14:40,311 [INFO] PluginManage:359 - Loaded plugin cadmodel (category:power,tabindex:5)
2025-09-13 15:14:40,311 [INFO] PluginManage:310 - Check plugin clock
2025-09-13 15:14:40,325 [INFO] PluginManage:359 - Loaded plugin clock (category:base,tabindex:2)
2025-09-13 15:14:40,326 [INFO] PluginManage:310 - Check plugin ddr
2025-09-13 15:14:40,330 [INFO] PluginManage:359 - Loaded plugin ddr (category:tool,tabindex:6)
2025-09-13 15:14:40,330 [INFO] PluginManage:310 - Check plugin filemanager
2025-09-13 15:14:40,565 [INFO] PluginManage:359 - Loaded plugin filemanager (category:base,tabindex:10)
2025-09-13 15:14:40,566 [INFO] PluginManage:310 - Check plugin ipmanager
2025-09-13 15:14:40,582 [INFO] PluginManage:359 - Loaded plugin ipmanager (category:base,tabindex:5)
2025-09-13 15:14:40,582 [INFO] PluginManage:310 - Check plugin lpbam
2025-09-13 15:14:40,594 [INFO] PluginManage:359 - Loaded plugin lpbam (category:base,tabindex:0)
2025-09-13 15:14:40,595 [INFO] PluginManage:310 - Check plugin memorymap
2025-09-13 15:14:40,614 [INFO] PluginManage:359 - Loaded plugin memorymap (category:base,tabindex:4)
2025-09-13 15:14:40,614 [INFO] PluginManage:310 - Check plugin pinoutandconfiguration
2025-09-13 15:14:40,626 [INFO] PluginManage:359 - Loaded plugin pinoutandconfiguration (category:base,tabindex:1)
2025-09-13 15:14:40,627 [INFO] PluginManage:310 - Check plugin pinoutconfig
2025-09-13 15:14:40,759 [WARN] SupportedApi:132 - Cannot load RTOS API schema: s4s-elt-must-match.1: The content of 'definitions' must match (annotation?, (simpleType | complexType)?, (unique | key | keyref)*)). A problem was found starting at: attribute.
2025-09-13 15:14:40,958 [INFO] PluginManage:359 - Loaded plugin pinoutconfig (category:base,tabindex:0)
2025-09-13 15:14:40,959 [INFO] PluginManage:310 - Check plugin power
2025-09-13 15:14:40,968 [INFO] PluginManage:359 - Loaded plugin power (category:power,tabindex:4)
2025-09-13 15:14:40,968 [INFO] PluginManage:310 - Check plugin projectmanager
2025-09-13 15:14:40,987 [INFO] PluginManage:359 - Loaded plugin projectmanager (category:projectmanager,tabindex:4)
2025-09-13 15:14:40,988 [INFO] PluginManage:310 - Check plugin rif
2025-09-13 15:14:40,994 [INFO] PluginManage:359 - Loaded plugin rif (category:base,tabindex:3)
2025-09-13 15:14:40,994 [INFO] PluginManage:310 - Check plugin thirdparty
2025-09-13 15:14:41,143 [INFO] PluginManage:359 - Loaded plugin thirdparty (category:base,tabindex:-1)
2025-09-13 15:14:41,143 [INFO] PluginManage:310 - Check plugin tools
2025-09-13 15:14:41,143 [WARN] IntegrityCheckThread:84 - waiting for thirdparty lock release [integrity check]
2025-09-13 15:14:41,143 [INFO] IntegrityCheckThread:86 - entering critical section [integrity check]
2025-09-13 15:14:41,144 [INFO] ThirdPartyUpdaterWithRetryManager:70 - Updater plugin not ready yet. [1/15]
2025-09-13 15:14:41,147 [INFO] PluginManage:359 - Loaded plugin tools (category:base,tabindex:7)
2025-09-13 15:14:41,147 [INFO] PluginManage:310 - Check plugin tutovideos
2025-09-13 15:14:41,335 [INFO] PluginManage:359 - Loaded plugin tutovideos (category:base,tabindex:-1)
2025-09-13 15:14:41,335 [INFO] PluginManage:310 - Check plugin updater
2025-09-13 15:14:41,352 [INFO] PluginManage:359 - Loaded plugin updater (category:base,tabindex:12)
2025-09-13 15:14:41,353 [INFO] PluginManage:310 - Check plugin userauth
2025-09-13 15:14:41,359 [INFO] UserAuth:113 - Init User Auth plugin
2025-09-13 15:14:41,359 [INFO] PluginManage:359 - Loaded plugin userauth (category:base,tabindex:14)
2025-09-13 15:14:41,360 [INFO] PluginManage:283 - PluginManage : Loaded plugins [18]
2025-09-13 15:14:41,557 [INFO] PinOutPanel:1561 - setPackage(No Configuration,No Configuration)
2025-09-13 15:14:41,638 [INFO] CADModel:165 - CPN selected for project level
2025-09-13 15:14:41,638 [INFO] CADModel:114 - Register for checkConnection events
2025-09-13 15:14:41,655 [INFO] IPUIPlugin:80 - create IPUIPlugin
2025-09-13 15:14:41,655 [INFO] PluginManager:220 - loadIPPluginJar : add adc
2025-09-13 15:14:41,657 [INFO] IPUIPlugin:80 - create IPUIPlugin
2025-09-13 15:14:41,658 [INFO] PluginManager:220 - loadIPPluginJar : add aes
2025-09-13 15:14:41,660 [INFO] IPUIPlugin:80 - create IPUIPlugin
2025-09-13 15:14:41,661 [INFO] PluginManager:220 - loadIPPluginJar : add can
2025-09-13 15:14:41,662 [INFO] IPUIPlugin:80 - create IPUIPlugin
2025-09-13 15:14:41,662 [INFO] PluginManager:220 - loadIPPluginJar : add comp
2025-09-13 15:14:41,664 [INFO] IPUIPlugin:80 - create IPUIPlugin
2025-09-13 15:14:41,664 [INFO] PluginManager:220 - loadIPPluginJar : add cryp
2025-09-13 15:14:41,666 [INFO] IPUIPlugin:80 - create IPUIPlugin
2025-09-13 15:14:41,666 [INFO] PluginManager:220 - loadIPPluginJar : add ddr_ctrl_phy
2025-09-13 15:14:41,669 [INFO] IPUIPlugin:80 - create IPUIPlugin
2025-09-13 15:14:41,669 [INFO] PluginManager:220 - loadIPPluginJar : add dfsdm
2025-09-13 15:14:41,674 [INFO] IPUIPlugin:80 - create IPUIPlugin
2025-09-13 15:14:41,674 [INFO] PluginManager:220 - loadIPPluginJar : add dma
2025-09-13 15:14:41,676 [INFO] IPUIPlugin:80 - create IPUIPlugin
2025-09-13 15:14:41,676 [INFO] PluginManager:220 - loadIPPluginJar : add dma3
2025-09-13 15:14:41,679 [INFO] IPUIPlugin:80 - create IPUIPlugin
2025-09-13 15:14:41,679 [INFO] PluginManager:220 - loadIPPluginJar : add extmemmanager
2025-09-13 15:14:41,681 [INFO] IPUIPlugin:80 - create IPUIPlugin
2025-09-13 15:14:41,681 [INFO] PluginManager:220 - loadIPPluginJar : add fatfs
2025-09-13 15:14:41,685 [INFO] IPUIPlugin:80 - create IPUIPlugin
2025-09-13 15:14:41,685 [INFO] PluginManager:220 - loadIPPluginJar : add fmc
2025-09-13 15:14:41,691 [INFO] IPUIPlugin:80 - create IPUIPlugin
2025-09-13 15:14:41,691 [INFO] PluginManager:220 - loadIPPluginJar : add freertos
2025-09-13 15:14:41,693 [INFO] IPUIPlugin:80 - create IPUIPlugin
2025-09-13 15:14:41,693 [INFO] PluginManager:220 - loadIPPluginJar : add genericplugin
2025-09-13 15:14:41,694 [INFO] IPUIPlugin:80 - create IPUIPlugin
2025-09-13 15:14:41,694 [INFO] PluginManager:220 - loadIPPluginJar : add gfxmmu
2025-09-13 15:14:41,701 [INFO] IPUIPlugin:80 - create IPUIPlugin
2025-09-13 15:14:41,702 [INFO] PluginManager:220 - loadIPPluginJar : add gic
2025-09-13 15:14:41,707 [INFO] IPUIPlugin:80 - create IPUIPlugin
2025-09-13 15:14:41,707 [INFO] PluginManager:220 - loadIPPluginJar : add gpio
2025-09-13 15:14:41,711 [INFO] IPUIPlugin:80 - create IPUIPlugin
2025-09-13 15:14:41,711 [INFO] PluginManager:220 - loadIPPluginJar : add gtzc
2025-09-13 15:14:41,713 [INFO] IPUIPlugin:80 - create IPUIPlugin
2025-09-13 15:14:41,714 [INFO] PluginManager:220 - loadIPPluginJar : add hash
2025-09-13 15:14:41,716 [INFO] IPUIPlugin:80 - create IPUIPlugin
2025-09-13 15:14:41,716 [INFO] PluginManager:220 - loadIPPluginJar : add i2c
2025-09-13 15:14:41,718 [INFO] IPUIPlugin:80 - create IPUIPlugin
2025-09-13 15:14:41,718 [INFO] PluginManager:220 - loadIPPluginJar : add i2s
2025-09-13 15:14:41,721 [INFO] IPUIPlugin:80 - create IPUIPlugin
2025-09-13 15:14:41,722 [INFO] PluginManager:220 - loadIPPluginJar : add i3c
2025-09-13 15:14:41,726 [INFO] IPUIPlugin:80 - create IPUIPlugin
2025-09-13 15:14:41,726 [INFO] PluginManager:220 - loadIPPluginJar : add ipddr
2025-09-13 15:14:41,734 [INFO] IPUIPlugin:80 - create IPUIPlugin
2025-09-13 15:14:41,734 [INFO] PluginManager:220 - loadIPPluginJar : add linkedlist
2025-09-13 15:14:41,737 [INFO] IPUIPlugin:80 - create IPUIPlugin
2025-09-13 15:14:41,737 [INFO] PluginManager:220 - loadIPPluginJar : add lorawan
2025-09-13 15:14:41,739 [INFO] IPUIPlugin:80 - create IPUIPlugin
2025-09-13 15:14:41,739 [INFO] PluginManager:220 - loadIPPluginJar : add ltdc
2025-09-13 15:14:41,745 [INFO] IPUIPlugin:80 - create IPUIPlugin
2025-09-13 15:14:41,745 [INFO] PluginManager:220 - loadIPPluginJar : add mdma
2025-09-13 15:14:41,749 [INFO] IPUIPlugin:80 - create IPUIPlugin
2025-09-13 15:14:41,750 [INFO] PluginManager:220 - loadIPPluginJar : add nvic
2025-09-13 15:14:41,752 [INFO] IPUIPlugin:80 - create IPUIPlugin
2025-09-13 15:14:41,752 [INFO] PluginManager:220 - loadIPPluginJar : add opamp
2025-09-13 15:14:41,755 [INFO] IPUIPlugin:80 - create IPUIPlugin
2025-09-13 15:14:41,756 [INFO] PluginManager:220 - loadIPPluginJar : add openamp
2025-09-13 15:14:41,758 [INFO] IPUIPlugin:80 - create IPUIPlugin
2025-09-13 15:14:41,759 [INFO] PluginManager:220 - loadIPPluginJar : add pdm2pcm
2025-09-13 15:14:41,764 [INFO] IPUIPlugin:80 - create IPUIPlugin
2025-09-13 15:14:41,767 [INFO] PluginManager:220 - loadIPPluginJar : add plateformsettings
2025-09-13 15:14:41,769 [INFO] IPUIPlugin:80 - create IPUIPlugin
2025-09-13 15:14:41,769 [INFO] PluginManager:220 - loadIPPluginJar : add quadspi
2025-09-13 15:14:41,771 [INFO] IPUIPlugin:80 - create IPUIPlugin
2025-09-13 15:14:41,771 [INFO] PluginManager:220 - loadIPPluginJar : add radio
2025-09-13 15:14:41,774 [INFO] IPUIPlugin:80 - create IPUIPlugin
2025-09-13 15:14:41,775 [INFO] PluginManager:220 - loadIPPluginJar : add resmgrutility
2025-09-13 15:14:41,778 [INFO] IPUIPlugin:80 - create IPUIPlugin
2025-09-13 15:14:41,779 [INFO] PluginManager:220 - loadIPPluginJar : add sai
2025-09-13 15:14:41,781 [INFO] IPUIPlugin:80 - create IPUIPlugin
2025-09-13 15:14:41,781 [INFO] PluginManager:220 - loadIPPluginJar : add spi
2025-09-13 15:14:41,787 [INFO] IPUIPlugin:80 - create IPUIPlugin
2025-09-13 15:14:41,787 [INFO] PluginManager:220 - loadIPPluginJar : add stm32_wpan
2025-09-13 15:14:41,790 [INFO] IPUIPlugin:80 - create IPUIPlugin
2025-09-13 15:14:41,791 [INFO] PluginManager:220 - loadIPPluginJar : add tim
2025-09-13 15:14:41,794 [INFO] IPUIPlugin:80 - create IPUIPlugin
2025-09-13 15:14:41,794 [INFO] PluginManager:220 - loadIPPluginJar : add touchsensing
2025-09-13 15:14:41,799 [INFO] IPUIPlugin:80 - create IPUIPlugin
2025-09-13 15:14:41,799 [INFO] PluginManager:220 - loadIPPluginJar : add tracer_emb
2025-09-13 15:14:41,802 [INFO] IPUIPlugin:80 - create IPUIPlugin
2025-09-13 15:14:41,802 [INFO] PluginManager:220 - loadIPPluginJar : add ts
2025-09-13 15:14:41,805 [INFO] IPUIPlugin:80 - create IPUIPlugin
2025-09-13 15:14:41,805 [INFO] PluginManager:220 - loadIPPluginJar : add tsc
2025-09-13 15:14:41,807 [INFO] IPUIPlugin:80 - create IPUIPlugin
2025-09-13 15:14:41,807 [INFO] PluginManager:220 - loadIPPluginJar : add ucpd
2025-09-13 15:14:41,812 [INFO] IPUIPlugin:80 - create IPUIPlugin
2025-09-13 15:14:41,812 [INFO] PluginManager:220 - loadIPPluginJar : add usart
2025-09-13 15:14:41,816 [INFO] IPUIPlugin:80 - create IPUIPlugin
2025-09-13 15:14:41,816 [INFO] PluginManager:220 - loadIPPluginJar : add usbx
2025-09-13 15:14:41,987 [INFO] CADModel:165 - CPN selected for project level
2025-09-13 15:14:41,988 [INFO] CADModel:114 - Register for checkConnection events
2025-09-13 15:14:41,988 [FATAL] Updater:334 - Updater called before beeing initialized
2025-09-13 15:14:41,988 [ERROR] CADModel:125 - Updater not yet initialized, retry later 
2025-09-13 15:14:42,119 [INFO] CADModel:165 - CPN selected for project level
2025-09-13 15:14:42,119 [INFO] CADModel:114 - Register for checkConnection events
2025-09-13 15:14:42,119 [FATAL] Updater:334 - Updater called before beeing initialized
2025-09-13 15:14:42,119 [ERROR] CADModel:125 - Updater not yet initialized, retry later 
2025-09-13 15:14:42,122 [FATAL] Updater:334 - Updater called before beeing initialized
2025-09-13 15:14:42,239 [FATAL] Updater:334 - Updater called before beeing initialized
2025-09-13 15:14:42,244 [INFO] DbMcusAds:53 - JSON generation date=Tue Jul 08 05:14:23 ART 2025 (1751962463582)
2025-09-13 15:14:42,244 [FATAL] Updater:334 - Updater called before beeing initialized
2025-09-13 15:14:42,275 [WARN] DetailPanel:346 - Failed to get advertising image, set to default
2025-09-13 15:14:42,349 [FATAL] Updater:334 - Updater called before beeing initialized
2025-09-13 15:14:42,350 [FATAL] Updater:334 - Updater called before beeing initialized
2025-09-13 15:14:42,351 [FATAL] Updater:334 - Updater called before beeing initialized
2025-09-13 15:14:42,351 [WARN] DetailPanel:346 - Failed to get advertising image, set to default
2025-09-13 15:14:42,352 [FATAL] Updater:334 - Updater called before beeing initialized
2025-09-13 15:14:42,396 [ERROR] Updater:1164 - MainUpdater not yet initialized. External WinMGr cannot be set.
2025-09-13 15:14:42,399 [INFO] Updater:1100 - Updater Version found : 6.12.1
2025-09-13 15:14:42,418 [INFO] ApplicationProperties:184 - Using Application install path: C:\ST\STM32CubeIDE_1.16.1\STM32CubeIDE\plugins\com.st.stm32cube.common.mx_6.12.1.202409122256
2025-09-13 15:14:42,702 [INFO] MainUpdater:2873 - connection check result : 10
2025-09-13 15:14:42,703 [INFO] MainUpdater:290 - Updater Check For Update Now.
2025-09-13 15:14:42,703 [INFO] MicroXplorer:498 - Change Database Version : DB.6.0.121
2025-09-13 15:14:42,709 [INFO] McuFinderGlobals:63 - Set McuFinder mode to 2 (CubeIDE integrated)
2025-09-13 15:14:42,710 [INFO] UserAuth:417 - Internet connection configuration mode: 1
2025-09-13 15:14:42,732 [INFO] JxBrowserEngine:152 - Initiate JxBrowser Engine with user profile folder
2025-09-13 15:14:42,911 [INFO] CheckServerUpdateThread:120 - End of CheckServer Thread
2025-09-13 15:14:43,603 [INFO] WebApp:167 - Instantiating new browser for Auth
2025-09-13 15:14:44,431 [INFO] WebApp:448 - Apply proxy settings
2025-09-13 15:14:44,431 [INFO] WebApp:533 - Chromium requires no authentication
2025-09-13 15:14:44,439 [INFO] WebApp:476 - Direct internet connection detected
2025-09-13 15:14:44,482 [INFO] WebApp:869 - Register for checkConnection events
2025-09-13 15:14:44,482 [INFO] WebApp:448 - Apply proxy settings
2025-09-13 15:14:44,482 [INFO] WebApp:533 - Chromium requires no authentication
2025-09-13 15:14:44,485 [INFO] WebApp:476 - Direct internet connection detected
2025-09-13 15:14:44,501 [WARN] PackLoader:240 - Cannot read IP mode file for STMicroelectronics.FP-SNS-MOTENVWB1.1.4.0
2025-09-13 15:14:44,513 [WARN] PackLoader:240 - Cannot read IP mode file for STMicroelectronics.FP-ATR-ASTRA1.2.0.2
2025-09-13 15:14:44,520 [WARN] PackLoader:240 - Cannot read IP mode file for STMicroelectronics.FP-ATR-ASTRA1.2.0.1
2025-09-13 15:14:44,533 [WARN] PackLoader:240 - Cannot read IP mode file for STMicroelectronics.X-CUBE-SMBUS.2.1.0
2025-09-13 15:14:44,546 [WARN] PackLoader:240 - Cannot read IP mode file for STMicroelectronics.X-CUBE-WB05N.1.1.0
2025-09-13 15:14:44,551 [ERROR] Engine:466 - C:\Users\nacho\.stm32cubemx\thirdparties\pdsc\STMicroelectronics.X-CUBE-ST60.1.0.0.pdsc: PDSC version is not supported
2025-09-13 15:14:44,587 [WARN] PackLoader:240 - Cannot read IP mode file for STMicroelectronics.X-CUBE-AZRTOS-F7.1.1.0
2025-09-13 15:14:44,683 [INFO] WebApp:186 - Connection restablished
2025-09-13 15:14:44,702 [WARN] PackLoader:240 - Cannot read IP mode file for STMicroelectronics.X-CUBE-MEMS1.11.0.0
2025-09-13 15:14:44,932 [WARN] PackLoader:240 - Cannot read IP mode file for STMicroelectronics.FP-SNS-FLIGHT1.5.0.2
2025-09-13 15:14:44,962 [WARN] PackLoader:240 - Cannot read IP mode file for STMicroelectronics.X-CUBE-AZRTOS-H7.3.4.0
2025-09-13 15:14:44,980 [WARN] PackLoader:240 - Cannot read IP mode file for STMicroelectronics.X-CUBE-DISPLAY.3.0.0
2025-09-13 15:14:45,016 [WARN] PackLoader:240 - Cannot read IP mode file for STMicroelectronics.X-CUBE-BLE1.7.0.0
2025-09-13 15:14:45,028 [WARN] PackLoader:240 - Cannot read IP mode file for STMicroelectronics.X-CUBE-NFC10.1.0.0
2025-09-13 15:14:45,060 [WARN] PackLoader:240 - Cannot read IP mode file for STMicroelectronics.X-CUBE-BLEMGR.4.0.0
2025-09-13 15:14:45,073 [WARN] PackLoader:240 - Cannot read IP mode file for emotas.I-CUBE-CANOPEN.1.3.0
2025-09-13 15:14:45,086 [WARN] PackLoader:240 - Cannot read IP mode file for STMicroelectronics.X-CUBE-BLEMGR.3.1.0
2025-09-13 15:14:45,095 [WARN] PackLoader:240 - Cannot read IP mode file for STMicroelectronics.X-CUBE-AI.10.0.0
2025-09-13 15:14:45,101 [ERROR] Engine:466 - C:\Users\nacho\.stm32cubemx\thirdparties\pdsc\STMicroelectronics.FP-SNS-STBOX1.2.1.0.pdsc: PDSC version is not supported
2025-09-13 15:14:45,106 [INFO] WebApp:220 - Starting web application
2025-09-13 15:14:45,106 [INFO] WebApp:578 - Web application path used C:\ST\STM32CubeIDE_1.16.1\STM32CubeIDE\plugins\com.st.stm32cube.common.mx_6.12.1.202409122256\db\plugins\mcufinder\reactClient1\index.html
2025-09-13 15:14:45,109 [WARN] PackLoader:240 - Cannot read IP mode file for STMicroelectronics.FP-SNS-SMARTAG2.1.2.0
2025-09-13 15:14:45,114 [ERROR] Engine:466 - C:\Users\nacho\.stm32cubemx\thirdparties\pdsc\STMicroelectronics.FP-SNS-FLIGHT1.5.1.0.pdsc: PDSC version is not supported
2025-09-13 15:14:45,214 [WARN] PackLoader:240 - Cannot read IP mode file for STMicroelectronics.X-CUBE-MEMS1.11.1.0
2025-09-13 15:14:45,332 [INFO] UserAuth:417 - Internet connection configuration mode: 1
2025-09-13 15:14:45,415 [INFO] LogOutputStream:77 - [STDOUT_REDIRECT] 1 : Invalid condition id : UX_CORESTACK_Condition cause : null
2025-09-13 15:14:45,416 [INFO] LogOutputStream:77 - [STDOUT_REDIRECT] 1 : Invalid condition id : UX_CORESTACK_Condition cause : null
2025-09-13 15:14:45,418 [INFO] LogOutputStream:77 - [STDOUT_REDIRECT] 1 : Invalid condition id : UX_CORESTACK_Condition cause : null
2025-09-13 15:14:45,420 [INFO] LogOutputStream:77 - [STDOUT_REDIRECT] 1 : Invalid condition id : UX_CORESTACK_Condition cause : null
2025-09-13 15:14:45,422 [INFO] LogOutputStream:77 - [STDOUT_REDIRECT] 1 : Invalid condition id : UX_CORESTACK_Condition cause : null
2025-09-13 15:14:45,426 [WARN] PackLoader:240 - Cannot read IP mode file for STMicroelectronics.X-CUBE-AZRTOS-WL.2.0.0
2025-09-13 15:14:45,435 [WARN] PackLoader:240 - Cannot read IP mode file for STMicroelectronics.FP-SNS-MOTENV1.5.0.0
2025-09-13 15:14:45,443 [WARN] PackLoader:240 - Cannot read IP mode file for wolfSSL.I-CUBE-wolfMQTT.1.19.0
2025-09-13 15:14:45,453 [WARN] PackLoader:240 - Cannot read IP mode file for WES.I-CUBE-Cesium.1.3.0
2025-09-13 15:14:45,459 [WARN] PackLoader:240 - Cannot read IP mode file for STMicroelectronics.X-CUBE-BLE2.3.3.0
2025-09-13 15:14:45,468 [WARN] PackLoader:240 - Cannot read IP mode file for STMicroelectronics.X-CUBE-NFC9.1.0.0
2025-09-13 15:14:45,476 [WARN] PackLoader:240 - Cannot read IP mode file for STMicroelectronics.X-CUBE-BLE1.7.1.0
2025-09-13 15:14:45,486 [WARN] PackLoader:240 - Cannot read IP mode file for STMicroelectronics.X-CUBE-TCPP.4.1.0
2025-09-13 15:14:45,500 [WARN] PackLoader:240 - Cannot read IP mode file for STMicroelectronics.X-CUBE-EEPRMA1.5.2.0
2025-09-13 15:14:45,507 [WARN] PackLoader:240 - Cannot read IP mode file for STMicroelectronics.X-CUBE-AI.10.1.0
2025-09-13 15:14:45,579 [WARN] PackLoader:240 - Cannot read IP mode file for STMicroelectronics.X-CUBE-MEMS1.11.2.0
2025-09-13 15:14:45,807 [WARN] PackLoader:240 - Cannot read IP mode file for STMicroelectronics.X-CUBE-AZRTOS-G0.1.1.0
2025-09-13 15:14:45,819 [WARN] PackLoader:240 - Cannot read IP mode file for STMicroelectronics.X-CUBE-SAFEA1.1.2.2
2025-09-13 15:14:45,827 [WARN] PackLoader:240 - Cannot read IP mode file for STMicroelectronics.X-CUBE-NFC4.3.0.0
2025-09-13 15:14:45,840 [WARN] PackLoader:240 - Cannot read IP mode file for EmbeddedOffice.I-CUBE-FS-RTOS.1.0.1
2025-09-13 15:14:45,841 [ERROR] ConditionMgr:805 - Attr not supported : Dmpu
2025-09-13 15:14:45,841 [ERROR] ConditionMgr:805 - Attr not supported : Dmpu
2025-09-13 15:14:45,841 [ERROR] ConditionMgr:805 - Attr not supported : Dmpu
2025-09-13 15:14:45,841 [ERROR] ConditionMgr:805 - Attr not supported : Dmpu
2025-09-13 15:14:45,841 [ERROR] ConditionMgr:805 - Attr not supported : Dmpu
2025-09-13 15:14:45,841 [ERROR] ConditionMgr:805 - Attr not supported : Dmpu
2025-09-13 15:14:45,841 [ERROR] ConditionMgr:805 - Attr not supported : Dmpu
2025-09-13 15:14:45,841 [ERROR] ConditionMgr:805 - Attr not supported : Dmpu
2025-09-13 15:14:45,841 [ERROR] ConditionMgr:805 - Attr not supported : Dmpu
2025-09-13 15:14:45,841 [ERROR] ConditionMgr:805 - Attr not supported : Dmpu
2025-09-13 15:14:45,842 [ERROR] ConditionMgr:805 - Attr not supported : Dmpu
2025-09-13 15:14:45,842 [ERROR] ConditionMgr:805 - Attr not supported : Dmpu
2025-09-13 15:14:45,842 [ERROR] ConditionMgr:805 - Attr not supported : Dmpu
2025-09-13 15:14:45,842 [ERROR] ConditionMgr:805 - Attr not supported : Dmpu
2025-09-13 15:14:45,842 [ERROR] ConditionMgr:805 - Attr not supported : Dmpu
2025-09-13 15:14:45,842 [ERROR] ConditionMgr:805 - Attr not supported : Dmpu
2025-09-13 15:14:45,842 [ERROR] ConditionMgr:805 - Attr not supported : Dmpu
2025-09-13 15:14:45,842 [ERROR] ConditionMgr:805 - Attr not supported : Dmpu
2025-09-13 15:14:45,842 [ERROR] ConditionMgr:805 - Attr not supported : Dmpu
2025-09-13 15:14:45,842 [ERROR] ConditionMgr:805 - Attr not supported : Dmpu
2025-09-13 15:14:45,842 [ERROR] ConditionMgr:805 - Attr not supported : Dmpu
2025-09-13 15:14:45,842 [ERROR] ConditionMgr:805 - Attr not supported : Dmpu
2025-09-13 15:14:45,842 [ERROR] ConditionMgr:805 - Attr not supported : Dmpu
2025-09-13 15:14:45,842 [ERROR] ConditionMgr:805 - Attr not supported : Dmpu
2025-09-13 15:14:45,842 [ERROR] ConditionMgr:805 - Attr not supported : Dmpu
2025-09-13 15:14:45,843 [ERROR] ConditionMgr:805 - Attr not supported : Dmpu
2025-09-13 15:14:45,843 [ERROR] ConditionMgr:805 - Attr not supported : Dmpu
2025-09-13 15:14:45,843 [ERROR] ConditionMgr:805 - Attr not supported : Dmpu
2025-09-13 15:14:45,843 [ERROR] ConditionMgr:805 - Attr not supported : Dmpu
2025-09-13 15:14:45,843 [ERROR] ConditionMgr:805 - Attr not supported : Dmpu
2025-09-13 15:14:45,843 [ERROR] ConditionMgr:805 - Attr not supported : Dmpu
2025-09-13 15:14:45,843 [ERROR] ConditionMgr:805 - Attr not supported : Dmpu
2025-09-13 15:14:45,843 [ERROR] ConditionMgr:805 - Attr not supported : Dmpu
2025-09-13 15:14:45,843 [ERROR] ConditionMgr:805 - Attr not supported : Dmpu
2025-09-13 15:14:45,843 [ERROR] ConditionMgr:805 - Attr not supported : Dmpu
2025-09-13 15:14:45,844 [ERROR] ConditionMgr:805 - Attr not supported : Dmpu
2025-09-13 15:14:45,844 [ERROR] ConditionMgr:805 - Attr not supported : Dmpu
2025-09-13 15:14:45,844 [ERROR] ConditionMgr:805 - Attr not supported : Dmpu
2025-09-13 15:14:45,844 [ERROR] ConditionMgr:805 - Attr not supported : Dmpu
2025-09-13 15:14:45,844 [ERROR] ConditionMgr:805 - Attr not supported : Dmpu
2025-09-13 15:14:45,844 [ERROR] ConditionMgr:805 - Attr not supported : Dmpu
2025-09-13 15:14:45,845 [ERROR] ConditionMgr:805 - Attr not supported : Dmpu
2025-09-13 15:14:45,845 [ERROR] ConditionMgr:805 - Attr not supported : Dmpu
2025-09-13 15:14:45,845 [ERROR] ConditionMgr:805 - Attr not supported : Dmpu
2025-09-13 15:14:45,845 [ERROR] ConditionMgr:805 - Attr not supported : Dmpu
2025-09-13 15:14:45,845 [ERROR] ConditionMgr:805 - Attr not supported : Dmpu
2025-09-13 15:14:45,845 [ERROR] ConditionMgr:805 - Attr not supported : Dmpu
2025-09-13 15:14:45,845 [ERROR] ConditionMgr:805 - Attr not supported : Dmpu
2025-09-13 15:14:45,845 [ERROR] ConditionMgr:805 - Attr not supported : Dmpu
2025-09-13 15:14:45,845 [ERROR] ConditionMgr:805 - Attr not supported : Dmpu
2025-09-13 15:14:45,845 [ERROR] ConditionMgr:805 - Attr not supported : Dmpu
2025-09-13 15:14:45,845 [ERROR] ConditionMgr:805 - Attr not supported : Dmpu
2025-09-13 15:14:45,845 [ERROR] ConditionMgr:805 - Attr not supported : Dmpu
2025-09-13 15:14:45,845 [ERROR] ConditionMgr:805 - Attr not supported : Dmpu
2025-09-13 15:14:45,845 [ERROR] ConditionMgr:805 - Attr not supported : Dmpu
2025-09-13 15:14:45,845 [ERROR] ConditionMgr:805 - Attr not supported : Dmpu
2025-09-13 15:14:45,845 [ERROR] ConditionMgr:805 - Attr not supported : Dmpu
2025-09-13 15:14:45,845 [ERROR] ConditionMgr:805 - Attr not supported : Dmpu
2025-09-13 15:14:45,845 [ERROR] ConditionMgr:805 - Attr not supported : Dmpu
2025-09-13 15:14:45,847 [ERROR] ConditionMgr:805 - Attr not supported : Dmpu
2025-09-13 15:14:45,847 [ERROR] ConditionMgr:805 - Attr not supported : Dmpu
2025-09-13 15:14:45,847 [ERROR] ConditionMgr:805 - Attr not supported : Dmpu
2025-09-13 15:14:45,847 [ERROR] ConditionMgr:805 - Attr not supported : Dmpu
2025-09-13 15:14:45,847 [ERROR] ConditionMgr:805 - Attr not supported : Dmpu
2025-09-13 15:14:45,852 [WARN] PackLoader:240 - Cannot read IP mode file for STMicroelectronics.X-CUBE-WB05N.2.0.0
2025-09-13 15:14:45,857 [ERROR] Engine:466 - C:\Users\nacho\.stm32cubemx\thirdparties\pdsc\STMicroelectronics.X-CUBE-TCPP.4.2.0.pdsc: PDSC version is not supported
2025-09-13 15:14:45,864 [WARN] PackLoader:240 - Cannot read IP mode file for RealThread.X-CUBE-RT-Thread_Nano.4.1.1
2025-09-13 15:14:45,868 [WARN] PackLoader:240 - Cannot read IP mode file for STMicroelectronics.FP-ATR-SIGFOX1.3.2.0
2025-09-13 15:14:45,874 [WARN] ConditionMgr:438 - getConditionDescription Invalid condition id : Cortex-A Device cause : null
2025-09-13 15:14:45,895 [WARN] ConditionMgr:1039 - genDependencies : Invalid condition id : Cortex-A Device cause : null
2025-09-13 15:14:45,896 [WARN] ConditionMgr:1039 - genDependencies : Invalid condition id : Cortex-A Device cause : null
2025-09-13 15:14:45,896 [WARN] ConditionMgr:1039 - genDependencies : Invalid condition id : Cortex-A Device cause : null
2025-09-13 15:14:45,901 [WARN] PackLoader:240 - Cannot read IP mode file for STMicroelectronics.X-CUBE-EEPRMA1.5.1.0
2025-09-13 15:14:45,908 [WARN] PackLoader:240 - Cannot read IP mode file for wolfSSL.I-CUBE-wolfSSL.5.7.4
2025-09-13 15:14:45,915 [WARN] PackLoader:240 - Cannot read IP mode file for ITTIA_DB.I-CUBE-ITTIADB.8.9.0
2025-09-13 15:14:45,918 [ERROR] Engine:466 - C:\Users\nacho\.stm32cubemx\thirdparties\pdsc\STMicroelectronics.X-CUBE-ST67W61.1.0.0.pdsc: PDSC version is not supported
2025-09-13 15:14:45,921 [WARN] PackLoader:240 - Cannot read IP mode file for STMicroelectronics.X-CUBE-AI.10.2.0
2025-09-13 15:14:45,950 [WARN] PackLoader:240 - Cannot read IP mode file for SEGGER.I-CUBE-embOS.1.3.1
2025-09-13 15:14:45,986 [WARN] PackLoader:240 - Cannot read IP mode file for STMicroelectronics.X-CUBE-ALGOBUILD.1.4.0
2025-09-13 15:14:46,042 [WARN] PackLoader:240 - Cannot read IP mode file for STMicroelectronics.X-CUBE-MEMS1.11.3.0
2025-09-13 15:14:46,259 [WARN] PackLoader:240 - Cannot read IP mode file for STMicroelectronics.X-CUBE-AI.9.1.0
2025-09-13 15:14:46,266 [WARN] PackLoader:240 - Cannot read IP mode file for STMicroelectronics.X-CUBE-PM33A1.1.0.0
2025-09-13 15:14:46,286 [WARN] PackLoader:240 - Cannot read IP mode file for STMicroelectronics.X-CUBE-AZRTOS-F4.1.1.0
2025-09-13 15:14:46,292 [ERROR] Engine:466 - C:\Users\nacho\.stm32cubemx\thirdparties\pdsc\Avnet-IotConnect.X-CUBE-IoTC-DA16k-PMOD.1.0.0.pdsc: PDSC version is not supported
2025-09-13 15:14:46,297 [WARN] PackLoader:240 - Cannot read IP mode file for STMicroelectronics.X-CUBE-ISPU.2.1.0
2025-09-13 15:14:46,302 [WARN] PackLoader:240 - Cannot read IP mode file for STMicroelectronics.X-CUBE-FREERTOS.1.2.0
2025-09-13 15:14:46,310 [WARN] PackLoader:240 - Cannot read IP mode file for STMicroelectronics.X-CUBE-NFC12.1.0.0
2025-09-13 15:14:46,329 [WARN] PackLoader:240 - Cannot read IP mode file for STMicroelectronics.X-CUBE-AZRTOS-L5.2.0.0
2025-09-13 15:14:46,339 [WARN] PackLoader:240 - Cannot read IP mode file for STMicroelectronics.X-CUBE-NFC6.3.1.0
2025-09-13 15:14:46,347 [WARN] PackLoader:240 - Cannot read IP mode file for STMicroelectronics.X-CUBE-DPower.1.2.0
2025-09-13 15:14:46,353 [WARN] PackLoader:240 - Cannot read IP mode file for STMicroelectronics.X-CUBE-FREERTOS.1.3.1
2025-09-13 15:14:46,357 [WARN] PackLoader:240 - Cannot read IP mode file for STMicroelectronics.X-CUBE-FREERTOS.1.3.0
2025-09-13 15:14:46,366 [WARN] PackLoader:240 - Cannot read IP mode file for STMicroelectronics.X-CUBE-NFC7.1.0.1
2025-09-13 15:14:46,368 [ERROR] Engine:466 - C:\Users\nacho\.stm32cubemx\thirdparties\pdsc\STMicroelectronics.FP-SNS-STAIOTCFT.1.0.0.pdsc: PDSC version is not supported
2025-09-13 15:14:46,373 [WARN] PackLoader:240 - Cannot read IP mode file for STMicroelectronics.X-CUBE-DPower.1.3.0
2025-09-13 15:14:46,394 [WARN] ConditionMgr:438 - getConditionDescription Invalid condition id : LAN8742 Phy interface Condition cause : null
2025-09-13 15:14:46,395 [WARN] PackLoader:240 - Cannot read IP mode file for STMicroelectronics.X-CUBE-AZRTOS-L4.2.0.0
2025-09-13 15:14:46,396 [WARN] ConditionMgr:1039 - genDependencies : Invalid condition id : LAN8742 Phy interface Condition cause : null
2025-09-13 15:14:46,397 [WARN] ConditionMgr:1039 - genDependencies : Invalid condition id : LAN8742 Phy interface Condition cause : null
2025-09-13 15:14:46,397 [WARN] ConditionMgr:1039 - genDependencies : Invalid condition id : LAN8742 Phy interface Condition cause : null
2025-09-13 15:14:46,405 [WARN] PackLoader:240 - Cannot read IP mode file for STMicroelectronics.X-CUBE-SFXS2LP1.4.0.0
2025-09-13 15:14:46,430 [WARN] PackLoader:240 - Cannot read IP mode file for STMicroelectronics.X-CUBE-AZRTOS-H7.3.3.0
2025-09-13 15:14:46,437 [ERROR] Engine:466 - C:\Users\nacho\.stm32cubemx\thirdparties\pdsc\STMicroelectronics.X-CUBE-BLEMGR.4.1.0.pdsc: PDSC version is not supported
2025-09-13 15:14:46,446 [WARN] PackLoader:240 - Cannot read IP mode file for STMicroelectronics.X-CUBE-IPS.3.0.0
2025-09-13 15:14:46,464 [WARN] ConditionMgr:438 - getConditionDescription Invalid condition id : UX DEVICE CLASS RTOS Condition cause : null
2025-09-13 15:14:46,465 [WARN] ConditionMgr:438 - getConditionDescription Invalid condition id : UX DEVICE CLASS RTOS Condition cause : null
2025-09-13 15:14:46,466 [WARN] PackLoader:240 - Cannot read IP mode file for STMicroelectronics.X-CUBE-AZRTOS-WB.2.0.0
2025-09-13 15:14:46,468 [WARN] ConditionMgr:1039 - genDependencies : Invalid condition id : UX DEVICE CLASS RTOS Condition cause : null
2025-09-13 15:14:46,468 [WARN] ConditionMgr:1039 - genDependencies : Invalid condition id : UX DEVICE CLASS RTOS Condition cause : null
2025-09-13 15:14:46,469 [WARN] ConditionMgr:1039 - genDependencies : Invalid condition id : UX DEVICE CLASS RTOS Condition cause : null
2025-09-13 15:14:46,469 [WARN] ConditionMgr:1039 - genDependencies : Invalid condition id : UX DEVICE CLASS RTOS Condition cause : null
2025-09-13 15:14:46,470 [WARN] ConditionMgr:1039 - genDependencies : Invalid condition id : UX DEVICE CLASS RTOS Condition cause : null
2025-09-13 15:14:46,477 [WARN] PackLoader:240 - Cannot read IP mode file for STMicroelectronics.X-CUBE-GNSS1.7.0.0
2025-09-13 15:14:46,483 [WARN] PackLoader:240 - Cannot read IP mode file for STMicroelectronics.X-CUBE-GNSS1.7.0.1
2025-09-13 15:14:46,491 [WARN] PackLoader:240 - Cannot read IP mode file for STMicroelectronics.X-CUBE-TOUCHGFX.4.25.0
2025-09-13 15:14:46,499 [WARN] PackLoader:240 - Cannot read IP mode file for STMicroelectronics.FP-SNS-STBOX1.2.0.0
2025-09-13 15:14:46,512 [WARN] PackLoader:240 - Cannot read IP mode file for STMicroelectronics.X-CUBE-SUBG2.5.0.0
2025-09-13 15:14:46,539 [WARN] PackLoader:240 - Cannot read IP mode file for STMicroelectronics.X-CUBE-AZRTOS-H7RS.1.1.0
2025-09-13 15:14:46,549 [WARN] PackLoader:240 - Cannot read IP mode file for Cesanta.I-CUBE-Mongoose.7.13.0
2025-09-13 15:14:46,565 [WARN] PackLoader:240 - Cannot read IP mode file for STMicroelectronics.X-CUBE-AZRTOS-G4.2.0.0
2025-09-13 15:14:46,572 [WARN] PackLoader:240 - Cannot read IP mode file for STMicroelectronics.X-CUBE-NFC7.2.0.0
2025-09-13 15:14:46,579 [ERROR] Engine:466 - C:\Users\nacho\.stm32cubemx\thirdparties\pdsc\STMicroelectronics.X-CUBE-IPS.3.1.0.pdsc: PDSC version is not supported
2025-09-13 15:14:46,585 [WARN] PackLoader:240 - Cannot read IP mode file for STMicroelectronics.X-CUBE-ALS.1.0.2
2025-09-13 15:14:46,589 [WARN] PackLoader:240 - Cannot read IP mode file for STMicroelectronics.X-CUBE-TOUCHGFX.4.24.2
2025-09-13 15:14:46,592 [WARN] PackLoader:240 - Cannot read IP mode file for STMicroelectronics.X-CUBE-TOUCHGFX.4.24.1
2025-09-13 15:14:46,601 [WARN] PackLoader:240 - Cannot read IP mode file for STMicroelectronics.X-CUBE-STSE01.1.0.0
2025-09-13 15:14:46,605 [WARN] PackLoader:240 - Cannot read IP mode file for wolfSSL.I-CUBE-wolfTPM.3.4.0
2025-09-13 15:14:46,613 [WARN] PackLoader:240 - Cannot read IP mode file for portGmbH.I-Cube-SoM-uGOAL.1.1.0
2025-09-13 15:14:46,632 [WARN] PackLoader:240 - Cannot read IP mode file for STMicroelectronics.X-CUBE-AZRTOS-H7RS.1.0.0
2025-09-13 15:14:46,647 [WARN] PackLoader:240 - Cannot read IP mode file for STMicroelectronics.X-CUBE-TOF1.3.4.2
2025-09-13 15:14:46,660 [ERROR] Engine:466 - C:\Users\nacho\.stm32cubemx\thirdparties\pdsc\STMicroelectronics.X-CUBE-TOF1.3.4.3.pdsc: PDSC version is not supported
2025-09-13 15:14:46,679 [WARN] PackLoader:240 - Cannot read IP mode file for Infineon.AIROC-Wi-Fi-Bluetooth-STM32.1.6.1
2025-09-13 15:14:46,690 [WARN] PackLoader:240 - Cannot read IP mode file for wolfSSL.I-CUBE-wolfSSH.1.4.17
2025-09-13 15:14:46,691 [INFO] ThirdParty:978 - Integrity check success = true
2025-09-13 15:14:46,692 [INFO] IntegrityCheckThread:100 - exiting critical section [integrity check]
2025-09-13 15:14:46,692 [INFO] IntegrityCheckThread:103 - End integrity checks thread
2025-09-13 15:16:45,532 [ERROR] LogOutputStream:75 - [STDERR_REDIRECT] 
2025-09-13 15:17:03,795 [INFO] Activator:176 - 


2025-09-13 15:17:03,799 [INFO] Activator:177 - !SESSION log4j initialized
2025-09-13 15:17:06,468 [INFO] LogOutputStream:77 - [STDOUT_REDIRECT] 
2025-09-13 15:17:08,925 [INFO] ApplicationProperties:184 - Using Application install path: C:\ST\STM32CubeIDE_1.16.1\STM32CubeIDE\plugins\com.st.stm32cube.common.mx_6.12.1.202409122256
2025-09-13 15:17:08,960 [INFO] DbMcusXml:78 - Set database path to: C:\ST\STM32CubeIDE_1.16.1\STM32CubeIDE\plugins\com.st.stm32cube.common.mx_6.12.1.202409122256\\db\/mcu/
2025-09-13 15:17:08,961 [INFO] ApiDb:274 - Set plugin database path to: C:\ST\STM32CubeIDE_1.16.1\STM32CubeIDE\plugins\com.st.stm32cube.common.mx_6.12.1.202409122256\\db\/plugins/boardmanager/
2025-09-13 15:17:08,962 [WARN] ApiDb:259 - Overriding images path with different value:  => C:\ST\STM32CubeIDE_1.16.1\STM32CubeIDE\plugins\com.st.stm32cube.common.mx_6.12.1.202409122256\\db\/plugins/mcufinder/images/
2025-09-13 15:17:08,970 [INFO] ApiDb:250 - Set database path to: C:\Users\nacho\.stmcufinder\plugins\mcufinder//mcu/
2025-09-13 15:17:08,972 [INFO] DbMcusAds:125 - Set database path to: C:\Users\nacho\.stmcufinder\plugins\mcufinder//mcu/
2025-09-13 15:17:08,976 [INFO] CrossReferenceDbSqlite:203 - Set database path to: C:\Users\nacho\.stmcufinder\plugins\mcufinder//mcu/cs/
2025-09-13 15:17:09,168 [INFO] RulesReader:64 - Compatibility file has been processed (297 Rules)
2025-09-13 15:17:09,272 [INFO] DbMcusXml:78 - Set database path to: C:\ST\STM32CubeIDE_1.16.1\STM32CubeIDE\plugins\com.st.stm32cube.common.mx_6.12.1.202409122256\\db\/mcu/
2025-09-13 15:17:09,272 [INFO] ApiDb:274 - Set plugin database path to: C:\ST\STM32CubeIDE_1.16.1\STM32CubeIDE\plugins\com.st.stm32cube.common.mx_6.12.1.202409122256\\db\/plugins/boardmanager/
2025-09-13 15:17:09,273 [INFO] ApiDb:261 - Set plugin images path to: C:\ST\STM32CubeIDE_1.16.1\STM32CubeIDE\plugins\com.st.stm32cube.common.mx_6.12.1.202409122256\\db\/plugins/mcufinder/images/
2025-09-13 15:17:09,273 [WARN] DbFile:41 - Overriding database path with different value: C:\Users\nacho\.stmcufinder\plugins\mcufinder/ => C:\Users\nacho\.stmcufinder\plugins\mcufinder
2025-09-13 15:17:09,273 [INFO] ApiDb:250 - Set database path to: C:\Users\nacho\.stmcufinder\plugins\mcufinder//mcu/
2025-09-13 15:17:09,273 [WARN] DbFile:41 - Overriding database path with different value: C:\Users\nacho\.stmcufinder\plugins\mcufinder/ => C:\Users\nacho\.stmcufinder\plugins\mcufinder
2025-09-13 15:17:09,273 [INFO] DbMcusAds:125 - Set database path to: C:\Users\nacho\.stmcufinder\plugins\mcufinder//mcu/
2025-09-13 15:17:09,274 [WARN] DbFile:41 - Overriding database path with different value: C:\Users\nacho\.stmcufinder\plugins\mcufinder/ => C:\Users\nacho\.stmcufinder\plugins\mcufinder
2025-09-13 15:17:09,274 [WARN] DbFile:41 - Overriding database path with different value: C:\Users\nacho\.stmcufinder\plugins\mcufinder/ => C:\Users\nacho\.stmcufinder\plugins\mcufinder
2025-09-13 15:17:09,274 [INFO] CrossReferenceDbSqlite:203 - Set database path to: C:\Users\nacho\.stmcufinder\plugins\mcufinder//mcu/cs/
2025-09-13 15:17:09,385 [INFO] MainPanel:268 - HeapMemory: 268435456
2025-09-13 15:17:09,490 [INFO] DbMcusXml:78 - Set database path to: C:\ST\STM32CubeIDE_1.16.1\STM32CubeIDE\plugins\com.st.stm32cube.common.mx_6.12.1.202409122256\\db\/mcu/
2025-09-13 15:17:09,491 [INFO] ApiDb:274 - Set plugin database path to: C:\ST\STM32CubeIDE_1.16.1\STM32CubeIDE\plugins\com.st.stm32cube.common.mx_6.12.1.202409122256\\db\/plugins/boardmanager/
2025-09-13 15:17:09,491 [INFO] ApiDb:261 - Set plugin images path to: C:\ST\STM32CubeIDE_1.16.1\STM32CubeIDE\plugins\com.st.stm32cube.common.mx_6.12.1.202409122256\\db\/plugins/mcufinder/images/
2025-09-13 15:17:09,491 [WARN] DbFile:41 - Overriding database path with different value: C:\Users\nacho\.stmcufinder\plugins\mcufinder/ => C:\Users\nacho\.stmcufinder\plugins\mcufinder
2025-09-13 15:17:09,491 [INFO] ApiDb:250 - Set database path to: C:\Users\nacho\.stmcufinder\plugins\mcufinder//mcu/
2025-09-13 15:17:09,491 [WARN] DbFile:41 - Overriding database path with different value: C:\Users\nacho\.stmcufinder\plugins\mcufinder/ => C:\Users\nacho\.stmcufinder\plugins\mcufinder
2025-09-13 15:17:09,491 [INFO] DbMcusAds:125 - Set database path to: C:\Users\nacho\.stmcufinder\plugins\mcufinder//mcu/
2025-09-13 15:17:09,491 [WARN] DbFile:41 - Overriding database path with different value: C:\Users\nacho\.stmcufinder\plugins\mcufinder/ => C:\Users\nacho\.stmcufinder\plugins\mcufinder
2025-09-13 15:17:09,491 [WARN] DbFile:41 - Overriding database path with different value: C:\Users\nacho\.stmcufinder\plugins\mcufinder/ => C:\Users\nacho\.stmcufinder\plugins\mcufinder
2025-09-13 15:17:09,492 [INFO] CrossReferenceDbSqlite:203 - Set database path to: C:\Users\nacho\.stmcufinder\plugins\mcufinder//mcu/cs/
2025-09-13 15:17:09,512 [INFO] ApplicationProperties:184 - Using Application install path: C:\ST\STM32CubeIDE_1.16.1\STM32CubeIDE\plugins\com.st.stm32cube.common.mx_6.12.1.202409122256
2025-09-13 15:17:09,514 [INFO] PluginManage:196 - Search for loadable plugins [exclusion list=, ]
2025-09-13 15:17:09,515 [INFO] PluginManage:310 - Check plugin analytics
2025-09-13 15:17:09,735 [INFO] AnalyticsPlugin:253 - Accepted Software Licenses: STM32CubeMX.6.12.1,STM32CubeMX.6.15.0
2025-09-13 15:17:09,735 [INFO] AnalyticsPlugin:255 - Accepted CMSIS Pack Licenses: 
2025-09-13 15:17:09,735 [INFO] AnalyticsPlugin:257 - Accepted Firmware Licenses: FW.WL.1.3.0
2025-09-13 15:17:09,736 [INFO] PluginManage:359 - Loaded plugin analytics (category:tool,tabindex:-1)
2025-09-13 15:17:09,736 [INFO] PluginManage:310 - Check plugin cadmodel
2025-09-13 15:17:09,743 [INFO] CADModel:105 - Init CAD model plugin
2025-09-13 15:17:09,743 [INFO] PluginManage:359 - Loaded plugin cadmodel (category:power,tabindex:5)
2025-09-13 15:17:09,744 [INFO] PluginManage:310 - Check plugin clock
2025-09-13 15:17:09,755 [INFO] PluginManage:359 - Loaded plugin clock (category:base,tabindex:2)
2025-09-13 15:17:09,755 [INFO] PluginManage:310 - Check plugin ddr
2025-09-13 15:17:09,759 [INFO] PluginManage:359 - Loaded plugin ddr (category:tool,tabindex:6)
2025-09-13 15:17:09,759 [INFO] PluginManage:310 - Check plugin filemanager
2025-09-13 15:17:09,970 [INFO] PluginManage:359 - Loaded plugin filemanager (category:base,tabindex:10)
2025-09-13 15:17:09,970 [INFO] PluginManage:310 - Check plugin ipmanager
2025-09-13 15:17:09,979 [INFO] PluginManage:359 - Loaded plugin ipmanager (category:base,tabindex:5)
2025-09-13 15:17:09,979 [INFO] PluginManage:310 - Check plugin lpbam
2025-09-13 15:17:09,989 [INFO] PluginManage:359 - Loaded plugin lpbam (category:base,tabindex:0)
2025-09-13 15:17:09,990 [INFO] PluginManage:310 - Check plugin memorymap
2025-09-13 15:17:10,002 [INFO] PluginManage:359 - Loaded plugin memorymap (category:base,tabindex:4)
2025-09-13 15:17:10,002 [INFO] PluginManage:310 - Check plugin pinoutandconfiguration
2025-09-13 15:17:10,011 [INFO] PluginManage:359 - Loaded plugin pinoutandconfiguration (category:base,tabindex:1)
2025-09-13 15:17:10,011 [INFO] PluginManage:310 - Check plugin pinoutconfig
2025-09-13 15:17:10,114 [WARN] SupportedApi:132 - Cannot load RTOS API schema: s4s-elt-must-match.1: The content of 'definitions' must match (annotation?, (simpleType | complexType)?, (unique | key | keyref)*)). A problem was found starting at: attribute.
2025-09-13 15:17:10,361 [INFO] PluginManage:359 - Loaded plugin pinoutconfig (category:base,tabindex:0)
2025-09-13 15:17:10,362 [INFO] PluginManage:310 - Check plugin power
2025-09-13 15:17:10,377 [INFO] PluginManage:359 - Loaded plugin power (category:power,tabindex:4)
2025-09-13 15:17:10,377 [INFO] PluginManage:310 - Check plugin projectmanager
2025-09-13 15:17:10,405 [INFO] PluginManage:359 - Loaded plugin projectmanager (category:projectmanager,tabindex:4)
2025-09-13 15:17:10,405 [INFO] PluginManage:310 - Check plugin rif
2025-09-13 15:17:10,414 [INFO] PluginManage:359 - Loaded plugin rif (category:base,tabindex:3)
2025-09-13 15:17:10,416 [INFO] PluginManage:310 - Check plugin thirdparty
2025-09-13 15:17:10,588 [INFO] PluginManage:359 - Loaded plugin thirdparty (category:base,tabindex:-1)
2025-09-13 15:17:10,589 [INFO] PluginManage:310 - Check plugin tools
2025-09-13 15:17:10,588 [WARN] IntegrityCheckThread:84 - waiting for thirdparty lock release [integrity check]
2025-09-13 15:17:10,589 [INFO] IntegrityCheckThread:86 - entering critical section [integrity check]
2025-09-13 15:17:10,589 [INFO] ThirdPartyUpdaterWithRetryManager:70 - Updater plugin not ready yet. [1/15]
2025-09-13 15:17:10,593 [INFO] PluginManage:359 - Loaded plugin tools (category:base,tabindex:7)
2025-09-13 15:17:10,593 [INFO] PluginManage:310 - Check plugin tutovideos
2025-09-13 15:17:10,817 [INFO] PluginManage:359 - Loaded plugin tutovideos (category:base,tabindex:-1)
2025-09-13 15:17:10,818 [INFO] PluginManage:310 - Check plugin updater
2025-09-13 15:17:10,838 [INFO] PluginManage:359 - Loaded plugin updater (category:base,tabindex:12)
2025-09-13 15:17:10,838 [INFO] PluginManage:310 - Check plugin userauth
2025-09-13 15:17:10,845 [INFO] UserAuth:113 - Init User Auth plugin
2025-09-13 15:17:10,845 [INFO] PluginManage:359 - Loaded plugin userauth (category:base,tabindex:14)
2025-09-13 15:17:10,846 [INFO] PluginManage:283 - PluginManage : Loaded plugins [18]
2025-09-13 15:17:11,083 [INFO] PinOutPanel:1561 - setPackage(No Configuration,No Configuration)
2025-09-13 15:17:11,182 [INFO] CADModel:165 - CPN selected for project level
2025-09-13 15:17:11,182 [INFO] CADModel:114 - Register for checkConnection events
2025-09-13 15:17:11,203 [INFO] IPUIPlugin:80 - create IPUIPlugin
2025-09-13 15:17:11,203 [INFO] PluginManager:220 - loadIPPluginJar : add adc
2025-09-13 15:17:11,206 [INFO] IPUIPlugin:80 - create IPUIPlugin
2025-09-13 15:17:11,206 [INFO] PluginManager:220 - loadIPPluginJar : add aes
2025-09-13 15:17:11,208 [INFO] IPUIPlugin:80 - create IPUIPlugin
2025-09-13 15:17:11,209 [INFO] PluginManager:220 - loadIPPluginJar : add can
2025-09-13 15:17:11,210 [INFO] IPUIPlugin:80 - create IPUIPlugin
2025-09-13 15:17:11,210 [INFO] PluginManager:220 - loadIPPluginJar : add comp
2025-09-13 15:17:11,213 [INFO] IPUIPlugin:80 - create IPUIPlugin
2025-09-13 15:17:11,213 [INFO] PluginManager:220 - loadIPPluginJar : add cryp
2025-09-13 15:17:11,215 [INFO] IPUIPlugin:80 - create IPUIPlugin
2025-09-13 15:17:11,215 [INFO] PluginManager:220 - loadIPPluginJar : add ddr_ctrl_phy
2025-09-13 15:17:11,218 [INFO] IPUIPlugin:80 - create IPUIPlugin
2025-09-13 15:17:11,218 [INFO] PluginManager:220 - loadIPPluginJar : add dfsdm
2025-09-13 15:17:11,223 [INFO] IPUIPlugin:80 - create IPUIPlugin
2025-09-13 15:17:11,224 [INFO] PluginManager:220 - loadIPPluginJar : add dma
2025-09-13 15:17:11,227 [INFO] IPUIPlugin:80 - create IPUIPlugin
2025-09-13 15:17:11,227 [INFO] PluginManager:220 - loadIPPluginJar : add dma3
2025-09-13 15:17:11,230 [INFO] IPUIPlugin:80 - create IPUIPlugin
2025-09-13 15:17:11,230 [INFO] PluginManager:220 - loadIPPluginJar : add extmemmanager
2025-09-13 15:17:11,231 [INFO] IPUIPlugin:80 - create IPUIPlugin
2025-09-13 15:17:11,232 [INFO] PluginManager:220 - loadIPPluginJar : add fatfs
2025-09-13 15:17:11,236 [INFO] IPUIPlugin:80 - create IPUIPlugin
2025-09-13 15:17:11,236 [INFO] PluginManager:220 - loadIPPluginJar : add fmc
2025-09-13 15:17:11,241 [INFO] IPUIPlugin:80 - create IPUIPlugin
2025-09-13 15:17:11,241 [INFO] PluginManager:220 - loadIPPluginJar : add freertos
2025-09-13 15:17:11,243 [INFO] IPUIPlugin:80 - create IPUIPlugin
2025-09-13 15:17:11,243 [INFO] PluginManager:220 - loadIPPluginJar : add genericplugin
2025-09-13 15:17:11,245 [INFO] IPUIPlugin:80 - create IPUIPlugin
2025-09-13 15:17:11,245 [INFO] PluginManager:220 - loadIPPluginJar : add gfxmmu
2025-09-13 15:17:11,249 [INFO] IPUIPlugin:80 - create IPUIPlugin
2025-09-13 15:17:11,250 [INFO] PluginManager:220 - loadIPPluginJar : add gic
2025-09-13 15:17:11,254 [INFO] IPUIPlugin:80 - create IPUIPlugin
2025-09-13 15:17:11,254 [INFO] PluginManager:220 - loadIPPluginJar : add gpio
2025-09-13 15:17:11,256 [INFO] IPUIPlugin:80 - create IPUIPlugin
2025-09-13 15:17:11,257 [INFO] PluginManager:220 - loadIPPluginJar : add gtzc
2025-09-13 15:17:11,259 [INFO] IPUIPlugin:80 - create IPUIPlugin
2025-09-13 15:17:11,259 [INFO] PluginManager:220 - loadIPPluginJar : add hash
2025-09-13 15:17:11,262 [INFO] IPUIPlugin:80 - create IPUIPlugin
2025-09-13 15:17:11,262 [INFO] PluginManager:220 - loadIPPluginJar : add i2c
2025-09-13 15:17:11,265 [INFO] IPUIPlugin:80 - create IPUIPlugin
2025-09-13 15:17:11,265 [INFO] PluginManager:220 - loadIPPluginJar : add i2s
2025-09-13 15:17:11,267 [INFO] IPUIPlugin:80 - create IPUIPlugin
2025-09-13 15:17:11,267 [INFO] PluginManager:220 - loadIPPluginJar : add i3c
2025-09-13 15:17:11,270 [INFO] IPUIPlugin:80 - create IPUIPlugin
2025-09-13 15:17:11,270 [INFO] PluginManager:220 - loadIPPluginJar : add ipddr
2025-09-13 15:17:11,278 [INFO] IPUIPlugin:80 - create IPUIPlugin
2025-09-13 15:17:11,278 [INFO] PluginManager:220 - loadIPPluginJar : add linkedlist
2025-09-13 15:17:11,281 [INFO] IPUIPlugin:80 - create IPUIPlugin
2025-09-13 15:17:11,281 [INFO] PluginManager:220 - loadIPPluginJar : add lorawan
2025-09-13 15:17:11,282 [INFO] IPUIPlugin:80 - create IPUIPlugin
2025-09-13 15:17:11,283 [INFO] PluginManager:220 - loadIPPluginJar : add ltdc
2025-09-13 15:17:11,289 [INFO] IPUIPlugin:80 - create IPUIPlugin
2025-09-13 15:17:11,289 [INFO] PluginManager:220 - loadIPPluginJar : add mdma
2025-09-13 15:17:11,292 [INFO] IPUIPlugin:80 - create IPUIPlugin
2025-09-13 15:17:11,292 [INFO] PluginManager:220 - loadIPPluginJar : add nvic
2025-09-13 15:17:11,296 [INFO] IPUIPlugin:80 - create IPUIPlugin
2025-09-13 15:17:11,296 [INFO] PluginManager:220 - loadIPPluginJar : add opamp
2025-09-13 15:17:11,300 [INFO] IPUIPlugin:80 - create IPUIPlugin
2025-09-13 15:17:11,300 [INFO] PluginManager:220 - loadIPPluginJar : add openamp
2025-09-13 15:17:11,303 [INFO] IPUIPlugin:80 - create IPUIPlugin
2025-09-13 15:17:11,303 [INFO] PluginManager:220 - loadIPPluginJar : add pdm2pcm
2025-09-13 15:17:11,309 [INFO] IPUIPlugin:80 - create IPUIPlugin
2025-09-13 15:17:11,311 [INFO] PluginManager:220 - loadIPPluginJar : add plateformsettings
2025-09-13 15:17:11,313 [INFO] IPUIPlugin:80 - create IPUIPlugin
2025-09-13 15:17:11,313 [INFO] PluginManager:220 - loadIPPluginJar : add quadspi
2025-09-13 15:17:11,315 [INFO] IPUIPlugin:80 - create IPUIPlugin
2025-09-13 15:17:11,316 [INFO] PluginManager:220 - loadIPPluginJar : add radio
2025-09-13 15:17:11,319 [INFO] IPUIPlugin:80 - create IPUIPlugin
2025-09-13 15:17:11,320 [INFO] PluginManager:220 - loadIPPluginJar : add resmgrutility
2025-09-13 15:17:11,322 [INFO] IPUIPlugin:80 - create IPUIPlugin
2025-09-13 15:17:11,323 [INFO] PluginManager:220 - loadIPPluginJar : add sai
2025-09-13 15:17:11,325 [INFO] IPUIPlugin:80 - create IPUIPlugin
2025-09-13 15:17:11,325 [INFO] PluginManager:220 - loadIPPluginJar : add spi
2025-09-13 15:17:11,331 [INFO] IPUIPlugin:80 - create IPUIPlugin
2025-09-13 15:17:11,331 [INFO] PluginManager:220 - loadIPPluginJar : add stm32_wpan
2025-09-13 15:17:11,333 [INFO] IPUIPlugin:80 - create IPUIPlugin
2025-09-13 15:17:11,333 [INFO] PluginManager:220 - loadIPPluginJar : add tim
2025-09-13 15:17:11,335 [INFO] IPUIPlugin:80 - create IPUIPlugin
2025-09-13 15:17:11,336 [INFO] PluginManager:220 - loadIPPluginJar : add touchsensing
2025-09-13 15:17:11,338 [INFO] IPUIPlugin:80 - create IPUIPlugin
2025-09-13 15:17:11,338 [INFO] PluginManager:220 - loadIPPluginJar : add tracer_emb
2025-09-13 15:17:11,340 [INFO] IPUIPlugin:80 - create IPUIPlugin
2025-09-13 15:17:11,340 [INFO] PluginManager:220 - loadIPPluginJar : add ts
2025-09-13 15:17:11,342 [INFO] IPUIPlugin:80 - create IPUIPlugin
2025-09-13 15:17:11,342 [INFO] PluginManager:220 - loadIPPluginJar : add tsc
2025-09-13 15:17:11,344 [INFO] IPUIPlugin:80 - create IPUIPlugin
2025-09-13 15:17:11,344 [INFO] PluginManager:220 - loadIPPluginJar : add ucpd
2025-09-13 15:17:11,347 [INFO] IPUIPlugin:80 - create IPUIPlugin
2025-09-13 15:17:11,347 [INFO] PluginManager:220 - loadIPPluginJar : add usart
2025-09-13 15:17:11,349 [INFO] IPUIPlugin:80 - create IPUIPlugin
2025-09-13 15:17:11,349 [INFO] PluginManager:220 - loadIPPluginJar : add usbx
2025-09-13 15:17:11,474 [INFO] CADModel:165 - CPN selected for project level
2025-09-13 15:17:11,474 [INFO] CADModel:114 - Register for checkConnection events
2025-09-13 15:17:11,474 [FATAL] Updater:334 - Updater called before beeing initialized
2025-09-13 15:17:11,474 [ERROR] CADModel:125 - Updater not yet initialized, retry later 
2025-09-13 15:17:11,601 [INFO] CADModel:165 - CPN selected for project level
2025-09-13 15:17:11,602 [INFO] CADModel:114 - Register for checkConnection events
2025-09-13 15:17:11,602 [FATAL] Updater:334 - Updater called before beeing initialized
2025-09-13 15:17:11,602 [ERROR] CADModel:125 - Updater not yet initialized, retry later 
2025-09-13 15:17:11,606 [FATAL] Updater:334 - Updater called before beeing initialized
2025-09-13 15:17:11,727 [FATAL] Updater:334 - Updater called before beeing initialized
2025-09-13 15:17:11,732 [INFO] DbMcusAds:53 - JSON generation date=Tue Jul 08 05:14:23 ART 2025 (1751962463582)
2025-09-13 15:17:11,733 [FATAL] Updater:334 - Updater called before beeing initialized
2025-09-13 15:17:11,767 [WARN] DetailPanel:346 - Failed to get advertising image, set to default
2025-09-13 15:17:11,857 [FATAL] Updater:334 - Updater called before beeing initialized
2025-09-13 15:17:11,858 [FATAL] Updater:334 - Updater called before beeing initialized
2025-09-13 15:17:11,859 [FATAL] Updater:334 - Updater called before beeing initialized
2025-09-13 15:17:11,859 [WARN] DetailPanel:346 - Failed to get advertising image, set to default
2025-09-13 15:17:11,860 [FATAL] Updater:334 - Updater called before beeing initialized
2025-09-13 15:17:11,905 [ERROR] Updater:1164 - MainUpdater not yet initialized. External WinMGr cannot be set.
2025-09-13 15:17:11,907 [INFO] Updater:1100 - Updater Version found : 6.12.1
2025-09-13 15:17:11,927 [INFO] ApplicationProperties:184 - Using Application install path: C:\ST\STM32CubeIDE_1.16.1\STM32CubeIDE\plugins\com.st.stm32cube.common.mx_6.12.1.202409122256
2025-09-13 15:17:12,236 [INFO] MainUpdater:2873 - connection check result : 10
2025-09-13 15:17:12,237 [INFO] MainUpdater:290 - Updater Check For Update Now.
2025-09-13 15:17:12,237 [INFO] MicroXplorer:498 - Change Database Version : DB.6.0.121
2025-09-13 15:17:12,250 [INFO] McuFinderGlobals:63 - Set McuFinder mode to 2 (CubeIDE integrated)
2025-09-13 15:17:12,252 [INFO] UserAuth:417 - Internet connection configuration mode: 1
2025-09-13 15:17:12,280 [INFO] JxBrowserEngine:152 - Initiate JxBrowser Engine with user profile folder
2025-09-13 15:17:12,493 [INFO] CheckServerUpdateThread:120 - End of CheckServer Thread
2025-09-13 15:17:13,126 [INFO] WebApp:167 - Instantiating new browser for Auth
2025-09-13 15:17:13,946 [WARN] PackLoader:240 - Cannot read IP mode file for STMicroelectronics.FP-SNS-MOTENVWB1.1.4.0
2025-09-13 15:17:13,961 [WARN] PackLoader:240 - Cannot read IP mode file for STMicroelectronics.FP-ATR-ASTRA1.2.0.2
2025-09-13 15:17:13,967 [WARN] PackLoader:240 - Cannot read IP mode file for STMicroelectronics.FP-ATR-ASTRA1.2.0.1
2025-09-13 15:17:13,985 [WARN] PackLoader:240 - Cannot read IP mode file for STMicroelectronics.X-CUBE-SMBUS.2.1.0
2025-09-13 15:17:13,997 [WARN] PackLoader:240 - Cannot read IP mode file for STMicroelectronics.X-CUBE-WB05N.1.1.0
2025-09-13 15:17:14,004 [ERROR] Engine:466 - C:\Users\nacho\.stm32cubemx\thirdparties\pdsc\STMicroelectronics.X-CUBE-ST60.1.0.0.pdsc: PDSC version is not supported
2025-09-13 15:17:14,054 [WARN] PackLoader:240 - Cannot read IP mode file for STMicroelectronics.X-CUBE-AZRTOS-F7.1.1.0
2025-09-13 15:17:14,160 [WARN] PackLoader:240 - Cannot read IP mode file for STMicroelectronics.X-CUBE-MEMS1.11.0.0
2025-09-13 15:17:14,448 [WARN] PackLoader:240 - Cannot read IP mode file for STMicroelectronics.FP-SNS-FLIGHT1.5.0.2
2025-09-13 15:17:14,484 [WARN] PackLoader:240 - Cannot read IP mode file for STMicroelectronics.X-CUBE-AZRTOS-H7.3.4.0
2025-09-13 15:17:14,504 [WARN] PackLoader:240 - Cannot read IP mode file for STMicroelectronics.X-CUBE-DISPLAY.3.0.0
2025-09-13 15:17:14,519 [WARN] PackLoader:240 - Cannot read IP mode file for STMicroelectronics.X-CUBE-BLE1.7.0.0
2025-09-13 15:17:14,530 [WARN] PackLoader:240 - Cannot read IP mode file for STMicroelectronics.X-CUBE-NFC10.1.0.0
2025-09-13 15:17:14,540 [INFO] WebApp:448 - Apply proxy settings
2025-09-13 15:17:14,540 [INFO] WebApp:533 - Chromium requires no authentication
2025-09-13 15:17:14,544 [WARN] PackLoader:240 - Cannot read IP mode file for STMicroelectronics.X-CUBE-BLEMGR.4.0.0
2025-09-13 15:17:14,557 [INFO] WebApp:476 - Direct internet connection detected
2025-09-13 15:17:14,557 [WARN] PackLoader:240 - Cannot read IP mode file for emotas.I-CUBE-CANOPEN.1.3.0
2025-09-13 15:17:14,570 [WARN] PackLoader:240 - Cannot read IP mode file for STMicroelectronics.X-CUBE-BLEMGR.3.1.0
2025-09-13 15:17:14,581 [WARN] PackLoader:240 - Cannot read IP mode file for STMicroelectronics.X-CUBE-AI.10.0.0
2025-09-13 15:17:14,586 [ERROR] Engine:466 - C:\Users\nacho\.stm32cubemx\thirdparties\pdsc\STMicroelectronics.FP-SNS-STBOX1.2.1.0.pdsc: PDSC version is not supported
2025-09-13 15:17:14,592 [WARN] PackLoader:240 - Cannot read IP mode file for STMicroelectronics.FP-SNS-SMARTAG2.1.2.0
2025-09-13 15:17:14,596 [ERROR] Engine:466 - C:\Users\nacho\.stm32cubemx\thirdparties\pdsc\STMicroelectronics.FP-SNS-FLIGHT1.5.1.0.pdsc: PDSC version is not supported
2025-09-13 15:17:14,606 [INFO] WebApp:869 - Register for checkConnection events
2025-09-13 15:17:14,607 [INFO] WebApp:448 - Apply proxy settings
2025-09-13 15:17:14,607 [INFO] WebApp:533 - Chromium requires no authentication
2025-09-13 15:17:14,608 [INFO] WebApp:476 - Direct internet connection detected
2025-09-13 15:17:14,671 [WARN] PackLoader:240 - Cannot read IP mode file for STMicroelectronics.X-CUBE-MEMS1.11.1.0
2025-09-13 15:17:14,812 [INFO] WebApp:186 - Connection restablished
2025-09-13 15:17:14,843 [INFO] LogOutputStream:77 - [STDOUT_REDIRECT] 1 : Invalid condition id : UX_CORESTACK_Condition cause : null
2025-09-13 15:17:14,845 [INFO] LogOutputStream:77 - [STDOUT_REDIRECT] 1 : Invalid condition id : UX_CORESTACK_Condition cause : null
2025-09-13 15:17:14,847 [INFO] LogOutputStream:77 - [STDOUT_REDIRECT] 1 : Invalid condition id : UX_CORESTACK_Condition cause : null
2025-09-13 15:17:14,848 [INFO] LogOutputStream:77 - [STDOUT_REDIRECT] 1 : Invalid condition id : UX_CORESTACK_Condition cause : null
2025-09-13 15:17:14,851 [INFO] LogOutputStream:77 - [STDOUT_REDIRECT] 1 : Invalid condition id : UX_CORESTACK_Condition cause : null
2025-09-13 15:17:14,855 [WARN] PackLoader:240 - Cannot read IP mode file for STMicroelectronics.X-CUBE-AZRTOS-WL.2.0.0
2025-09-13 15:17:14,865 [WARN] PackLoader:240 - Cannot read IP mode file for STMicroelectronics.FP-SNS-MOTENV1.5.0.0
2025-09-13 15:17:14,873 [WARN] PackLoader:240 - Cannot read IP mode file for wolfSSL.I-CUBE-wolfMQTT.1.19.0
2025-09-13 15:17:14,885 [WARN] PackLoader:240 - Cannot read IP mode file for WES.I-CUBE-Cesium.1.3.0
2025-09-13 15:17:14,894 [WARN] PackLoader:240 - Cannot read IP mode file for STMicroelectronics.X-CUBE-BLE2.3.3.0
2025-09-13 15:17:14,903 [WARN] PackLoader:240 - Cannot read IP mode file for STMicroelectronics.X-CUBE-NFC9.1.0.0
2025-09-13 15:17:14,918 [WARN] PackLoader:240 - Cannot read IP mode file for STMicroelectronics.X-CUBE-BLE1.7.1.0
2025-09-13 15:17:14,927 [WARN] PackLoader:240 - Cannot read IP mode file for STMicroelectronics.X-CUBE-TCPP.4.1.0
2025-09-13 15:17:14,939 [WARN] PackLoader:240 - Cannot read IP mode file for STMicroelectronics.X-CUBE-EEPRMA1.5.2.0
2025-09-13 15:17:14,947 [WARN] PackLoader:240 - Cannot read IP mode file for STMicroelectronics.X-CUBE-AI.10.1.0
2025-09-13 15:17:15,018 [WARN] PackLoader:240 - Cannot read IP mode file for STMicroelectronics.X-CUBE-MEMS1.11.2.0
2025-09-13 15:17:15,059 [INFO] WebApp:220 - Starting web application
2025-09-13 15:17:15,059 [INFO] WebApp:578 - Web application path used C:\ST\STM32CubeIDE_1.16.1\STM32CubeIDE\plugins\com.st.stm32cube.common.mx_6.12.1.202409122256\db\plugins\mcufinder\reactClient1\index.html
2025-09-13 15:17:15,199 [WARN] PackLoader:240 - Cannot read IP mode file for STMicroelectronics.X-CUBE-AZRTOS-G0.1.1.0
2025-09-13 15:17:15,212 [WARN] PackLoader:240 - Cannot read IP mode file for STMicroelectronics.X-CUBE-SAFEA1.1.2.2
2025-09-13 15:17:15,221 [WARN] PackLoader:240 - Cannot read IP mode file for STMicroelectronics.X-CUBE-NFC4.3.0.0
2025-09-13 15:17:15,236 [WARN] PackLoader:240 - Cannot read IP mode file for EmbeddedOffice.I-CUBE-FS-RTOS.1.0.1
2025-09-13 15:17:15,237 [ERROR] ConditionMgr:805 - Attr not supported : Dmpu
2025-09-13 15:17:15,237 [ERROR] ConditionMgr:805 - Attr not supported : Dmpu
2025-09-13 15:17:15,237 [ERROR] ConditionMgr:805 - Attr not supported : Dmpu
2025-09-13 15:17:15,237 [ERROR] ConditionMgr:805 - Attr not supported : Dmpu
2025-09-13 15:17:15,237 [ERROR] ConditionMgr:805 - Attr not supported : Dmpu
2025-09-13 15:17:15,237 [ERROR] ConditionMgr:805 - Attr not supported : Dmpu
2025-09-13 15:17:15,237 [ERROR] ConditionMgr:805 - Attr not supported : Dmpu
2025-09-13 15:17:15,237 [ERROR] ConditionMgr:805 - Attr not supported : Dmpu
2025-09-13 15:17:15,237 [ERROR] ConditionMgr:805 - Attr not supported : Dmpu
2025-09-13 15:17:15,237 [ERROR] ConditionMgr:805 - Attr not supported : Dmpu
2025-09-13 15:17:15,238 [ERROR] ConditionMgr:805 - Attr not supported : Dmpu
2025-09-13 15:17:15,238 [ERROR] ConditionMgr:805 - Attr not supported : Dmpu
2025-09-13 15:17:15,238 [ERROR] ConditionMgr:805 - Attr not supported : Dmpu
2025-09-13 15:17:15,238 [ERROR] ConditionMgr:805 - Attr not supported : Dmpu
2025-09-13 15:17:15,238 [ERROR] ConditionMgr:805 - Attr not supported : Dmpu
2025-09-13 15:17:15,238 [ERROR] ConditionMgr:805 - Attr not supported : Dmpu
2025-09-13 15:17:15,238 [ERROR] ConditionMgr:805 - Attr not supported : Dmpu
2025-09-13 15:17:15,238 [ERROR] ConditionMgr:805 - Attr not supported : Dmpu
2025-09-13 15:17:15,238 [ERROR] ConditionMgr:805 - Attr not supported : Dmpu
2025-09-13 15:17:15,239 [ERROR] ConditionMgr:805 - Attr not supported : Dmpu
2025-09-13 15:17:15,239 [ERROR] ConditionMgr:805 - Attr not supported : Dmpu
2025-09-13 15:17:15,239 [ERROR] ConditionMgr:805 - Attr not supported : Dmpu
2025-09-13 15:17:15,239 [ERROR] ConditionMgr:805 - Attr not supported : Dmpu
2025-09-13 15:17:15,239 [ERROR] ConditionMgr:805 - Attr not supported : Dmpu
2025-09-13 15:17:15,239 [ERROR] ConditionMgr:805 - Attr not supported : Dmpu
2025-09-13 15:17:15,239 [ERROR] ConditionMgr:805 - Attr not supported : Dmpu
2025-09-13 15:17:15,239 [ERROR] ConditionMgr:805 - Attr not supported : Dmpu
2025-09-13 15:17:15,239 [ERROR] ConditionMgr:805 - Attr not supported : Dmpu
2025-09-13 15:17:15,239 [ERROR] ConditionMgr:805 - Attr not supported : Dmpu
2025-09-13 15:17:15,239 [ERROR] ConditionMgr:805 - Attr not supported : Dmpu
2025-09-13 15:17:15,240 [ERROR] ConditionMgr:805 - Attr not supported : Dmpu
2025-09-13 15:17:15,240 [ERROR] ConditionMgr:805 - Attr not supported : Dmpu
2025-09-13 15:17:15,240 [ERROR] ConditionMgr:805 - Attr not supported : Dmpu
2025-09-13 15:17:15,240 [ERROR] ConditionMgr:805 - Attr not supported : Dmpu
2025-09-13 15:17:15,240 [ERROR] ConditionMgr:805 - Attr not supported : Dmpu
2025-09-13 15:17:15,240 [ERROR] ConditionMgr:805 - Attr not supported : Dmpu
2025-09-13 15:17:15,240 [ERROR] ConditionMgr:805 - Attr not supported : Dmpu
2025-09-13 15:17:15,240 [ERROR] ConditionMgr:805 - Attr not supported : Dmpu
2025-09-13 15:17:15,240 [ERROR] ConditionMgr:805 - Attr not supported : Dmpu
2025-09-13 15:17:15,241 [ERROR] ConditionMgr:805 - Attr not supported : Dmpu
2025-09-13 15:17:15,241 [ERROR] ConditionMgr:805 - Attr not supported : Dmpu
2025-09-13 15:17:15,241 [ERROR] ConditionMgr:805 - Attr not supported : Dmpu
2025-09-13 15:17:15,241 [ERROR] ConditionMgr:805 - Attr not supported : Dmpu
2025-09-13 15:17:15,241 [ERROR] ConditionMgr:805 - Attr not supported : Dmpu
2025-09-13 15:17:15,241 [ERROR] ConditionMgr:805 - Attr not supported : Dmpu
2025-09-13 15:17:15,241 [ERROR] ConditionMgr:805 - Attr not supported : Dmpu
2025-09-13 15:17:15,241 [ERROR] ConditionMgr:805 - Attr not supported : Dmpu
2025-09-13 15:17:15,241 [ERROR] ConditionMgr:805 - Attr not supported : Dmpu
2025-09-13 15:17:15,241 [ERROR] ConditionMgr:805 - Attr not supported : Dmpu
2025-09-13 15:17:15,242 [ERROR] ConditionMgr:805 - Attr not supported : Dmpu
2025-09-13 15:17:15,242 [ERROR] ConditionMgr:805 - Attr not supported : Dmpu
2025-09-13 15:17:15,242 [ERROR] ConditionMgr:805 - Attr not supported : Dmpu
2025-09-13 15:17:15,242 [ERROR] ConditionMgr:805 - Attr not supported : Dmpu
2025-09-13 15:17:15,242 [ERROR] ConditionMgr:805 - Attr not supported : Dmpu
2025-09-13 15:17:15,242 [ERROR] ConditionMgr:805 - Attr not supported : Dmpu
2025-09-13 15:17:15,242 [ERROR] ConditionMgr:805 - Attr not supported : Dmpu
2025-09-13 15:17:15,242 [ERROR] ConditionMgr:805 - Attr not supported : Dmpu
2025-09-13 15:17:15,243 [ERROR] ConditionMgr:805 - Attr not supported : Dmpu
2025-09-13 15:17:15,243 [ERROR] ConditionMgr:805 - Attr not supported : Dmpu
2025-09-13 15:17:15,243 [ERROR] ConditionMgr:805 - Attr not supported : Dmpu
2025-09-13 15:17:15,243 [ERROR] ConditionMgr:805 - Attr not supported : Dmpu
2025-09-13 15:17:15,243 [ERROR] ConditionMgr:805 - Attr not supported : Dmpu
2025-09-13 15:17:15,243 [ERROR] ConditionMgr:805 - Attr not supported : Dmpu
2025-09-13 15:17:15,243 [ERROR] ConditionMgr:805 - Attr not supported : Dmpu
2025-09-13 15:17:15,250 [WARN] PackLoader:240 - Cannot read IP mode file for STMicroelectronics.X-CUBE-WB05N.2.0.0
2025-09-13 15:17:15,256 [ERROR] Engine:466 - C:\Users\nacho\.stm32cubemx\thirdparties\pdsc\STMicroelectronics.X-CUBE-TCPP.4.2.0.pdsc: PDSC version is not supported
2025-09-13 15:17:15,265 [WARN] PackLoader:240 - Cannot read IP mode file for RealThread.X-CUBE-RT-Thread_Nano.4.1.1
2025-09-13 15:17:15,268 [INFO] UserAuth:417 - Internet connection configuration mode: 1
2025-09-13 15:17:15,274 [WARN] PackLoader:240 - Cannot read IP mode file for STMicroelectronics.FP-ATR-SIGFOX1.3.2.0
2025-09-13 15:17:15,282 [WARN] ConditionMgr:438 - getConditionDescription Invalid condition id : Cortex-A Device cause : null
2025-09-13 15:17:15,305 [WARN] ConditionMgr:1039 - genDependencies : Invalid condition id : Cortex-A Device cause : null
2025-09-13 15:17:15,305 [WARN] ConditionMgr:1039 - genDependencies : Invalid condition id : Cortex-A Device cause : null
2025-09-13 15:17:15,305 [WARN] ConditionMgr:1039 - genDependencies : Invalid condition id : Cortex-A Device cause : null
2025-09-13 15:17:15,312 [WARN] PackLoader:240 - Cannot read IP mode file for STMicroelectronics.X-CUBE-EEPRMA1.5.1.0
2025-09-13 15:17:15,320 [WARN] PackLoader:240 - Cannot read IP mode file for wolfSSL.I-CUBE-wolfSSL.5.7.4
2025-09-13 15:17:15,328 [WARN] PackLoader:240 - Cannot read IP mode file for ITTIA_DB.I-CUBE-ITTIADB.8.9.0
2025-09-13 15:17:15,332 [ERROR] Engine:466 - C:\Users\nacho\.stm32cubemx\thirdparties\pdsc\STMicroelectronics.X-CUBE-ST67W61.1.0.0.pdsc: PDSC version is not supported
2025-09-13 15:17:15,341 [WARN] PackLoader:240 - Cannot read IP mode file for STMicroelectronics.X-CUBE-AI.10.2.0
2025-09-13 15:17:15,387 [WARN] PackLoader:240 - Cannot read IP mode file for SEGGER.I-CUBE-embOS.1.3.1
2025-09-13 15:17:15,448 [WARN] PackLoader:240 - Cannot read IP mode file for STMicroelectronics.X-CUBE-ALGOBUILD.1.4.0
2025-09-13 15:17:15,515 [WARN] PackLoader:240 - Cannot read IP mode file for STMicroelectronics.X-CUBE-MEMS1.11.3.0
2025-09-13 15:17:15,699 [WARN] PackLoader:240 - Cannot read IP mode file for STMicroelectronics.X-CUBE-AI.9.1.0
2025-09-13 15:17:15,706 [WARN] PackLoader:240 - Cannot read IP mode file for STMicroelectronics.X-CUBE-PM33A1.1.0.0
2025-09-13 15:17:15,728 [WARN] PackLoader:240 - Cannot read IP mode file for STMicroelectronics.X-CUBE-AZRTOS-F4.1.1.0
2025-09-13 15:17:15,734 [ERROR] Engine:466 - C:\Users\nacho\.stm32cubemx\thirdparties\pdsc\Avnet-IotConnect.X-CUBE-IoTC-DA16k-PMOD.1.0.0.pdsc: PDSC version is not supported
2025-09-13 15:17:15,741 [WARN] PackLoader:240 - Cannot read IP mode file for STMicroelectronics.X-CUBE-ISPU.2.1.0
2025-09-13 15:17:15,750 [WARN] PackLoader:240 - Cannot read IP mode file for STMicroelectronics.X-CUBE-FREERTOS.1.2.0
2025-09-13 15:17:15,759 [WARN] PackLoader:240 - Cannot read IP mode file for STMicroelectronics.X-CUBE-NFC12.1.0.0
2025-09-13 15:17:15,785 [WARN] PackLoader:240 - Cannot read IP mode file for STMicroelectronics.X-CUBE-AZRTOS-L5.2.0.0
2025-09-13 15:17:15,799 [WARN] PackLoader:240 - Cannot read IP mode file for STMicroelectronics.X-CUBE-NFC6.3.1.0
2025-09-13 15:17:15,810 [WARN] PackLoader:240 - Cannot read IP mode file for STMicroelectronics.X-CUBE-DPower.1.2.0
2025-09-13 15:17:15,818 [WARN] PackLoader:240 - Cannot read IP mode file for STMicroelectronics.X-CUBE-FREERTOS.1.3.1
2025-09-13 15:17:15,825 [WARN] PackLoader:240 - Cannot read IP mode file for STMicroelectronics.X-CUBE-FREERTOS.1.3.0
2025-09-13 15:17:15,833 [WARN] PackLoader:240 - Cannot read IP mode file for STMicroelectronics.X-CUBE-NFC7.1.0.1
2025-09-13 15:17:15,839 [ERROR] Engine:466 - C:\Users\nacho\.stm32cubemx\thirdparties\pdsc\STMicroelectronics.FP-SNS-STAIOTCFT.1.0.0.pdsc: PDSC version is not supported
2025-09-13 15:17:15,845 [WARN] PackLoader:240 - Cannot read IP mode file for STMicroelectronics.X-CUBE-DPower.1.3.0
2025-09-13 15:17:15,877 [WARN] ConditionMgr:438 - getConditionDescription Invalid condition id : LAN8742 Phy interface Condition cause : null
2025-09-13 15:17:15,879 [WARN] PackLoader:240 - Cannot read IP mode file for STMicroelectronics.X-CUBE-AZRTOS-L4.2.0.0
2025-09-13 15:17:15,881 [WARN] ConditionMgr:1039 - genDependencies : Invalid condition id : LAN8742 Phy interface Condition cause : null
2025-09-13 15:17:15,881 [WARN] ConditionMgr:1039 - genDependencies : Invalid condition id : LAN8742 Phy interface Condition cause : null
2025-09-13 15:17:15,882 [WARN] ConditionMgr:1039 - genDependencies : Invalid condition id : LAN8742 Phy interface Condition cause : null
2025-09-13 15:17:15,893 [WARN] PackLoader:240 - Cannot read IP mode file for STMicroelectronics.X-CUBE-SFXS2LP1.4.0.0
2025-09-13 15:17:15,920 [WARN] PackLoader:240 - Cannot read IP mode file for STMicroelectronics.X-CUBE-AZRTOS-H7.3.3.0
2025-09-13 15:17:15,930 [ERROR] Engine:466 - C:\Users\nacho\.stm32cubemx\thirdparties\pdsc\STMicroelectronics.X-CUBE-BLEMGR.4.1.0.pdsc: PDSC version is not supported
2025-09-13 15:17:15,946 [WARN] PackLoader:240 - Cannot read IP mode file for STMicroelectronics.X-CUBE-IPS.3.0.0
2025-09-13 15:17:15,970 [WARN] ConditionMgr:438 - getConditionDescription Invalid condition id : UX DEVICE CLASS RTOS Condition cause : null
2025-09-13 15:17:15,970 [WARN] ConditionMgr:438 - getConditionDescription Invalid condition id : UX DEVICE CLASS RTOS Condition cause : null
2025-09-13 15:17:15,973 [WARN] PackLoader:240 - Cannot read IP mode file for STMicroelectronics.X-CUBE-AZRTOS-WB.2.0.0
2025-09-13 15:17:15,974 [WARN] ConditionMgr:1039 - genDependencies : Invalid condition id : UX DEVICE CLASS RTOS Condition cause : null
2025-09-13 15:17:15,975 [WARN] ConditionMgr:1039 - genDependencies : Invalid condition id : UX DEVICE CLASS RTOS Condition cause : null
2025-09-13 15:17:15,976 [WARN] ConditionMgr:1039 - genDependencies : Invalid condition id : UX DEVICE CLASS RTOS Condition cause : null
2025-09-13 15:17:15,976 [WARN] ConditionMgr:1039 - genDependencies : Invalid condition id : UX DEVICE CLASS RTOS Condition cause : null
2025-09-13 15:17:15,976 [WARN] ConditionMgr:1039 - genDependencies : Invalid condition id : UX DEVICE CLASS RTOS Condition cause : null
2025-09-13 15:17:15,986 [WARN] PackLoader:240 - Cannot read IP mode file for STMicroelectronics.X-CUBE-GNSS1.7.0.0
2025-09-13 15:17:15,994 [WARN] PackLoader:240 - Cannot read IP mode file for STMicroelectronics.X-CUBE-GNSS1.7.0.1
2025-09-13 15:17:16,002 [WARN] PackLoader:240 - Cannot read IP mode file for STMicroelectronics.X-CUBE-TOUCHGFX.4.25.0
2025-09-13 15:17:16,012 [WARN] PackLoader:240 - Cannot read IP mode file for STMicroelectronics.FP-SNS-STBOX1.2.0.0
2025-09-13 15:17:16,029 [WARN] PackLoader:240 - Cannot read IP mode file for STMicroelectronics.X-CUBE-SUBG2.5.0.0
2025-09-13 15:17:16,060 [WARN] PackLoader:240 - Cannot read IP mode file for STMicroelectronics.X-CUBE-AZRTOS-H7RS.1.1.0
2025-09-13 15:17:16,069 [WARN] PackLoader:240 - Cannot read IP mode file for Cesanta.I-CUBE-Mongoose.7.13.0
2025-09-13 15:17:16,090 [WARN] PackLoader:240 - Cannot read IP mode file for STMicroelectronics.X-CUBE-AZRTOS-G4.2.0.0
2025-09-13 15:17:16,102 [WARN] PackLoader:240 - Cannot read IP mode file for STMicroelectronics.X-CUBE-NFC7.2.0.0
2025-09-13 15:17:16,109 [ERROR] Engine:466 - C:\Users\nacho\.stm32cubemx\thirdparties\pdsc\STMicroelectronics.X-CUBE-IPS.3.1.0.pdsc: PDSC version is not supported
2025-09-13 15:17:16,115 [WARN] PackLoader:240 - Cannot read IP mode file for STMicroelectronics.X-CUBE-ALS.1.0.2
2025-09-13 15:17:16,120 [WARN] PackLoader:240 - Cannot read IP mode file for STMicroelectronics.X-CUBE-TOUCHGFX.4.24.2
2025-09-13 15:17:16,125 [WARN] PackLoader:240 - Cannot read IP mode file for STMicroelectronics.X-CUBE-TOUCHGFX.4.24.1
2025-09-13 15:17:16,135 [WARN] PackLoader:240 - Cannot read IP mode file for STMicroelectronics.X-CUBE-STSE01.1.0.0
2025-09-13 15:17:16,143 [WARN] PackLoader:240 - Cannot read IP mode file for wolfSSL.I-CUBE-wolfTPM.3.4.0
2025-09-13 15:17:16,151 [WARN] PackLoader:240 - Cannot read IP mode file for portGmbH.I-Cube-SoM-uGOAL.1.1.0
2025-09-13 15:17:16,173 [WARN] PackLoader:240 - Cannot read IP mode file for STMicroelectronics.X-CUBE-AZRTOS-H7RS.1.0.0
2025-09-13 15:17:16,191 [WARN] PackLoader:240 - Cannot read IP mode file for STMicroelectronics.X-CUBE-TOF1.3.4.2
2025-09-13 15:17:16,216 [ERROR] Engine:466 - C:\Users\nacho\.stm32cubemx\thirdparties\pdsc\STMicroelectronics.X-CUBE-TOF1.3.4.3.pdsc: PDSC version is not supported
2025-09-13 15:17:16,243 [WARN] PackLoader:240 - Cannot read IP mode file for Infineon.AIROC-Wi-Fi-Bluetooth-STM32.1.6.1
2025-09-13 15:17:16,256 [WARN] PackLoader:240 - Cannot read IP mode file for wolfSSL.I-CUBE-wolfSSH.1.4.17
2025-09-13 15:17:16,257 [INFO] ThirdParty:978 - Integrity check success = true
2025-09-13 15:17:16,257 [INFO] IntegrityCheckThread:100 - exiting critical section [integrity check]
2025-09-13 15:17:16,257 [INFO] IntegrityCheckThread:103 - End integrity checks thread
2025-09-13 17:00:57,282 [ERROR] LogOutputStream:75 - [STDERR_REDIRECT] 
2025-09-13 17:03:36,534 [INFO] Activator:176 - 


2025-09-13 17:03:36,536 [INFO] Activator:177 - !SESSION log4j initialized
2025-09-13 17:03:41,703 [INFO] LogOutputStream:77 - [STDOUT_REDIRECT] 
2025-09-13 17:03:43,158 [INFO] ApplicationProperties:184 - Using Application install path: C:\ST\STM32CubeIDE_1.16.1\STM32CubeIDE\plugins\com.st.stm32cube.common.mx_6.12.1.202409122256
2025-09-13 17:03:43,189 [INFO] DbMcusXml:78 - Set database path to: C:\ST\STM32CubeIDE_1.16.1\STM32CubeIDE\plugins\com.st.stm32cube.common.mx_6.12.1.202409122256\\db\/mcu/
2025-09-13 17:03:43,190 [INFO] ApiDb:274 - Set plugin database path to: C:\ST\STM32CubeIDE_1.16.1\STM32CubeIDE\plugins\com.st.stm32cube.common.mx_6.12.1.202409122256\\db\/plugins/boardmanager/
2025-09-13 17:03:43,190 [WARN] ApiDb:259 - Overriding images path with different value:  => C:\ST\STM32CubeIDE_1.16.1\STM32CubeIDE\plugins\com.st.stm32cube.common.mx_6.12.1.202409122256\\db\/plugins/mcufinder/images/
2025-09-13 17:03:43,235 [INFO] ApiDb:250 - Set database path to: C:\Users\nacho\.stmcufinder\plugins\mcufinder//mcu/
2025-09-13 17:03:43,237 [INFO] DbMcusAds:125 - Set database path to: C:\Users\nacho\.stmcufinder\plugins\mcufinder//mcu/
2025-09-13 17:03:43,243 [INFO] CrossReferenceDbSqlite:203 - Set database path to: C:\Users\nacho\.stmcufinder\plugins\mcufinder//mcu/cs/
2025-09-13 17:03:43,451 [INFO] RulesReader:64 - Compatibility file has been processed (297 Rules)
2025-09-13 17:03:43,595 [INFO] DbMcusXml:78 - Set database path to: C:\ST\STM32CubeIDE_1.16.1\STM32CubeIDE\plugins\com.st.stm32cube.common.mx_6.12.1.202409122256\\db\/mcu/
2025-09-13 17:03:43,596 [INFO] ApiDb:274 - Set plugin database path to: C:\ST\STM32CubeIDE_1.16.1\STM32CubeIDE\plugins\com.st.stm32cube.common.mx_6.12.1.202409122256\\db\/plugins/boardmanager/
2025-09-13 17:03:43,596 [INFO] ApiDb:261 - Set plugin images path to: C:\ST\STM32CubeIDE_1.16.1\STM32CubeIDE\plugins\com.st.stm32cube.common.mx_6.12.1.202409122256\\db\/plugins/mcufinder/images/
2025-09-13 17:03:43,596 [WARN] DbFile:41 - Overriding database path with different value: C:\Users\nacho\.stmcufinder\plugins\mcufinder/ => C:\Users\nacho\.stmcufinder\plugins\mcufinder
2025-09-13 17:03:43,596 [INFO] ApiDb:250 - Set database path to: C:\Users\nacho\.stmcufinder\plugins\mcufinder//mcu/
2025-09-13 17:03:43,596 [WARN] DbFile:41 - Overriding database path with different value: C:\Users\nacho\.stmcufinder\plugins\mcufinder/ => C:\Users\nacho\.stmcufinder\plugins\mcufinder
2025-09-13 17:03:43,597 [INFO] DbMcusAds:125 - Set database path to: C:\Users\nacho\.stmcufinder\plugins\mcufinder//mcu/
2025-09-13 17:03:43,597 [WARN] DbFile:41 - Overriding database path with different value: C:\Users\nacho\.stmcufinder\plugins\mcufinder/ => C:\Users\nacho\.stmcufinder\plugins\mcufinder
2025-09-13 17:03:43,597 [WARN] DbFile:41 - Overriding database path with different value: C:\Users\nacho\.stmcufinder\plugins\mcufinder/ => C:\Users\nacho\.stmcufinder\plugins\mcufinder
2025-09-13 17:03:43,597 [INFO] CrossReferenceDbSqlite:203 - Set database path to: C:\Users\nacho\.stmcufinder\plugins\mcufinder//mcu/cs/
2025-09-13 17:03:43,727 [INFO] MainPanel:268 - HeapMemory: 268435456
2025-09-13 17:03:43,900 [INFO] DbMcusXml:78 - Set database path to: C:\ST\STM32CubeIDE_1.16.1\STM32CubeIDE\plugins\com.st.stm32cube.common.mx_6.12.1.202409122256\\db\/mcu/
2025-09-13 17:03:43,900 [INFO] ApiDb:274 - Set plugin database path to: C:\ST\STM32CubeIDE_1.16.1\STM32CubeIDE\plugins\com.st.stm32cube.common.mx_6.12.1.202409122256\\db\/plugins/boardmanager/
2025-09-13 17:03:43,900 [INFO] ApiDb:261 - Set plugin images path to: C:\ST\STM32CubeIDE_1.16.1\STM32CubeIDE\plugins\com.st.stm32cube.common.mx_6.12.1.202409122256\\db\/plugins/mcufinder/images/
2025-09-13 17:03:43,901 [WARN] DbFile:41 - Overriding database path with different value: C:\Users\nacho\.stmcufinder\plugins\mcufinder/ => C:\Users\nacho\.stmcufinder\plugins\mcufinder
2025-09-13 17:03:43,901 [INFO] ApiDb:250 - Set database path to: C:\Users\nacho\.stmcufinder\plugins\mcufinder//mcu/
2025-09-13 17:03:43,901 [WARN] DbFile:41 - Overriding database path with different value: C:\Users\nacho\.stmcufinder\plugins\mcufinder/ => C:\Users\nacho\.stmcufinder\plugins\mcufinder
2025-09-13 17:03:43,901 [INFO] DbMcusAds:125 - Set database path to: C:\Users\nacho\.stmcufinder\plugins\mcufinder//mcu/
2025-09-13 17:03:43,901 [WARN] DbFile:41 - Overriding database path with different value: C:\Users\nacho\.stmcufinder\plugins\mcufinder/ => C:\Users\nacho\.stmcufinder\plugins\mcufinder
2025-09-13 17:03:43,901 [WARN] DbFile:41 - Overriding database path with different value: C:\Users\nacho\.stmcufinder\plugins\mcufinder/ => C:\Users\nacho\.stmcufinder\plugins\mcufinder
2025-09-13 17:03:43,901 [INFO] CrossReferenceDbSqlite:203 - Set database path to: C:\Users\nacho\.stmcufinder\plugins\mcufinder//mcu/cs/
2025-09-13 17:03:43,925 [INFO] ApplicationProperties:184 - Using Application install path: C:\ST\STM32CubeIDE_1.16.1\STM32CubeIDE\plugins\com.st.stm32cube.common.mx_6.12.1.202409122256
2025-09-13 17:03:43,927 [INFO] PluginManage:196 - Search for loadable plugins [exclusion list=, ]
2025-09-13 17:03:43,929 [INFO] PluginManage:310 - Check plugin analytics
2025-09-13 17:03:44,176 [INFO] AnalyticsPlugin:253 - Accepted Software Licenses: STM32CubeMX.6.12.1,STM32CubeMX.6.15.0
2025-09-13 17:03:44,176 [INFO] AnalyticsPlugin:255 - Accepted CMSIS Pack Licenses: 
2025-09-13 17:03:44,177 [INFO] AnalyticsPlugin:257 - Accepted Firmware Licenses: FW.WL.1.3.0
2025-09-13 17:03:44,177 [INFO] PluginManage:359 - Loaded plugin analytics (category:tool,tabindex:-1)
2025-09-13 17:03:44,178 [INFO] PluginManage:310 - Check plugin cadmodel
2025-09-13 17:03:44,183 [INFO] CADModel:105 - Init CAD model plugin
2025-09-13 17:03:44,185 [INFO] PluginManage:359 - Loaded plugin cadmodel (category:power,tabindex:5)
2025-09-13 17:03:44,185 [INFO] PluginManage:310 - Check plugin clock
2025-09-13 17:03:44,196 [INFO] PluginManage:359 - Loaded plugin clock (category:base,tabindex:2)
2025-09-13 17:03:44,196 [INFO] PluginManage:310 - Check plugin ddr
2025-09-13 17:03:44,207 [INFO] PluginManage:359 - Loaded plugin ddr (category:tool,tabindex:6)
2025-09-13 17:03:44,207 [INFO] PluginManage:310 - Check plugin filemanager
2025-09-13 17:03:44,439 [INFO] PluginManage:359 - Loaded plugin filemanager (category:base,tabindex:10)
2025-09-13 17:03:44,440 [INFO] PluginManage:310 - Check plugin ipmanager
2025-09-13 17:03:44,454 [INFO] PluginManage:359 - Loaded plugin ipmanager (category:base,tabindex:5)
2025-09-13 17:03:44,455 [INFO] PluginManage:310 - Check plugin lpbam
2025-09-13 17:03:44,468 [INFO] PluginManage:359 - Loaded plugin lpbam (category:base,tabindex:0)
2025-09-13 17:03:44,468 [INFO] PluginManage:310 - Check plugin memorymap
2025-09-13 17:03:44,490 [INFO] PluginManage:359 - Loaded plugin memorymap (category:base,tabindex:4)
2025-09-13 17:03:44,490 [INFO] PluginManage:310 - Check plugin pinoutandconfiguration
2025-09-13 17:03:44,500 [INFO] PluginManage:359 - Loaded plugin pinoutandconfiguration (category:base,tabindex:1)
2025-09-13 17:03:44,500 [INFO] PluginManage:310 - Check plugin pinoutconfig
2025-09-13 17:03:44,664 [WARN] SupportedApi:132 - Cannot load RTOS API schema: s4s-elt-must-match.1: The content of 'definitions' must match (annotation?, (simpleType | complexType)?, (unique | key | keyref)*)). A problem was found starting at: attribute.
2025-09-13 17:03:44,848 [INFO] PluginManage:359 - Loaded plugin pinoutconfig (category:base,tabindex:0)
2025-09-13 17:03:44,848 [INFO] PluginManage:310 - Check plugin power
2025-09-13 17:03:44,861 [INFO] PluginManage:359 - Loaded plugin power (category:power,tabindex:4)
2025-09-13 17:03:44,861 [INFO] PluginManage:310 - Check plugin projectmanager
2025-09-13 17:03:44,885 [INFO] PluginManage:359 - Loaded plugin projectmanager (category:projectmanager,tabindex:4)
2025-09-13 17:03:44,885 [INFO] PluginManage:310 - Check plugin rif
2025-09-13 17:03:44,896 [INFO] PluginManage:359 - Loaded plugin rif (category:base,tabindex:3)
2025-09-13 17:03:44,896 [INFO] PluginManage:310 - Check plugin thirdparty
2025-09-13 17:03:45,062 [INFO] PluginManage:359 - Loaded plugin thirdparty (category:base,tabindex:-1)
2025-09-13 17:03:45,062 [WARN] IntegrityCheckThread:84 - waiting for thirdparty lock release [integrity check]
2025-09-13 17:03:45,062 [INFO] PluginManage:310 - Check plugin tools
2025-09-13 17:03:45,062 [INFO] IntegrityCheckThread:86 - entering critical section [integrity check]
2025-09-13 17:03:45,063 [INFO] ThirdPartyUpdaterWithRetryManager:70 - Updater plugin not ready yet. [1/15]
2025-09-13 17:03:45,065 [INFO] PluginManage:359 - Loaded plugin tools (category:base,tabindex:7)
2025-09-13 17:03:45,065 [INFO] PluginManage:310 - Check plugin tutovideos
2025-09-13 17:03:45,313 [INFO] PluginManage:359 - Loaded plugin tutovideos (category:base,tabindex:-1)
2025-09-13 17:03:45,313 [INFO] PluginManage:310 - Check plugin updater
2025-09-13 17:03:45,335 [INFO] PluginManage:359 - Loaded plugin updater (category:base,tabindex:12)
2025-09-13 17:03:45,336 [INFO] PluginManage:310 - Check plugin userauth
2025-09-13 17:03:45,344 [INFO] UserAuth:113 - Init User Auth plugin
2025-09-13 17:03:45,344 [INFO] PluginManage:359 - Loaded plugin userauth (category:base,tabindex:14)
2025-09-13 17:03:45,344 [INFO] PluginManage:283 - PluginManage : Loaded plugins [18]
2025-09-13 17:03:45,594 [INFO] PinOutPanel:1561 - setPackage(No Configuration,No Configuration)
2025-09-13 17:03:45,702 [INFO] CADModel:165 - CPN selected for project level
2025-09-13 17:03:45,702 [INFO] CADModel:114 - Register for checkConnection events
2025-09-13 17:03:45,726 [INFO] IPUIPlugin:80 - create IPUIPlugin
2025-09-13 17:03:45,726 [INFO] PluginManager:220 - loadIPPluginJar : add adc
2025-09-13 17:03:45,729 [INFO] IPUIPlugin:80 - create IPUIPlugin
2025-09-13 17:03:45,729 [INFO] PluginManager:220 - loadIPPluginJar : add aes
2025-09-13 17:03:45,732 [INFO] IPUIPlugin:80 - create IPUIPlugin
2025-09-13 17:03:45,732 [INFO] PluginManager:220 - loadIPPluginJar : add can
2025-09-13 17:03:45,734 [INFO] IPUIPlugin:80 - create IPUIPlugin
2025-09-13 17:03:45,734 [INFO] PluginManager:220 - loadIPPluginJar : add comp
2025-09-13 17:03:45,737 [INFO] IPUIPlugin:80 - create IPUIPlugin
2025-09-13 17:03:45,737 [INFO] PluginManager:220 - loadIPPluginJar : add cryp
2025-09-13 17:03:45,742 [INFO] IPUIPlugin:80 - create IPUIPlugin
2025-09-13 17:03:45,742 [INFO] PluginManager:220 - loadIPPluginJar : add ddr_ctrl_phy
2025-09-13 17:03:45,744 [INFO] IPUIPlugin:80 - create IPUIPlugin
2025-09-13 17:03:45,744 [INFO] PluginManager:220 - loadIPPluginJar : add dfsdm
2025-09-13 17:03:45,750 [INFO] IPUIPlugin:80 - create IPUIPlugin
2025-09-13 17:03:45,751 [INFO] PluginManager:220 - loadIPPluginJar : add dma
2025-09-13 17:03:45,754 [INFO] IPUIPlugin:80 - create IPUIPlugin
2025-09-13 17:03:45,754 [INFO] PluginManager:220 - loadIPPluginJar : add dma3
2025-09-13 17:03:45,757 [INFO] IPUIPlugin:80 - create IPUIPlugin
2025-09-13 17:03:45,758 [INFO] PluginManager:220 - loadIPPluginJar : add extmemmanager
2025-09-13 17:03:45,759 [INFO] IPUIPlugin:80 - create IPUIPlugin
2025-09-13 17:03:45,759 [INFO] PluginManager:220 - loadIPPluginJar : add fatfs
2025-09-13 17:03:45,764 [INFO] IPUIPlugin:80 - create IPUIPlugin
2025-09-13 17:03:45,764 [INFO] PluginManager:220 - loadIPPluginJar : add fmc
2025-09-13 17:03:45,770 [INFO] IPUIPlugin:80 - create IPUIPlugin
2025-09-13 17:03:45,770 [INFO] PluginManager:220 - loadIPPluginJar : add freertos
2025-09-13 17:03:45,772 [INFO] IPUIPlugin:80 - create IPUIPlugin
2025-09-13 17:03:45,772 [INFO] PluginManager:220 - loadIPPluginJar : add genericplugin
2025-09-13 17:03:45,774 [INFO] IPUIPlugin:80 - create IPUIPlugin
2025-09-13 17:03:45,775 [INFO] PluginManager:220 - loadIPPluginJar : add gfxmmu
2025-09-13 17:03:45,780 [INFO] IPUIPlugin:80 - create IPUIPlugin
2025-09-13 17:03:45,780 [INFO] PluginManager:220 - loadIPPluginJar : add gic
2025-09-13 17:03:45,784 [INFO] IPUIPlugin:80 - create IPUIPlugin
2025-09-13 17:03:45,785 [INFO] PluginManager:220 - loadIPPluginJar : add gpio
2025-09-13 17:03:45,787 [INFO] IPUIPlugin:80 - create IPUIPlugin
2025-09-13 17:03:45,787 [INFO] PluginManager:220 - loadIPPluginJar : add gtzc
2025-09-13 17:03:45,789 [INFO] IPUIPlugin:80 - create IPUIPlugin
2025-09-13 17:03:45,789 [INFO] PluginManager:220 - loadIPPluginJar : add hash
2025-09-13 17:03:45,792 [INFO] IPUIPlugin:80 - create IPUIPlugin
2025-09-13 17:03:45,792 [INFO] PluginManager:220 - loadIPPluginJar : add i2c
2025-09-13 17:03:45,795 [INFO] IPUIPlugin:80 - create IPUIPlugin
2025-09-13 17:03:45,795 [INFO] PluginManager:220 - loadIPPluginJar : add i2s
2025-09-13 17:03:45,798 [INFO] IPUIPlugin:80 - create IPUIPlugin
2025-09-13 17:03:45,799 [INFO] PluginManager:220 - loadIPPluginJar : add i3c
2025-09-13 17:03:45,803 [INFO] IPUIPlugin:80 - create IPUIPlugin
2025-09-13 17:03:45,803 [INFO] PluginManager:220 - loadIPPluginJar : add ipddr
2025-09-13 17:03:45,812 [INFO] IPUIPlugin:80 - create IPUIPlugin
2025-09-13 17:03:45,812 [INFO] PluginManager:220 - loadIPPluginJar : add linkedlist
2025-09-13 17:03:45,815 [INFO] IPUIPlugin:80 - create IPUIPlugin
2025-09-13 17:03:45,816 [INFO] PluginManager:220 - loadIPPluginJar : add lorawan
2025-09-13 17:03:45,817 [INFO] IPUIPlugin:80 - create IPUIPlugin
2025-09-13 17:03:45,817 [INFO] PluginManager:220 - loadIPPluginJar : add ltdc
2025-09-13 17:03:45,822 [INFO] IPUIPlugin:80 - create IPUIPlugin
2025-09-13 17:03:45,823 [INFO] PluginManager:220 - loadIPPluginJar : add mdma
2025-09-13 17:03:45,826 [INFO] IPUIPlugin:80 - create IPUIPlugin
2025-09-13 17:03:45,827 [INFO] PluginManager:220 - loadIPPluginJar : add nvic
2025-09-13 17:03:45,829 [INFO] IPUIPlugin:80 - create IPUIPlugin
2025-09-13 17:03:45,830 [INFO] PluginManager:220 - loadIPPluginJar : add opamp
2025-09-13 17:03:45,833 [INFO] IPUIPlugin:80 - create IPUIPlugin
2025-09-13 17:03:45,833 [INFO] PluginManager:220 - loadIPPluginJar : add openamp
2025-09-13 17:03:45,836 [INFO] IPUIPlugin:80 - create IPUIPlugin
2025-09-13 17:03:45,837 [INFO] PluginManager:220 - loadIPPluginJar : add pdm2pcm
2025-09-13 17:03:45,843 [INFO] IPUIPlugin:80 - create IPUIPlugin
2025-09-13 17:03:45,845 [INFO] PluginManager:220 - loadIPPluginJar : add plateformsettings
2025-09-13 17:03:45,847 [INFO] IPUIPlugin:80 - create IPUIPlugin
2025-09-13 17:03:45,848 [INFO] PluginManager:220 - loadIPPluginJar : add quadspi
2025-09-13 17:03:45,849 [INFO] IPUIPlugin:80 - create IPUIPlugin
2025-09-13 17:03:45,850 [INFO] PluginManager:220 - loadIPPluginJar : add radio
2025-09-13 17:03:45,853 [INFO] IPUIPlugin:80 - create IPUIPlugin
2025-09-13 17:03:45,853 [INFO] PluginManager:220 - loadIPPluginJar : add resmgrutility
2025-09-13 17:03:45,856 [INFO] IPUIPlugin:80 - create IPUIPlugin
2025-09-13 17:03:45,856 [INFO] PluginManager:220 - loadIPPluginJar : add sai
2025-09-13 17:03:45,859 [INFO] IPUIPlugin:80 - create IPUIPlugin
2025-09-13 17:03:45,859 [INFO] PluginManager:220 - loadIPPluginJar : add spi
2025-09-13 17:03:45,864 [INFO] IPUIPlugin:80 - create IPUIPlugin
2025-09-13 17:03:45,864 [INFO] PluginManager:220 - loadIPPluginJar : add stm32_wpan
2025-09-13 17:03:45,866 [INFO] IPUIPlugin:80 - create IPUIPlugin
2025-09-13 17:03:45,867 [INFO] PluginManager:220 - loadIPPluginJar : add tim
2025-09-13 17:03:45,869 [INFO] IPUIPlugin:80 - create IPUIPlugin
2025-09-13 17:03:45,869 [INFO] PluginManager:220 - loadIPPluginJar : add touchsensing
2025-09-13 17:03:45,872 [INFO] IPUIPlugin:80 - create IPUIPlugin
2025-09-13 17:03:45,872 [INFO] PluginManager:220 - loadIPPluginJar : add tracer_emb
2025-09-13 17:03:45,874 [INFO] IPUIPlugin:80 - create IPUIPlugin
2025-09-13 17:03:45,874 [INFO] PluginManager:220 - loadIPPluginJar : add ts
2025-09-13 17:03:45,875 [INFO] IPUIPlugin:80 - create IPUIPlugin
2025-09-13 17:03:45,875 [INFO] PluginManager:220 - loadIPPluginJar : add tsc
2025-09-13 17:03:45,877 [INFO] IPUIPlugin:80 - create IPUIPlugin
2025-09-13 17:03:45,877 [INFO] PluginManager:220 - loadIPPluginJar : add ucpd
2025-09-13 17:03:45,880 [INFO] IPUIPlugin:80 - create IPUIPlugin
2025-09-13 17:03:45,880 [INFO] PluginManager:220 - loadIPPluginJar : add usart
2025-09-13 17:03:45,882 [INFO] IPUIPlugin:80 - create IPUIPlugin
2025-09-13 17:03:45,882 [INFO] PluginManager:220 - loadIPPluginJar : add usbx
2025-09-13 17:03:46,012 [INFO] CADModel:165 - CPN selected for project level
2025-09-13 17:03:46,013 [INFO] CADModel:114 - Register for checkConnection events
2025-09-13 17:03:46,013 [FATAL] Updater:334 - Updater called before beeing initialized
2025-09-13 17:03:46,013 [ERROR] CADModel:125 - Updater not yet initialized, retry later 
2025-09-13 17:03:46,238 [INFO] CADModel:165 - CPN selected for project level
2025-09-13 17:03:46,238 [INFO] CADModel:114 - Register for checkConnection events
2025-09-13 17:03:46,238 [FATAL] Updater:334 - Updater called before beeing initialized
2025-09-13 17:03:46,238 [ERROR] CADModel:125 - Updater not yet initialized, retry later 
2025-09-13 17:03:46,244 [FATAL] Updater:334 - Updater called before beeing initialized
2025-09-13 17:03:46,397 [FATAL] Updater:334 - Updater called before beeing initialized
2025-09-13 17:03:46,403 [INFO] DbMcusAds:53 - JSON generation date=Tue Jul 08 05:14:23 ART 2025 (1751962463582)
2025-09-13 17:03:46,403 [FATAL] Updater:334 - Updater called before beeing initialized
2025-09-13 17:03:46,440 [WARN] DetailPanel:346 - Failed to get advertising image, set to default
2025-09-13 17:03:46,540 [FATAL] Updater:334 - Updater called before beeing initialized
2025-09-13 17:03:46,542 [FATAL] Updater:334 - Updater called before beeing initialized
2025-09-13 17:03:46,542 [FATAL] Updater:334 - Updater called before beeing initialized
2025-09-13 17:03:46,543 [WARN] DetailPanel:346 - Failed to get advertising image, set to default
2025-09-13 17:03:46,543 [FATAL] Updater:334 - Updater called before beeing initialized
2025-09-13 17:03:46,592 [ERROR] Updater:1164 - MainUpdater not yet initialized. External WinMGr cannot be set.
2025-09-13 17:03:46,595 [INFO] Updater:1100 - Updater Version found : 6.12.1
2025-09-13 17:03:46,636 [INFO] ApplicationProperties:184 - Using Application install path: C:\ST\STM32CubeIDE_1.16.1\STM32CubeIDE\plugins\com.st.stm32cube.common.mx_6.12.1.202409122256
2025-09-13 17:03:46,691 [INFO] MainUpdater:526 - Copy updater definitions from MX database
2025-09-13 17:03:46,969 [INFO] MainUpdater:2873 - connection check result : 10
2025-09-13 17:03:46,970 [INFO] MainUpdater:3567 - Updater definition file requires update
2025-09-13 17:03:46,971 [INFO] MainUpdater:290 - Updater Check For Update Now.
2025-09-13 17:03:46,971 [INFO] MicroXplorer:498 - Change Database Version : DB.6.0.121
2025-09-13 17:03:46,985 [INFO] McuFinderGlobals:63 - Set McuFinder mode to 2 (CubeIDE integrated)
2025-09-13 17:03:46,986 [INFO] UserAuth:417 - Internet connection configuration mode: 1
2025-09-13 17:03:47,012 [INFO] JxBrowserEngine:152 - Initiate JxBrowser Engine with user profile folder
2025-09-13 17:03:47,035 [INFO] ServerAccessManage:473 - Download File updaters.zip
2025-09-13 17:03:47,196 [INFO] FileExtend:240 - Unzip File : updaters.zip
2025-09-13 17:03:47,197 [INFO] FileExtend:255 - Standard Zip Deflate
2025-09-13 17:03:47,918 [INFO] ServerAccessManage:473 - Download File PacksControlFlags.xml
2025-09-13 17:03:48,035 [INFO] ServerAccessManage:473 - Download File cubemx.pidx
2025-09-13 17:03:48,064 [WARN] MainUpdater:1194 - Updater busy. Cannot search thirdparties
2025-09-13 17:03:48,064 [INFO] ThirdPartyUpdaterWithRetryManager:96 - Updater plugin is busy. [1/15]
2025-09-13 17:03:48,326 [INFO] LoadServerUpdatesThread:375 - End of LoadServerUpdate Thread
2025-09-13 17:03:48,703 [INFO] CheckServerUpdateThread:120 - End of CheckServer Thread
2025-09-13 17:03:49,440 [INFO] WebApp:167 - Instantiating new browser for Auth
2025-09-13 17:03:50,814 [INFO] WebApp:448 - Apply proxy settings
2025-09-13 17:03:50,814 [INFO] WebApp:533 - Chromium requires no authentication
2025-09-13 17:03:50,827 [INFO] WebApp:476 - Direct internet connection detected
2025-09-13 17:03:50,884 [INFO] WebApp:869 - Register for checkConnection events
2025-09-13 17:03:50,884 [INFO] WebApp:448 - Apply proxy settings
2025-09-13 17:03:50,885 [INFO] WebApp:533 - Chromium requires no authentication
2025-09-13 17:03:50,886 [INFO] WebApp:476 - Direct internet connection detected
2025-09-13 17:03:51,031 [INFO] WebApp:186 - Connection restablished
2025-09-13 17:03:51,158 [INFO] WebApp:220 - Starting web application
2025-09-13 17:03:51,158 [INFO] WebApp:578 - Web application path used C:\ST\STM32CubeIDE_1.16.1\STM32CubeIDE\plugins\com.st.stm32cube.common.mx_6.12.1.202409122256\db\plugins\mcufinder\reactClient1\index.html
2025-09-13 17:03:51,348 [INFO] UserAuth:417 - Internet connection configuration mode: 1
2025-09-13 17:03:51,514 [WARN] PackLoader:240 - Cannot read IP mode file for STMicroelectronics.FP-SNS-MOTENVWB1.1.4.0
2025-09-13 17:03:51,528 [WARN] PackLoader:240 - Cannot read IP mode file for STMicroelectronics.FP-ATR-ASTRA1.2.0.2
2025-09-13 17:03:51,534 [WARN] PackLoader:240 - Cannot read IP mode file for STMicroelectronics.FP-ATR-ASTRA1.2.0.1
2025-09-13 17:03:51,548 [WARN] PackLoader:240 - Cannot read IP mode file for STMicroelectronics.X-CUBE-SMBUS.2.1.0
2025-09-13 17:03:51,560 [WARN] PackLoader:240 - Cannot read IP mode file for STMicroelectronics.X-CUBE-WB05N.1.1.0
2025-09-13 17:03:51,566 [ERROR] Engine:466 - C:\Users\nacho\.stm32cubemx\thirdparties\pdsc\STMicroelectronics.X-CUBE-ST60.1.0.0.pdsc: PDSC version is not supported
2025-09-13 17:03:51,609 [WARN] PackLoader:240 - Cannot read IP mode file for STMicroelectronics.X-CUBE-AZRTOS-F7.1.1.0
2025-09-13 17:03:51,702 [WARN] PackLoader:240 - Cannot read IP mode file for STMicroelectronics.X-CUBE-MEMS1.11.0.0
2025-09-13 17:03:51,937 [WARN] PackLoader:240 - Cannot read IP mode file for STMicroelectronics.FP-SNS-FLIGHT1.5.0.2
2025-09-13 17:03:51,965 [WARN] PackLoader:240 - Cannot read IP mode file for STMicroelectronics.X-CUBE-AZRTOS-H7.3.4.0
2025-09-13 17:03:51,980 [WARN] PackLoader:240 - Cannot read IP mode file for STMicroelectronics.X-CUBE-DISPLAY.3.0.0
2025-09-13 17:03:51,994 [WARN] PackLoader:240 - Cannot read IP mode file for STMicroelectronics.X-CUBE-BLE1.7.0.0
2025-09-13 17:03:52,005 [WARN] PackLoader:240 - Cannot read IP mode file for STMicroelectronics.X-CUBE-NFC10.1.0.0
2025-09-13 17:03:52,020 [WARN] PackLoader:240 - Cannot read IP mode file for STMicroelectronics.X-CUBE-BLEMGR.4.0.0
2025-09-13 17:03:52,033 [WARN] PackLoader:240 - Cannot read IP mode file for emotas.I-CUBE-CANOPEN.1.3.0
2025-09-13 17:03:52,043 [WARN] PackLoader:240 - Cannot read IP mode file for STMicroelectronics.X-CUBE-BLEMGR.3.1.0
2025-09-13 17:03:52,051 [WARN] PackLoader:240 - Cannot read IP mode file for STMicroelectronics.X-CUBE-AI.10.0.0
2025-09-13 17:03:52,057 [ERROR] Engine:466 - C:\Users\nacho\.stm32cubemx\thirdparties\pdsc\STMicroelectronics.FP-SNS-STBOX1.2.1.0.pdsc: PDSC version is not supported
2025-09-13 17:03:52,063 [WARN] PackLoader:240 - Cannot read IP mode file for STMicroelectronics.FP-SNS-SMARTAG2.1.2.0
2025-09-13 17:03:52,066 [ERROR] Engine:466 - C:\Users\nacho\.stm32cubemx\thirdparties\pdsc\STMicroelectronics.FP-SNS-FLIGHT1.5.1.0.pdsc: PDSC version is not supported
2025-09-13 17:03:52,132 [WARN] PackLoader:240 - Cannot read IP mode file for STMicroelectronics.X-CUBE-MEMS1.11.1.0
2025-09-13 17:03:52,260 [INFO] LogOutputStream:77 - [STDOUT_REDIRECT] 1 : Invalid condition id : UX_CORESTACK_Condition cause : null
2025-09-13 17:03:52,261 [INFO] LogOutputStream:77 - [STDOUT_REDIRECT] 1 : Invalid condition id : UX_CORESTACK_Condition cause : null
2025-09-13 17:03:52,262 [INFO] LogOutputStream:77 - [STDOUT_REDIRECT] 1 : Invalid condition id : UX_CORESTACK_Condition cause : null
2025-09-13 17:03:52,263 [INFO] LogOutputStream:77 - [STDOUT_REDIRECT] 1 : Invalid condition id : UX_CORESTACK_Condition cause : null
2025-09-13 17:03:52,264 [INFO] LogOutputStream:77 - [STDOUT_REDIRECT] 1 : Invalid condition id : UX_CORESTACK_Condition cause : null
2025-09-13 17:03:52,268 [WARN] PackLoader:240 - Cannot read IP mode file for STMicroelectronics.X-CUBE-AZRTOS-WL.2.0.0
2025-09-13 17:03:52,274 [WARN] PackLoader:240 - Cannot read IP mode file for STMicroelectronics.FP-SNS-MOTENV1.5.0.0
2025-09-13 17:03:52,282 [WARN] PackLoader:240 - Cannot read IP mode file for wolfSSL.I-CUBE-wolfMQTT.1.19.0
2025-09-13 17:03:52,291 [WARN] PackLoader:240 - Cannot read IP mode file for WES.I-CUBE-Cesium.1.3.0
2025-09-13 17:03:52,297 [WARN] PackLoader:240 - Cannot read IP mode file for STMicroelectronics.X-CUBE-BLE2.3.3.0
2025-09-13 17:03:52,304 [WARN] PackLoader:240 - Cannot read IP mode file for STMicroelectronics.X-CUBE-NFC9.1.0.0
2025-09-13 17:03:52,309 [WARN] PackLoader:240 - Cannot read IP mode file for STMicroelectronics.X-CUBE-BLE1.7.1.0
2025-09-13 17:03:52,315 [WARN] PackLoader:240 - Cannot read IP mode file for STMicroelectronics.X-CUBE-TCPP.4.1.0
2025-09-13 17:03:52,322 [WARN] PackLoader:240 - Cannot read IP mode file for STMicroelectronics.X-CUBE-EEPRMA1.5.2.0
2025-09-13 17:03:52,327 [WARN] PackLoader:240 - Cannot read IP mode file for STMicroelectronics.X-CUBE-AI.10.1.0
2025-09-13 17:03:52,366 [WARN] PackLoader:240 - Cannot read IP mode file for STMicroelectronics.X-CUBE-MEMS1.11.2.0
2025-09-13 17:03:52,486 [WARN] PackLoader:240 - Cannot read IP mode file for STMicroelectronics.X-CUBE-AZRTOS-G0.1.1.0
2025-09-13 17:03:52,503 [WARN] PackLoader:240 - Cannot read IP mode file for STMicroelectronics.X-CUBE-SAFEA1.1.2.2
2025-09-13 17:03:52,510 [WARN] PackLoader:240 - Cannot read IP mode file for STMicroelectronics.X-CUBE-NFC4.3.0.0
2025-09-13 17:03:52,522 [WARN] PackLoader:240 - Cannot read IP mode file for EmbeddedOffice.I-CUBE-FS-RTOS.1.0.1
2025-09-13 17:03:52,522 [ERROR] ConditionMgr:805 - Attr not supported : Dmpu
2025-09-13 17:03:52,523 [ERROR] ConditionMgr:805 - Attr not supported : Dmpu
2025-09-13 17:03:52,523 [ERROR] ConditionMgr:805 - Attr not supported : Dmpu
2025-09-13 17:03:52,523 [ERROR] ConditionMgr:805 - Attr not supported : Dmpu
2025-09-13 17:03:52,523 [ERROR] ConditionMgr:805 - Attr not supported : Dmpu
2025-09-13 17:03:52,523 [ERROR] ConditionMgr:805 - Attr not supported : Dmpu
2025-09-13 17:03:52,523 [ERROR] ConditionMgr:805 - Attr not supported : Dmpu
2025-09-13 17:03:52,523 [ERROR] ConditionMgr:805 - Attr not supported : Dmpu
2025-09-13 17:03:52,523 [ERROR] ConditionMgr:805 - Attr not supported : Dmpu
2025-09-13 17:03:52,524 [ERROR] ConditionMgr:805 - Attr not supported : Dmpu
2025-09-13 17:03:52,524 [ERROR] ConditionMgr:805 - Attr not supported : Dmpu
2025-09-13 17:03:52,524 [ERROR] ConditionMgr:805 - Attr not supported : Dmpu
2025-09-13 17:03:52,524 [ERROR] ConditionMgr:805 - Attr not supported : Dmpu
2025-09-13 17:03:52,524 [ERROR] ConditionMgr:805 - Attr not supported : Dmpu
2025-09-13 17:03:52,524 [ERROR] ConditionMgr:805 - Attr not supported : Dmpu
2025-09-13 17:03:52,524 [ERROR] ConditionMgr:805 - Attr not supported : Dmpu
2025-09-13 17:03:52,524 [ERROR] ConditionMgr:805 - Attr not supported : Dmpu
2025-09-13 17:03:52,525 [ERROR] ConditionMgr:805 - Attr not supported : Dmpu
2025-09-13 17:03:52,525 [ERROR] ConditionMgr:805 - Attr not supported : Dmpu
2025-09-13 17:03:52,525 [ERROR] ConditionMgr:805 - Attr not supported : Dmpu
2025-09-13 17:03:52,525 [ERROR] ConditionMgr:805 - Attr not supported : Dmpu
2025-09-13 17:03:52,525 [ERROR] ConditionMgr:805 - Attr not supported : Dmpu
2025-09-13 17:03:52,525 [ERROR] ConditionMgr:805 - Attr not supported : Dmpu
2025-09-13 17:03:52,525 [ERROR] ConditionMgr:805 - Attr not supported : Dmpu
2025-09-13 17:03:52,525 [ERROR] ConditionMgr:805 - Attr not supported : Dmpu
2025-09-13 17:03:52,525 [ERROR] ConditionMgr:805 - Attr not supported : Dmpu
2025-09-13 17:03:52,525 [ERROR] ConditionMgr:805 - Attr not supported : Dmpu
2025-09-13 17:03:52,525 [ERROR] ConditionMgr:805 - Attr not supported : Dmpu
2025-09-13 17:03:52,526 [ERROR] ConditionMgr:805 - Attr not supported : Dmpu
2025-09-13 17:03:52,526 [ERROR] ConditionMgr:805 - Attr not supported : Dmpu
2025-09-13 17:03:52,526 [ERROR] ConditionMgr:805 - Attr not supported : Dmpu
2025-09-13 17:03:52,526 [ERROR] ConditionMgr:805 - Attr not supported : Dmpu
2025-09-13 17:03:52,526 [ERROR] ConditionMgr:805 - Attr not supported : Dmpu
2025-09-13 17:03:52,526 [ERROR] ConditionMgr:805 - Attr not supported : Dmpu
2025-09-13 17:03:52,526 [ERROR] ConditionMgr:805 - Attr not supported : Dmpu
2025-09-13 17:03:52,526 [ERROR] ConditionMgr:805 - Attr not supported : Dmpu
2025-09-13 17:03:52,526 [ERROR] ConditionMgr:805 - Attr not supported : Dmpu
2025-09-13 17:03:52,526 [ERROR] ConditionMgr:805 - Attr not supported : Dmpu
2025-09-13 17:03:52,526 [ERROR] ConditionMgr:805 - Attr not supported : Dmpu
2025-09-13 17:03:52,526 [ERROR] ConditionMgr:805 - Attr not supported : Dmpu
2025-09-13 17:03:52,526 [ERROR] ConditionMgr:805 - Attr not supported : Dmpu
2025-09-13 17:03:52,526 [ERROR] ConditionMgr:805 - Attr not supported : Dmpu
2025-09-13 17:03:52,526 [ERROR] ConditionMgr:805 - Attr not supported : Dmpu
2025-09-13 17:03:52,527 [ERROR] ConditionMgr:805 - Attr not supported : Dmpu
2025-09-13 17:03:52,527 [ERROR] ConditionMgr:805 - Attr not supported : Dmpu
2025-09-13 17:03:52,527 [ERROR] ConditionMgr:805 - Attr not supported : Dmpu
2025-09-13 17:03:52,527 [ERROR] ConditionMgr:805 - Attr not supported : Dmpu
2025-09-13 17:03:52,527 [ERROR] ConditionMgr:805 - Attr not supported : Dmpu
2025-09-13 17:03:52,527 [ERROR] ConditionMgr:805 - Attr not supported : Dmpu
2025-09-13 17:03:52,527 [ERROR] ConditionMgr:805 - Attr not supported : Dmpu
2025-09-13 17:03:52,527 [ERROR] ConditionMgr:805 - Attr not supported : Dmpu
2025-09-13 17:03:52,527 [ERROR] ConditionMgr:805 - Attr not supported : Dmpu
2025-09-13 17:03:52,527 [ERROR] ConditionMgr:805 - Attr not supported : Dmpu
2025-09-13 17:03:52,527 [ERROR] ConditionMgr:805 - Attr not supported : Dmpu
2025-09-13 17:03:52,527 [ERROR] ConditionMgr:805 - Attr not supported : Dmpu
2025-09-13 17:03:52,527 [ERROR] ConditionMgr:805 - Attr not supported : Dmpu
2025-09-13 17:03:52,527 [ERROR] ConditionMgr:805 - Attr not supported : Dmpu
2025-09-13 17:03:52,527 [ERROR] ConditionMgr:805 - Attr not supported : Dmpu
2025-09-13 17:03:52,527 [ERROR] ConditionMgr:805 - Attr not supported : Dmpu
2025-09-13 17:03:52,527 [ERROR] ConditionMgr:805 - Attr not supported : Dmpu
2025-09-13 17:03:52,527 [ERROR] ConditionMgr:805 - Attr not supported : Dmpu
2025-09-13 17:03:52,527 [ERROR] ConditionMgr:805 - Attr not supported : Dmpu
2025-09-13 17:03:52,527 [ERROR] ConditionMgr:805 - Attr not supported : Dmpu
2025-09-13 17:03:52,528 [ERROR] ConditionMgr:805 - Attr not supported : Dmpu
2025-09-13 17:03:52,533 [WARN] PackLoader:240 - Cannot read IP mode file for STMicroelectronics.X-CUBE-WB05N.2.0.0
2025-09-13 17:03:52,536 [ERROR] Engine:466 - C:\Users\nacho\.stm32cubemx\thirdparties\pdsc\STMicroelectronics.X-CUBE-TCPP.4.2.0.pdsc: PDSC version is not supported
2025-09-13 17:03:52,541 [WARN] PackLoader:240 - Cannot read IP mode file for RealThread.X-CUBE-RT-Thread_Nano.4.1.1
2025-09-13 17:03:52,547 [WARN] PackLoader:240 - Cannot read IP mode file for STMicroelectronics.FP-ATR-SIGFOX1.3.2.0
2025-09-13 17:03:52,553 [WARN] ConditionMgr:438 - getConditionDescription Invalid condition id : Cortex-A Device cause : null
2025-09-13 17:03:52,570 [WARN] ConditionMgr:1039 - genDependencies : Invalid condition id : Cortex-A Device cause : null
2025-09-13 17:03:52,570 [WARN] ConditionMgr:1039 - genDependencies : Invalid condition id : Cortex-A Device cause : null
2025-09-13 17:03:52,570 [WARN] ConditionMgr:1039 - genDependencies : Invalid condition id : Cortex-A Device cause : null
2025-09-13 17:03:52,575 [WARN] PackLoader:240 - Cannot read IP mode file for STMicroelectronics.X-CUBE-EEPRMA1.5.1.0
2025-09-13 17:03:52,581 [WARN] PackLoader:240 - Cannot read IP mode file for wolfSSL.I-CUBE-wolfSSL.5.7.4
2025-09-13 17:03:52,589 [WARN] PackLoader:240 - Cannot read IP mode file for ITTIA_DB.I-CUBE-ITTIADB.8.9.0
2025-09-13 17:03:52,592 [ERROR] Engine:466 - C:\Users\nacho\.stm32cubemx\thirdparties\pdsc\STMicroelectronics.X-CUBE-ST67W61.1.0.0.pdsc: PDSC version is not supported
2025-09-13 17:03:52,598 [WARN] PackLoader:240 - Cannot read IP mode file for STMicroelectronics.X-CUBE-AI.10.2.0
2025-09-13 17:03:52,625 [WARN] PackLoader:240 - Cannot read IP mode file for SEGGER.I-CUBE-embOS.1.3.1
2025-09-13 17:03:52,660 [WARN] PackLoader:240 - Cannot read IP mode file for STMicroelectronics.X-CUBE-ALGOBUILD.1.4.0
2025-09-13 17:03:52,700 [WARN] PackLoader:240 - Cannot read IP mode file for STMicroelectronics.X-CUBE-MEMS1.11.3.0
2025-09-13 17:03:52,806 [WARN] PackLoader:240 - Cannot read IP mode file for STMicroelectronics.X-CUBE-AI.9.1.0
2025-09-13 17:03:52,811 [WARN] PackLoader:240 - Cannot read IP mode file for STMicroelectronics.X-CUBE-PM33A1.1.0.0
2025-09-13 17:03:52,825 [WARN] PackLoader:240 - Cannot read IP mode file for STMicroelectronics.X-CUBE-AZRTOS-F4.1.1.0
2025-09-13 17:03:52,830 [ERROR] Engine:466 - C:\Users\nacho\.stm32cubemx\thirdparties\pdsc\Avnet-IotConnect.X-CUBE-IoTC-DA16k-PMOD.1.0.0.pdsc: PDSC version is not supported
2025-09-13 17:03:52,833 [WARN] PackLoader:240 - Cannot read IP mode file for STMicroelectronics.X-CUBE-ISPU.2.1.0
2025-09-13 17:03:52,840 [WARN] PackLoader:240 - Cannot read IP mode file for STMicroelectronics.X-CUBE-FREERTOS.1.2.0
2025-09-13 17:03:52,848 [WARN] PackLoader:240 - Cannot read IP mode file for STMicroelectronics.X-CUBE-NFC12.1.0.0
2025-09-13 17:03:52,864 [WARN] PackLoader:240 - Cannot read IP mode file for STMicroelectronics.X-CUBE-AZRTOS-L5.2.0.0
2025-09-13 17:03:52,872 [WARN] PackLoader:240 - Cannot read IP mode file for STMicroelectronics.X-CUBE-NFC6.3.1.0
2025-09-13 17:03:52,879 [WARN] PackLoader:240 - Cannot read IP mode file for STMicroelectronics.X-CUBE-DPower.1.2.0
2025-09-13 17:03:52,883 [WARN] PackLoader:240 - Cannot read IP mode file for STMicroelectronics.X-CUBE-FREERTOS.1.3.1
2025-09-13 17:03:52,888 [WARN] PackLoader:240 - Cannot read IP mode file for STMicroelectronics.X-CUBE-FREERTOS.1.3.0
2025-09-13 17:03:52,893 [WARN] PackLoader:240 - Cannot read IP mode file for STMicroelectronics.X-CUBE-NFC7.1.0.1
2025-09-13 17:03:52,896 [ERROR] Engine:466 - C:\Users\nacho\.stm32cubemx\thirdparties\pdsc\STMicroelectronics.FP-SNS-STAIOTCFT.1.0.0.pdsc: PDSC version is not supported
2025-09-13 17:03:52,900 [WARN] PackLoader:240 - Cannot read IP mode file for STMicroelectronics.X-CUBE-DPower.1.3.0
2025-09-13 17:03:52,920 [WARN] ConditionMgr:438 - getConditionDescription Invalid condition id : LAN8742 Phy interface Condition cause : null
2025-09-13 17:03:52,920 [WARN] PackLoader:240 - Cannot read IP mode file for STMicroelectronics.X-CUBE-AZRTOS-L4.2.0.0
2025-09-13 17:03:52,921 [WARN] ConditionMgr:1039 - genDependencies : Invalid condition id : LAN8742 Phy interface Condition cause : null
2025-09-13 17:03:52,922 [WARN] ConditionMgr:1039 - genDependencies : Invalid condition id : LAN8742 Phy interface Condition cause : null
2025-09-13 17:03:52,922 [WARN] ConditionMgr:1039 - genDependencies : Invalid condition id : LAN8742 Phy interface Condition cause : null
2025-09-13 17:03:52,929 [WARN] PackLoader:240 - Cannot read IP mode file for STMicroelectronics.X-CUBE-SFXS2LP1.4.0.0
2025-09-13 17:03:52,947 [WARN] PackLoader:240 - Cannot read IP mode file for STMicroelectronics.X-CUBE-AZRTOS-H7.3.3.0
2025-09-13 17:03:52,952 [ERROR] Engine:466 - C:\Users\nacho\.stm32cubemx\thirdparties\pdsc\STMicroelectronics.X-CUBE-BLEMGR.4.1.0.pdsc: PDSC version is not supported
2025-09-13 17:03:52,962 [WARN] PackLoader:240 - Cannot read IP mode file for STMicroelectronics.X-CUBE-IPS.3.0.0
2025-09-13 17:03:52,977 [WARN] ConditionMgr:438 - getConditionDescription Invalid condition id : UX DEVICE CLASS RTOS Condition cause : null
2025-09-13 17:03:52,977 [WARN] ConditionMgr:438 - getConditionDescription Invalid condition id : UX DEVICE CLASS RTOS Condition cause : null
2025-09-13 17:03:52,979 [WARN] PackLoader:240 - Cannot read IP mode file for STMicroelectronics.X-CUBE-AZRTOS-WB.2.0.0
2025-09-13 17:03:52,979 [WARN] ConditionMgr:1039 - genDependencies : Invalid condition id : UX DEVICE CLASS RTOS Condition cause : null
2025-09-13 17:03:52,979 [WARN] ConditionMgr:1039 - genDependencies : Invalid condition id : UX DEVICE CLASS RTOS Condition cause : null
2025-09-13 17:03:52,980 [WARN] ConditionMgr:1039 - genDependencies : Invalid condition id : UX DEVICE CLASS RTOS Condition cause : null
2025-09-13 17:03:52,980 [WARN] ConditionMgr:1039 - genDependencies : Invalid condition id : UX DEVICE CLASS RTOS Condition cause : null
2025-09-13 17:03:52,980 [WARN] ConditionMgr:1039 - genDependencies : Invalid condition id : UX DEVICE CLASS RTOS Condition cause : null
2025-09-13 17:03:52,986 [WARN] PackLoader:240 - Cannot read IP mode file for STMicroelectronics.X-CUBE-GNSS1.7.0.0
2025-09-13 17:03:52,992 [WARN] PackLoader:240 - Cannot read IP mode file for STMicroelectronics.X-CUBE-GNSS1.7.0.1
2025-09-13 17:03:52,999 [WARN] PackLoader:240 - Cannot read IP mode file for STMicroelectronics.X-CUBE-TOUCHGFX.4.25.0
2025-09-13 17:03:53,005 [WARN] PackLoader:240 - Cannot read IP mode file for STMicroelectronics.FP-SNS-STBOX1.2.0.0
2025-09-13 17:03:53,015 [WARN] PackLoader:240 - Cannot read IP mode file for STMicroelectronics.X-CUBE-SUBG2.5.0.0
2025-09-13 17:03:53,031 [WARN] PackLoader:240 - Cannot read IP mode file for STMicroelectronics.X-CUBE-AZRTOS-H7RS.1.1.0
2025-09-13 17:03:53,036 [WARN] PackLoader:240 - Cannot read IP mode file for Cesanta.I-CUBE-Mongoose.7.13.0
2025-09-13 17:03:53,047 [WARN] PackLoader:240 - Cannot read IP mode file for STMicroelectronics.X-CUBE-AZRTOS-G4.2.0.0
2025-09-13 17:03:53,052 [WARN] PackLoader:240 - Cannot read IP mode file for STMicroelectronics.X-CUBE-NFC7.2.0.0
2025-09-13 17:03:53,058 [ERROR] Engine:466 - C:\Users\nacho\.stm32cubemx\thirdparties\pdsc\STMicroelectronics.X-CUBE-IPS.3.1.0.pdsc: PDSC version is not supported
2025-09-13 17:03:53,063 [WARN] PackLoader:240 - Cannot read IP mode file for STMicroelectronics.X-CUBE-ALS.1.0.2
2025-09-13 17:03:53,069 [WARN] PackLoader:240 - Cannot read IP mode file for STMicroelectronics.X-CUBE-TOUCHGFX.4.24.2
2025-09-13 17:03:53,075 [WARN] PackLoader:240 - Cannot read IP mode file for STMicroelectronics.X-CUBE-TOUCHGFX.4.24.1
2025-09-13 17:03:53,083 [WARN] PackLoader:240 - Cannot read IP mode file for STMicroelectronics.X-CUBE-STSE01.1.0.0
2025-09-13 17:03:53,089 [WARN] PackLoader:240 - Cannot read IP mode file for wolfSSL.I-CUBE-wolfTPM.3.4.0
2025-09-13 17:03:53,095 [WARN] PackLoader:240 - Cannot read IP mode file for portGmbH.I-Cube-SoM-uGOAL.1.1.0
2025-09-13 17:03:53,110 [WARN] PackLoader:240 - Cannot read IP mode file for STMicroelectronics.X-CUBE-AZRTOS-H7RS.1.0.0
2025-09-13 17:03:53,122 [WARN] PackLoader:240 - Cannot read IP mode file for STMicroelectronics.X-CUBE-TOF1.3.4.2
2025-09-13 17:03:53,132 [ERROR] Engine:466 - C:\Users\nacho\.stm32cubemx\thirdparties\pdsc\STMicroelectronics.X-CUBE-TOF1.3.4.3.pdsc: PDSC version is not supported
2025-09-13 17:03:53,151 [WARN] PackLoader:240 - Cannot read IP mode file for Infineon.AIROC-Wi-Fi-Bluetooth-STM32.1.6.1
2025-09-13 17:03:53,159 [WARN] PackLoader:240 - Cannot read IP mode file for wolfSSL.I-CUBE-wolfSSH.1.4.17
2025-09-13 17:03:53,160 [INFO] ThirdParty:978 - Integrity check success = true
2025-09-13 17:03:53,160 [INFO] IntegrityCheckThread:100 - exiting critical section [integrity check]
2025-09-13 17:03:53,161 [INFO] IntegrityCheckThread:103 - End integrity checks thread
2025-09-13 17:04:12,196 [ERROR] LogOutputStream:75 - [STDERR_REDIRECT] 
2025-09-13 17:04:18,162 [INFO] Activator:176 - 


2025-09-13 17:04:18,165 [INFO] Activator:177 - !SESSION log4j initialized
2025-09-13 17:04:22,918 [INFO] LogOutputStream:77 - [STDOUT_REDIRECT] 
2025-09-13 17:04:23,971 [INFO] ApplicationProperties:184 - Using Application install path: C:\ST\STM32CubeIDE_1.16.1\STM32CubeIDE\plugins\com.st.stm32cube.common.mx_6.12.1.202409122256
2025-09-13 17:04:23,988 [INFO] DbMcusXml:78 - Set database path to: C:\ST\STM32CubeIDE_1.16.1\STM32CubeIDE\plugins\com.st.stm32cube.common.mx_6.12.1.202409122256\\db\/mcu/
2025-09-13 17:04:23,988 [INFO] ApiDb:274 - Set plugin database path to: C:\ST\STM32CubeIDE_1.16.1\STM32CubeIDE\plugins\com.st.stm32cube.common.mx_6.12.1.202409122256\\db\/plugins/boardmanager/
2025-09-13 17:04:23,988 [WARN] ApiDb:259 - Overriding images path with different value:  => C:\ST\STM32CubeIDE_1.16.1\STM32CubeIDE\plugins\com.st.stm32cube.common.mx_6.12.1.202409122256\\db\/plugins/mcufinder/images/
2025-09-13 17:04:23,995 [INFO] ApiDb:250 - Set database path to: C:\Users\nacho\.stmcufinder\plugins\mcufinder//mcu/
2025-09-13 17:04:23,996 [INFO] DbMcusAds:125 - Set database path to: C:\Users\nacho\.stmcufinder\plugins\mcufinder//mcu/
2025-09-13 17:04:24,000 [INFO] CrossReferenceDbSqlite:203 - Set database path to: C:\Users\nacho\.stmcufinder\plugins\mcufinder//mcu/cs/
2025-09-13 17:04:24,124 [INFO] RulesReader:64 - Compatibility file has been processed (297 Rules)
2025-09-13 17:04:24,216 [INFO] DbMcusXml:78 - Set database path to: C:\ST\STM32CubeIDE_1.16.1\STM32CubeIDE\plugins\com.st.stm32cube.common.mx_6.12.1.202409122256\\db\/mcu/
2025-09-13 17:04:24,216 [INFO] ApiDb:274 - Set plugin database path to: C:\ST\STM32CubeIDE_1.16.1\STM32CubeIDE\plugins\com.st.stm32cube.common.mx_6.12.1.202409122256\\db\/plugins/boardmanager/
2025-09-13 17:04:24,216 [INFO] ApiDb:261 - Set plugin images path to: C:\ST\STM32CubeIDE_1.16.1\STM32CubeIDE\plugins\com.st.stm32cube.common.mx_6.12.1.202409122256\\db\/plugins/mcufinder/images/
2025-09-13 17:04:24,216 [WARN] DbFile:41 - Overriding database path with different value: C:\Users\nacho\.stmcufinder\plugins\mcufinder/ => C:\Users\nacho\.stmcufinder\plugins\mcufinder
2025-09-13 17:04:24,217 [INFO] ApiDb:250 - Set database path to: C:\Users\nacho\.stmcufinder\plugins\mcufinder//mcu/
2025-09-13 17:04:24,217 [WARN] DbFile:41 - Overriding database path with different value: C:\Users\nacho\.stmcufinder\plugins\mcufinder/ => C:\Users\nacho\.stmcufinder\plugins\mcufinder
2025-09-13 17:04:24,217 [INFO] DbMcusAds:125 - Set database path to: C:\Users\nacho\.stmcufinder\plugins\mcufinder//mcu/
2025-09-13 17:04:24,217 [WARN] DbFile:41 - Overriding database path with different value: C:\Users\nacho\.stmcufinder\plugins\mcufinder/ => C:\Users\nacho\.stmcufinder\plugins\mcufinder
2025-09-13 17:04:24,217 [WARN] DbFile:41 - Overriding database path with different value: C:\Users\nacho\.stmcufinder\plugins\mcufinder/ => C:\Users\nacho\.stmcufinder\plugins\mcufinder
2025-09-13 17:04:24,217 [INFO] CrossReferenceDbSqlite:203 - Set database path to: C:\Users\nacho\.stmcufinder\plugins\mcufinder//mcu/cs/
2025-09-13 17:04:24,311 [INFO] MainPanel:268 - HeapMemory: 268435456
2025-09-13 17:04:24,403 [INFO] DbMcusXml:78 - Set database path to: C:\ST\STM32CubeIDE_1.16.1\STM32CubeIDE\plugins\com.st.stm32cube.common.mx_6.12.1.202409122256\\db\/mcu/
2025-09-13 17:04:24,403 [INFO] ApiDb:274 - Set plugin database path to: C:\ST\STM32CubeIDE_1.16.1\STM32CubeIDE\plugins\com.st.stm32cube.common.mx_6.12.1.202409122256\\db\/plugins/boardmanager/
2025-09-13 17:04:24,403 [INFO] ApiDb:261 - Set plugin images path to: C:\ST\STM32CubeIDE_1.16.1\STM32CubeIDE\plugins\com.st.stm32cube.common.mx_6.12.1.202409122256\\db\/plugins/mcufinder/images/
2025-09-13 17:04:24,403 [WARN] DbFile:41 - Overriding database path with different value: C:\Users\nacho\.stmcufinder\plugins\mcufinder/ => C:\Users\nacho\.stmcufinder\plugins\mcufinder
2025-09-13 17:04:24,403 [INFO] ApiDb:250 - Set database path to: C:\Users\nacho\.stmcufinder\plugins\mcufinder//mcu/
2025-09-13 17:04:24,403 [WARN] DbFile:41 - Overriding database path with different value: C:\Users\nacho\.stmcufinder\plugins\mcufinder/ => C:\Users\nacho\.stmcufinder\plugins\mcufinder
2025-09-13 17:04:24,404 [INFO] DbMcusAds:125 - Set database path to: C:\Users\nacho\.stmcufinder\plugins\mcufinder//mcu/
2025-09-13 17:04:24,404 [WARN] DbFile:41 - Overriding database path with different value: C:\Users\nacho\.stmcufinder\plugins\mcufinder/ => C:\Users\nacho\.stmcufinder\plugins\mcufinder
2025-09-13 17:04:24,404 [WARN] DbFile:41 - Overriding database path with different value: C:\Users\nacho\.stmcufinder\plugins\mcufinder/ => C:\Users\nacho\.stmcufinder\plugins\mcufinder
2025-09-13 17:04:24,404 [INFO] CrossReferenceDbSqlite:203 - Set database path to: C:\Users\nacho\.stmcufinder\plugins\mcufinder//mcu/cs/
2025-09-13 17:04:24,420 [INFO] ApplicationProperties:184 - Using Application install path: C:\ST\STM32CubeIDE_1.16.1\STM32CubeIDE\plugins\com.st.stm32cube.common.mx_6.12.1.202409122256
2025-09-13 17:04:24,422 [INFO] PluginManage:196 - Search for loadable plugins [exclusion list=, ]
2025-09-13 17:04:24,424 [INFO] PluginManage:310 - Check plugin analytics
2025-09-13 17:04:24,620 [INFO] AnalyticsPlugin:253 - Accepted Software Licenses: STM32CubeMX.6.12.1,STM32CubeMX.6.15.0
2025-09-13 17:04:24,621 [INFO] AnalyticsPlugin:255 - Accepted CMSIS Pack Licenses: 
2025-09-13 17:04:24,621 [INFO] AnalyticsPlugin:257 - Accepted Firmware Licenses: FW.WL.1.3.0
2025-09-13 17:04:24,624 [INFO] PluginManage:359 - Loaded plugin analytics (category:tool,tabindex:-1)
2025-09-13 17:04:24,624 [INFO] PluginManage:310 - Check plugin cadmodel
2025-09-13 17:04:24,630 [INFO] CADModel:105 - Init CAD model plugin
2025-09-13 17:04:24,630 [INFO] PluginManage:359 - Loaded plugin cadmodel (category:power,tabindex:5)
2025-09-13 17:04:24,630 [INFO] PluginManage:310 - Check plugin clock
2025-09-13 17:04:24,640 [INFO] PluginManage:359 - Loaded plugin clock (category:base,tabindex:2)
2025-09-13 17:04:24,640 [INFO] PluginManage:310 - Check plugin ddr
2025-09-13 17:04:24,643 [INFO] PluginManage:359 - Loaded plugin ddr (category:tool,tabindex:6)
2025-09-13 17:04:24,644 [INFO] PluginManage:310 - Check plugin filemanager
2025-09-13 17:04:24,807 [INFO] PluginManage:359 - Loaded plugin filemanager (category:base,tabindex:10)
2025-09-13 17:04:24,807 [INFO] PluginManage:310 - Check plugin ipmanager
2025-09-13 17:04:24,815 [INFO] PluginManage:359 - Loaded plugin ipmanager (category:base,tabindex:5)
2025-09-13 17:04:24,815 [INFO] PluginManage:310 - Check plugin lpbam
2025-09-13 17:04:24,823 [INFO] PluginManage:359 - Loaded plugin lpbam (category:base,tabindex:0)
2025-09-13 17:04:24,824 [INFO] PluginManage:310 - Check plugin memorymap
2025-09-13 17:04:24,834 [INFO] PluginManage:359 - Loaded plugin memorymap (category:base,tabindex:4)
2025-09-13 17:04:24,834 [INFO] PluginManage:310 - Check plugin pinoutandconfiguration
2025-09-13 17:04:24,841 [INFO] PluginManage:359 - Loaded plugin pinoutandconfiguration (category:base,tabindex:1)
2025-09-13 17:04:24,841 [INFO] PluginManage:310 - Check plugin pinoutconfig
2025-09-13 17:04:24,946 [WARN] SupportedApi:132 - Cannot load RTOS API schema: s4s-elt-must-match.1: The content of 'definitions' must match (annotation?, (simpleType | complexType)?, (unique | key | keyref)*)). A problem was found starting at: attribute.
2025-09-13 17:04:25,088 [INFO] PluginManage:359 - Loaded plugin pinoutconfig (category:base,tabindex:0)
2025-09-13 17:04:25,088 [INFO] PluginManage:310 - Check plugin power
2025-09-13 17:04:25,097 [INFO] PluginManage:359 - Loaded plugin power (category:power,tabindex:4)
2025-09-13 17:04:25,097 [INFO] PluginManage:310 - Check plugin projectmanager
2025-09-13 17:04:25,116 [INFO] PluginManage:359 - Loaded plugin projectmanager (category:projectmanager,tabindex:4)
2025-09-13 17:04:25,116 [INFO] PluginManage:310 - Check plugin rif
2025-09-13 17:04:25,121 [INFO] PluginManage:359 - Loaded plugin rif (category:base,tabindex:3)
2025-09-13 17:04:25,122 [INFO] PluginManage:310 - Check plugin thirdparty
2025-09-13 17:04:25,245 [WARN] IntegrityCheckThread:84 - waiting for thirdparty lock release [integrity check]
2025-09-13 17:04:25,245 [INFO] PluginManage:359 - Loaded plugin thirdparty (category:base,tabindex:-1)
2025-09-13 17:04:25,245 [INFO] IntegrityCheckThread:86 - entering critical section [integrity check]
2025-09-13 17:04:25,245 [INFO] PluginManage:310 - Check plugin tools
2025-09-13 17:04:25,246 [INFO] ThirdPartyUpdaterWithRetryManager:70 - Updater plugin not ready yet. [1/15]
2025-09-13 17:04:25,248 [INFO] PluginManage:359 - Loaded plugin tools (category:base,tabindex:7)
2025-09-13 17:04:25,249 [INFO] PluginManage:310 - Check plugin tutovideos
2025-09-13 17:04:25,402 [INFO] PluginManage:359 - Loaded plugin tutovideos (category:base,tabindex:-1)
2025-09-13 17:04:25,402 [INFO] PluginManage:310 - Check plugin updater
2025-09-13 17:04:25,425 [INFO] PluginManage:359 - Loaded plugin updater (category:base,tabindex:12)
2025-09-13 17:04:25,425 [INFO] PluginManage:310 - Check plugin userauth
2025-09-13 17:04:25,434 [INFO] UserAuth:113 - Init User Auth plugin
2025-09-13 17:04:25,434 [INFO] PluginManage:359 - Loaded plugin userauth (category:base,tabindex:14)
2025-09-13 17:04:25,435 [INFO] PluginManage:283 - PluginManage : Loaded plugins [18]
2025-09-13 17:04:25,694 [INFO] PinOutPanel:1561 - setPackage(No Configuration,No Configuration)
2025-09-13 17:04:25,783 [INFO] CADModel:165 - CPN selected for project level
2025-09-13 17:04:25,785 [INFO] CADModel:114 - Register for checkConnection events
2025-09-13 17:04:25,801 [INFO] IPUIPlugin:80 - create IPUIPlugin
2025-09-13 17:04:25,801 [INFO] PluginManager:220 - loadIPPluginJar : add adc
2025-09-13 17:04:25,804 [INFO] IPUIPlugin:80 - create IPUIPlugin
2025-09-13 17:04:25,804 [INFO] PluginManager:220 - loadIPPluginJar : add aes
2025-09-13 17:04:25,807 [INFO] IPUIPlugin:80 - create IPUIPlugin
2025-09-13 17:04:25,808 [INFO] PluginManager:220 - loadIPPluginJar : add can
2025-09-13 17:04:25,809 [INFO] IPUIPlugin:80 - create IPUIPlugin
2025-09-13 17:04:25,809 [INFO] PluginManager:220 - loadIPPluginJar : add comp
2025-09-13 17:04:25,812 [INFO] IPUIPlugin:80 - create IPUIPlugin
2025-09-13 17:04:25,812 [INFO] PluginManager:220 - loadIPPluginJar : add cryp
2025-09-13 17:04:25,814 [INFO] IPUIPlugin:80 - create IPUIPlugin
2025-09-13 17:04:25,814 [INFO] PluginManager:220 - loadIPPluginJar : add ddr_ctrl_phy
2025-09-13 17:04:25,817 [INFO] IPUIPlugin:80 - create IPUIPlugin
2025-09-13 17:04:25,817 [INFO] PluginManager:220 - loadIPPluginJar : add dfsdm
2025-09-13 17:04:25,822 [INFO] IPUIPlugin:80 - create IPUIPlugin
2025-09-13 17:04:25,822 [INFO] PluginManager:220 - loadIPPluginJar : add dma
2025-09-13 17:04:25,825 [INFO] IPUIPlugin:80 - create IPUIPlugin
2025-09-13 17:04:25,825 [INFO] PluginManager:220 - loadIPPluginJar : add dma3
2025-09-13 17:04:25,828 [INFO] IPUIPlugin:80 - create IPUIPlugin
2025-09-13 17:04:25,828 [INFO] PluginManager:220 - loadIPPluginJar : add extmemmanager
2025-09-13 17:04:25,829 [INFO] IPUIPlugin:80 - create IPUIPlugin
2025-09-13 17:04:25,829 [INFO] PluginManager:220 - loadIPPluginJar : add fatfs
2025-09-13 17:04:25,833 [INFO] IPUIPlugin:80 - create IPUIPlugin
2025-09-13 17:04:25,833 [INFO] PluginManager:220 - loadIPPluginJar : add fmc
2025-09-13 17:04:25,838 [INFO] IPUIPlugin:80 - create IPUIPlugin
2025-09-13 17:04:25,839 [INFO] PluginManager:220 - loadIPPluginJar : add freertos
2025-09-13 17:04:25,840 [INFO] IPUIPlugin:80 - create IPUIPlugin
2025-09-13 17:04:25,840 [INFO] PluginManager:220 - loadIPPluginJar : add genericplugin
2025-09-13 17:04:25,842 [INFO] IPUIPlugin:80 - create IPUIPlugin
2025-09-13 17:04:25,842 [INFO] PluginManager:220 - loadIPPluginJar : add gfxmmu
2025-09-13 17:04:25,847 [INFO] IPUIPlugin:80 - create IPUIPlugin
2025-09-13 17:04:25,847 [INFO] PluginManager:220 - loadIPPluginJar : add gic
2025-09-13 17:04:25,851 [INFO] IPUIPlugin:80 - create IPUIPlugin
2025-09-13 17:04:25,851 [INFO] PluginManager:220 - loadIPPluginJar : add gpio
2025-09-13 17:04:25,854 [INFO] IPUIPlugin:80 - create IPUIPlugin
2025-09-13 17:04:25,854 [INFO] PluginManager:220 - loadIPPluginJar : add gtzc
2025-09-13 17:04:25,855 [INFO] IPUIPlugin:80 - create IPUIPlugin
2025-09-13 17:04:25,856 [INFO] PluginManager:220 - loadIPPluginJar : add hash
2025-09-13 17:04:25,858 [INFO] IPUIPlugin:80 - create IPUIPlugin
2025-09-13 17:04:25,858 [INFO] PluginManager:220 - loadIPPluginJar : add i2c
2025-09-13 17:04:25,860 [INFO] IPUIPlugin:80 - create IPUIPlugin
2025-09-13 17:04:25,861 [INFO] PluginManager:220 - loadIPPluginJar : add i2s
2025-09-13 17:04:25,862 [INFO] IPUIPlugin:80 - create IPUIPlugin
2025-09-13 17:04:25,862 [INFO] PluginManager:220 - loadIPPluginJar : add i3c
2025-09-13 17:04:25,865 [INFO] IPUIPlugin:80 - create IPUIPlugin
2025-09-13 17:04:25,865 [INFO] PluginManager:220 - loadIPPluginJar : add ipddr
2025-09-13 17:04:25,872 [INFO] IPUIPlugin:80 - create IPUIPlugin
2025-09-13 17:04:25,872 [INFO] PluginManager:220 - loadIPPluginJar : add linkedlist
2025-09-13 17:04:25,876 [INFO] IPUIPlugin:80 - create IPUIPlugin
2025-09-13 17:04:25,876 [INFO] PluginManager:220 - loadIPPluginJar : add lorawan
2025-09-13 17:04:25,877 [INFO] IPUIPlugin:80 - create IPUIPlugin
2025-09-13 17:04:25,878 [INFO] PluginManager:220 - loadIPPluginJar : add ltdc
2025-09-13 17:04:25,883 [INFO] IPUIPlugin:80 - create IPUIPlugin
2025-09-13 17:04:25,883 [INFO] PluginManager:220 - loadIPPluginJar : add mdma
2025-09-13 17:04:25,887 [INFO] IPUIPlugin:80 - create IPUIPlugin
2025-09-13 17:04:25,888 [INFO] PluginManager:220 - loadIPPluginJar : add nvic
2025-09-13 17:04:25,891 [INFO] IPUIPlugin:80 - create IPUIPlugin
2025-09-13 17:04:25,891 [INFO] PluginManager:220 - loadIPPluginJar : add opamp
2025-09-13 17:04:25,895 [INFO] IPUIPlugin:80 - create IPUIPlugin
2025-09-13 17:04:25,895 [INFO] PluginManager:220 - loadIPPluginJar : add openamp
2025-09-13 17:04:25,898 [INFO] IPUIPlugin:80 - create IPUIPlugin
2025-09-13 17:04:25,898 [INFO] PluginManager:220 - loadIPPluginJar : add pdm2pcm
2025-09-13 17:04:25,904 [INFO] IPUIPlugin:80 - create IPUIPlugin
2025-09-13 17:04:25,906 [INFO] PluginManager:220 - loadIPPluginJar : add plateformsettings
2025-09-13 17:04:25,908 [INFO] IPUIPlugin:80 - create IPUIPlugin
2025-09-13 17:04:25,909 [INFO] PluginManager:220 - loadIPPluginJar : add quadspi
2025-09-13 17:04:25,910 [INFO] IPUIPlugin:80 - create IPUIPlugin
2025-09-13 17:04:25,911 [INFO] PluginManager:220 - loadIPPluginJar : add radio
2025-09-13 17:04:25,914 [INFO] IPUIPlugin:80 - create IPUIPlugin
2025-09-13 17:04:25,914 [INFO] PluginManager:220 - loadIPPluginJar : add resmgrutility
2025-09-13 17:04:25,917 [INFO] IPUIPlugin:80 - create IPUIPlugin
2025-09-13 17:04:25,917 [INFO] PluginManager:220 - loadIPPluginJar : add sai
2025-09-13 17:04:25,919 [INFO] IPUIPlugin:80 - create IPUIPlugin
2025-09-13 17:04:25,919 [INFO] PluginManager:220 - loadIPPluginJar : add spi
2025-09-13 17:04:25,924 [INFO] IPUIPlugin:80 - create IPUIPlugin
2025-09-13 17:04:25,925 [INFO] PluginManager:220 - loadIPPluginJar : add stm32_wpan
2025-09-13 17:04:25,927 [INFO] IPUIPlugin:80 - create IPUIPlugin
2025-09-13 17:04:25,927 [INFO] PluginManager:220 - loadIPPluginJar : add tim
2025-09-13 17:04:25,931 [INFO] IPUIPlugin:80 - create IPUIPlugin
2025-09-13 17:04:25,931 [INFO] PluginManager:220 - loadIPPluginJar : add touchsensing
2025-09-13 17:04:25,934 [INFO] IPUIPlugin:80 - create IPUIPlugin
2025-09-13 17:04:25,934 [INFO] PluginManager:220 - loadIPPluginJar : add tracer_emb
2025-09-13 17:04:25,938 [INFO] IPUIPlugin:80 - create IPUIPlugin
2025-09-13 17:04:25,938 [INFO] PluginManager:220 - loadIPPluginJar : add ts
2025-09-13 17:04:25,940 [INFO] IPUIPlugin:80 - create IPUIPlugin
2025-09-13 17:04:25,941 [INFO] PluginManager:220 - loadIPPluginJar : add tsc
2025-09-13 17:04:25,943 [INFO] IPUIPlugin:80 - create IPUIPlugin
2025-09-13 17:04:25,943 [INFO] PluginManager:220 - loadIPPluginJar : add ucpd
2025-09-13 17:04:25,946 [INFO] IPUIPlugin:80 - create IPUIPlugin
2025-09-13 17:04:25,946 [INFO] PluginManager:220 - loadIPPluginJar : add usart
2025-09-13 17:04:25,950 [INFO] IPUIPlugin:80 - create IPUIPlugin
2025-09-13 17:04:25,950 [INFO] PluginManager:220 - loadIPPluginJar : add usbx
2025-09-13 17:04:26,092 [INFO] CADModel:165 - CPN selected for project level
2025-09-13 17:04:26,093 [INFO] CADModel:114 - Register for checkConnection events
2025-09-13 17:04:26,093 [FATAL] Updater:334 - Updater called before beeing initialized
2025-09-13 17:04:26,093 [ERROR] CADModel:125 - Updater not yet initialized, retry later 
2025-09-13 17:04:26,203 [INFO] CADModel:165 - CPN selected for project level
2025-09-13 17:04:26,203 [INFO] CADModel:114 - Register for checkConnection events
2025-09-13 17:04:26,203 [FATAL] Updater:334 - Updater called before beeing initialized
2025-09-13 17:04:26,203 [ERROR] CADModel:125 - Updater not yet initialized, retry later 
2025-09-13 17:04:26,206 [FATAL] Updater:334 - Updater called before beeing initialized
2025-09-13 17:04:26,310 [FATAL] Updater:334 - Updater called before beeing initialized
2025-09-13 17:04:26,314 [INFO] DbMcusAds:53 - JSON generation date=Tue Jul 08 05:14:23 ART 2025 (1751962463582)
2025-09-13 17:04:26,314 [FATAL] Updater:334 - Updater called before beeing initialized
2025-09-13 17:04:26,348 [WARN] DetailPanel:346 - Failed to get advertising image, set to default
2025-09-13 17:04:26,472 [FATAL] Updater:334 - Updater called before beeing initialized
2025-09-13 17:04:26,475 [FATAL] Updater:334 - Updater called before beeing initialized
2025-09-13 17:04:26,475 [FATAL] Updater:334 - Updater called before beeing initialized
2025-09-13 17:04:26,475 [WARN] DetailPanel:346 - Failed to get advertising image, set to default
2025-09-13 17:04:26,476 [FATAL] Updater:334 - Updater called before beeing initialized
2025-09-13 17:04:26,533 [ERROR] Updater:1164 - MainUpdater not yet initialized. External WinMGr cannot be set.
2025-09-13 17:04:26,537 [INFO] Updater:1100 - Updater Version found : 6.12.1
2025-09-13 17:04:26,569 [INFO] ApplicationProperties:184 - Using Application install path: C:\ST\STM32CubeIDE_1.16.1\STM32CubeIDE\plugins\com.st.stm32cube.common.mx_6.12.1.202409122256
2025-09-13 17:04:26,851 [INFO] MainUpdater:2873 - connection check result : 10
2025-09-13 17:04:26,852 [INFO] MainUpdater:290 - Updater Check For Update Now.
2025-09-13 17:04:26,852 [INFO] MicroXplorer:498 - Change Database Version : DB.6.0.121
2025-09-13 17:04:26,857 [INFO] McuFinderGlobals:63 - Set McuFinder mode to 2 (CubeIDE integrated)
2025-09-13 17:04:26,859 [INFO] UserAuth:417 - Internet connection configuration mode: 1
2025-09-13 17:04:26,877 [INFO] JxBrowserEngine:152 - Initiate JxBrowser Engine with user profile folder
2025-09-13 17:04:27,041 [INFO] CheckServerUpdateThread:120 - End of CheckServer Thread
2025-09-13 17:04:27,522 [INFO] WebApp:167 - Instantiating new browser for Auth
2025-09-13 17:04:28,247 [INFO] WebApp:448 - Apply proxy settings
2025-09-13 17:04:28,247 [INFO] WebApp:533 - Chromium requires no authentication
2025-09-13 17:04:28,259 [INFO] WebApp:476 - Direct internet connection detected
2025-09-13 17:04:28,303 [INFO] WebApp:869 - Register for checkConnection events
2025-09-13 17:04:28,304 [INFO] WebApp:448 - Apply proxy settings
2025-09-13 17:04:28,304 [INFO] WebApp:533 - Chromium requires no authentication
2025-09-13 17:04:28,305 [INFO] WebApp:476 - Direct internet connection detected
2025-09-13 17:04:28,485 [INFO] WebApp:186 - Connection restablished
2025-09-13 17:04:28,626 [INFO] WebApp:220 - Starting web application
2025-09-13 17:04:28,626 [INFO] WebApp:578 - Web application path used C:\ST\STM32CubeIDE_1.16.1\STM32CubeIDE\plugins\com.st.stm32cube.common.mx_6.12.1.202409122256\db\plugins\mcufinder\reactClient1\index.html
2025-09-13 17:04:28,640 [WARN] PackLoader:240 - Cannot read IP mode file for STMicroelectronics.FP-SNS-MOTENVWB1.1.4.0
2025-09-13 17:04:28,666 [WARN] PackLoader:240 - Cannot read IP mode file for STMicroelectronics.FP-ATR-ASTRA1.2.0.2
2025-09-13 17:04:28,673 [WARN] PackLoader:240 - Cannot read IP mode file for STMicroelectronics.FP-ATR-ASTRA1.2.0.1
2025-09-13 17:04:28,695 [WARN] PackLoader:240 - Cannot read IP mode file for STMicroelectronics.X-CUBE-SMBUS.2.1.0
2025-09-13 17:04:28,710 [WARN] PackLoader:240 - Cannot read IP mode file for STMicroelectronics.X-CUBE-WB05N.1.1.0
2025-09-13 17:04:28,720 [ERROR] Engine:466 - C:\Users\nacho\.stm32cubemx\thirdparties\pdsc\STMicroelectronics.X-CUBE-ST60.1.0.0.pdsc: PDSC version is not supported
2025-09-13 17:04:28,776 [WARN] PackLoader:240 - Cannot read IP mode file for STMicroelectronics.X-CUBE-AZRTOS-F7.1.1.0
2025-09-13 17:04:28,879 [INFO] UserAuth:417 - Internet connection configuration mode: 1
2025-09-13 17:04:28,948 [WARN] PackLoader:240 - Cannot read IP mode file for STMicroelectronics.X-CUBE-MEMS1.11.0.0
2025-09-13 17:04:29,283 [WARN] PackLoader:240 - Cannot read IP mode file for STMicroelectronics.FP-SNS-FLIGHT1.5.0.2
2025-09-13 17:04:29,327 [WARN] PackLoader:240 - Cannot read IP mode file for STMicroelectronics.X-CUBE-AZRTOS-H7.3.4.0
2025-09-13 17:04:29,345 [WARN] PackLoader:240 - Cannot read IP mode file for STMicroelectronics.X-CUBE-DISPLAY.3.0.0
2025-09-13 17:04:29,360 [WARN] PackLoader:240 - Cannot read IP mode file for STMicroelectronics.X-CUBE-BLE1.7.0.0
2025-09-13 17:04:29,382 [WARN] PackLoader:240 - Cannot read IP mode file for STMicroelectronics.X-CUBE-NFC10.1.0.0
2025-09-13 17:04:29,402 [WARN] PackLoader:240 - Cannot read IP mode file for STMicroelectronics.X-CUBE-BLEMGR.4.0.0
2025-09-13 17:04:29,417 [WARN] PackLoader:240 - Cannot read IP mode file for emotas.I-CUBE-CANOPEN.1.3.0
2025-09-13 17:04:29,439 [WARN] PackLoader:240 - Cannot read IP mode file for STMicroelectronics.X-CUBE-BLEMGR.3.1.0
2025-09-13 17:04:29,451 [WARN] PackLoader:240 - Cannot read IP mode file for STMicroelectronics.X-CUBE-AI.10.0.0
2025-09-13 17:04:29,458 [ERROR] Engine:466 - C:\Users\nacho\.stm32cubemx\thirdparties\pdsc\STMicroelectronics.FP-SNS-STBOX1.2.1.0.pdsc: PDSC version is not supported
2025-09-13 17:04:29,464 [WARN] PackLoader:240 - Cannot read IP mode file for STMicroelectronics.FP-SNS-SMARTAG2.1.2.0
2025-09-13 17:04:29,468 [ERROR] Engine:466 - C:\Users\nacho\.stm32cubemx\thirdparties\pdsc\STMicroelectronics.FP-SNS-FLIGHT1.5.1.0.pdsc: PDSC version is not supported
2025-09-13 17:04:29,534 [WARN] PackLoader:240 - Cannot read IP mode file for STMicroelectronics.X-CUBE-MEMS1.11.1.0
2025-09-13 17:04:29,709 [INFO] LogOutputStream:77 - [STDOUT_REDIRECT] 1 : Invalid condition id : UX_CORESTACK_Condition cause : null
2025-09-13 17:04:29,710 [INFO] LogOutputStream:77 - [STDOUT_REDIRECT] 1 : Invalid condition id : UX_CORESTACK_Condition cause : null
2025-09-13 17:04:29,714 [INFO] LogOutputStream:77 - [STDOUT_REDIRECT] 1 : Invalid condition id : UX_CORESTACK_Condition cause : null
2025-09-13 17:04:29,716 [INFO] LogOutputStream:77 - [STDOUT_REDIRECT] 1 : Invalid condition id : UX_CORESTACK_Condition cause : null
2025-09-13 17:04:29,720 [INFO] LogOutputStream:77 - [STDOUT_REDIRECT] 1 : Invalid condition id : UX_CORESTACK_Condition cause : null
2025-09-13 17:04:29,725 [WARN] PackLoader:240 - Cannot read IP mode file for STMicroelectronics.X-CUBE-AZRTOS-WL.2.0.0
2025-09-13 17:04:29,736 [WARN] PackLoader:240 - Cannot read IP mode file for STMicroelectronics.FP-SNS-MOTENV1.5.0.0
2025-09-13 17:04:29,746 [WARN] PackLoader:240 - Cannot read IP mode file for wolfSSL.I-CUBE-wolfMQTT.1.19.0
2025-09-13 17:04:29,774 [WARN] PackLoader:240 - Cannot read IP mode file for WES.I-CUBE-Cesium.1.3.0
2025-09-13 17:04:29,782 [WARN] PackLoader:240 - Cannot read IP mode file for STMicroelectronics.X-CUBE-BLE2.3.3.0
2025-09-13 17:04:29,792 [WARN] PackLoader:240 - Cannot read IP mode file for STMicroelectronics.X-CUBE-NFC9.1.0.0
2025-09-13 17:04:29,801 [WARN] PackLoader:240 - Cannot read IP mode file for STMicroelectronics.X-CUBE-BLE1.7.1.0
2025-09-13 17:04:29,810 [WARN] PackLoader:240 - Cannot read IP mode file for STMicroelectronics.X-CUBE-TCPP.4.1.0
2025-09-13 17:04:29,822 [WARN] PackLoader:240 - Cannot read IP mode file for STMicroelectronics.X-CUBE-EEPRMA1.5.2.0
2025-09-13 17:04:29,830 [WARN] PackLoader:240 - Cannot read IP mode file for STMicroelectronics.X-CUBE-AI.10.1.0
2025-09-13 17:04:29,888 [WARN] PackLoader:240 - Cannot read IP mode file for STMicroelectronics.X-CUBE-MEMS1.11.2.0
2025-09-13 17:04:30,055 [WARN] PackLoader:240 - Cannot read IP mode file for STMicroelectronics.X-CUBE-AZRTOS-G0.1.1.0
2025-09-13 17:04:30,065 [WARN] PackLoader:240 - Cannot read IP mode file for STMicroelectronics.X-CUBE-SAFEA1.1.2.2
2025-09-13 17:04:30,075 [WARN] PackLoader:240 - Cannot read IP mode file for STMicroelectronics.X-CUBE-NFC4.3.0.0
2025-09-13 17:04:30,087 [WARN] PackLoader:240 - Cannot read IP mode file for EmbeddedOffice.I-CUBE-FS-RTOS.1.0.1
2025-09-13 17:04:30,088 [ERROR] ConditionMgr:805 - Attr not supported : Dmpu
2025-09-13 17:04:30,088 [ERROR] ConditionMgr:805 - Attr not supported : Dmpu
2025-09-13 17:04:30,088 [ERROR] ConditionMgr:805 - Attr not supported : Dmpu
2025-09-13 17:04:30,088 [ERROR] ConditionMgr:805 - Attr not supported : Dmpu
2025-09-13 17:04:30,088 [ERROR] ConditionMgr:805 - Attr not supported : Dmpu
2025-09-13 17:04:30,088 [ERROR] ConditionMgr:805 - Attr not supported : Dmpu
2025-09-13 17:04:30,088 [ERROR] ConditionMgr:805 - Attr not supported : Dmpu
2025-09-13 17:04:30,089 [ERROR] ConditionMgr:805 - Attr not supported : Dmpu
2025-09-13 17:04:30,089 [ERROR] ConditionMgr:805 - Attr not supported : Dmpu
2025-09-13 17:04:30,089 [ERROR] ConditionMgr:805 - Attr not supported : Dmpu
2025-09-13 17:04:30,089 [ERROR] ConditionMgr:805 - Attr not supported : Dmpu
2025-09-13 17:04:30,089 [ERROR] ConditionMgr:805 - Attr not supported : Dmpu
2025-09-13 17:04:30,089 [ERROR] ConditionMgr:805 - Attr not supported : Dmpu
2025-09-13 17:04:30,089 [ERROR] ConditionMgr:805 - Attr not supported : Dmpu
2025-09-13 17:04:30,089 [ERROR] ConditionMgr:805 - Attr not supported : Dmpu
2025-09-13 17:04:30,089 [ERROR] ConditionMgr:805 - Attr not supported : Dmpu
2025-09-13 17:04:30,089 [ERROR] ConditionMgr:805 - Attr not supported : Dmpu
2025-09-13 17:04:30,089 [ERROR] ConditionMgr:805 - Attr not supported : Dmpu
2025-09-13 17:04:30,089 [ERROR] ConditionMgr:805 - Attr not supported : Dmpu
2025-09-13 17:04:30,089 [ERROR] ConditionMgr:805 - Attr not supported : Dmpu
2025-09-13 17:04:30,089 [ERROR] ConditionMgr:805 - Attr not supported : Dmpu
2025-09-13 17:04:30,089 [ERROR] ConditionMgr:805 - Attr not supported : Dmpu
2025-09-13 17:04:30,089 [ERROR] ConditionMgr:805 - Attr not supported : Dmpu
2025-09-13 17:04:30,089 [ERROR] ConditionMgr:805 - Attr not supported : Dmpu
2025-09-13 17:04:30,089 [ERROR] ConditionMgr:805 - Attr not supported : Dmpu
2025-09-13 17:04:30,089 [ERROR] ConditionMgr:805 - Attr not supported : Dmpu
2025-09-13 17:04:30,090 [ERROR] ConditionMgr:805 - Attr not supported : Dmpu
2025-09-13 17:04:30,090 [ERROR] ConditionMgr:805 - Attr not supported : Dmpu
2025-09-13 17:04:30,090 [ERROR] ConditionMgr:805 - Attr not supported : Dmpu
2025-09-13 17:04:30,090 [ERROR] ConditionMgr:805 - Attr not supported : Dmpu
2025-09-13 17:04:30,090 [ERROR] ConditionMgr:805 - Attr not supported : Dmpu
2025-09-13 17:04:30,090 [ERROR] ConditionMgr:805 - Attr not supported : Dmpu
2025-09-13 17:04:30,090 [ERROR] ConditionMgr:805 - Attr not supported : Dmpu
2025-09-13 17:04:30,090 [ERROR] ConditionMgr:805 - Attr not supported : Dmpu
2025-09-13 17:04:30,090 [ERROR] ConditionMgr:805 - Attr not supported : Dmpu
2025-09-13 17:04:30,090 [ERROR] ConditionMgr:805 - Attr not supported : Dmpu
2025-09-13 17:04:30,090 [ERROR] ConditionMgr:805 - Attr not supported : Dmpu
2025-09-13 17:04:30,090 [ERROR] ConditionMgr:805 - Attr not supported : Dmpu
2025-09-13 17:04:30,090 [ERROR] ConditionMgr:805 - Attr not supported : Dmpu
2025-09-13 17:04:30,090 [ERROR] ConditionMgr:805 - Attr not supported : Dmpu
2025-09-13 17:04:30,090 [ERROR] ConditionMgr:805 - Attr not supported : Dmpu
2025-09-13 17:04:30,090 [ERROR] ConditionMgr:805 - Attr not supported : Dmpu
2025-09-13 17:04:30,090 [ERROR] ConditionMgr:805 - Attr not supported : Dmpu
2025-09-13 17:04:30,090 [ERROR] ConditionMgr:805 - Attr not supported : Dmpu
2025-09-13 17:04:30,091 [ERROR] ConditionMgr:805 - Attr not supported : Dmpu
2025-09-13 17:04:30,091 [ERROR] ConditionMgr:805 - Attr not supported : Dmpu
2025-09-13 17:04:30,091 [ERROR] ConditionMgr:805 - Attr not supported : Dmpu
2025-09-13 17:04:30,091 [ERROR] ConditionMgr:805 - Attr not supported : Dmpu
2025-09-13 17:04:30,091 [ERROR] ConditionMgr:805 - Attr not supported : Dmpu
2025-09-13 17:04:30,091 [ERROR] ConditionMgr:805 - Attr not supported : Dmpu
2025-09-13 17:04:30,091 [ERROR] ConditionMgr:805 - Attr not supported : Dmpu
2025-09-13 17:04:30,091 [ERROR] ConditionMgr:805 - Attr not supported : Dmpu
2025-09-13 17:04:30,091 [ERROR] ConditionMgr:805 - Attr not supported : Dmpu
2025-09-13 17:04:30,091 [ERROR] ConditionMgr:805 - Attr not supported : Dmpu
2025-09-13 17:04:30,091 [ERROR] ConditionMgr:805 - Attr not supported : Dmpu
2025-09-13 17:04:30,091 [ERROR] ConditionMgr:805 - Attr not supported : Dmpu
2025-09-13 17:04:30,091 [ERROR] ConditionMgr:805 - Attr not supported : Dmpu
2025-09-13 17:04:30,091 [ERROR] ConditionMgr:805 - Attr not supported : Dmpu
2025-09-13 17:04:30,091 [ERROR] ConditionMgr:805 - Attr not supported : Dmpu
2025-09-13 17:04:30,091 [ERROR] ConditionMgr:805 - Attr not supported : Dmpu
2025-09-13 17:04:30,091 [ERROR] ConditionMgr:805 - Attr not supported : Dmpu
2025-09-13 17:04:30,091 [ERROR] ConditionMgr:805 - Attr not supported : Dmpu
2025-09-13 17:04:30,091 [ERROR] ConditionMgr:805 - Attr not supported : Dmpu
2025-09-13 17:04:30,092 [ERROR] ConditionMgr:805 - Attr not supported : Dmpu
2025-09-13 17:04:30,097 [WARN] PackLoader:240 - Cannot read IP mode file for STMicroelectronics.X-CUBE-WB05N.2.0.0
2025-09-13 17:04:30,101 [ERROR] Engine:466 - C:\Users\nacho\.stm32cubemx\thirdparties\pdsc\STMicroelectronics.X-CUBE-TCPP.4.2.0.pdsc: PDSC version is not supported
2025-09-13 17:04:30,106 [WARN] PackLoader:240 - Cannot read IP mode file for RealThread.X-CUBE-RT-Thread_Nano.4.1.1
2025-09-13 17:04:30,112 [WARN] PackLoader:240 - Cannot read IP mode file for STMicroelectronics.FP-ATR-SIGFOX1.3.2.0
2025-09-13 17:04:30,117 [WARN] ConditionMgr:438 - getConditionDescription Invalid condition id : Cortex-A Device cause : null
2025-09-13 17:04:30,137 [WARN] ConditionMgr:1039 - genDependencies : Invalid condition id : Cortex-A Device cause : null
2025-09-13 17:04:30,137 [WARN] ConditionMgr:1039 - genDependencies : Invalid condition id : Cortex-A Device cause : null
2025-09-13 17:04:30,137 [WARN] ConditionMgr:1039 - genDependencies : Invalid condition id : Cortex-A Device cause : null
2025-09-13 17:04:30,142 [WARN] PackLoader:240 - Cannot read IP mode file for STMicroelectronics.X-CUBE-EEPRMA1.5.1.0
2025-09-13 17:04:30,147 [WARN] PackLoader:240 - Cannot read IP mode file for wolfSSL.I-CUBE-wolfSSL.5.7.4
2025-09-13 17:04:30,153 [WARN] PackLoader:240 - Cannot read IP mode file for ITTIA_DB.I-CUBE-ITTIADB.8.9.0
2025-09-13 17:04:30,157 [ERROR] Engine:466 - C:\Users\nacho\.stm32cubemx\thirdparties\pdsc\STMicroelectronics.X-CUBE-ST67W61.1.0.0.pdsc: PDSC version is not supported
2025-09-13 17:04:30,161 [WARN] PackLoader:240 - Cannot read IP mode file for STMicroelectronics.X-CUBE-AI.10.2.0
2025-09-13 17:04:30,186 [WARN] PackLoader:240 - Cannot read IP mode file for SEGGER.I-CUBE-embOS.1.3.1
2025-09-13 17:04:30,228 [WARN] PackLoader:240 - Cannot read IP mode file for STMicroelectronics.X-CUBE-ALGOBUILD.1.4.0
2025-09-13 17:04:30,283 [WARN] PackLoader:240 - Cannot read IP mode file for STMicroelectronics.X-CUBE-MEMS1.11.3.0
2025-09-13 17:04:30,446 [WARN] PackLoader:240 - Cannot read IP mode file for STMicroelectronics.X-CUBE-AI.9.1.0
2025-09-13 17:04:30,451 [WARN] PackLoader:240 - Cannot read IP mode file for STMicroelectronics.X-CUBE-PM33A1.1.0.0
2025-09-13 17:04:30,464 [WARN] PackLoader:240 - Cannot read IP mode file for STMicroelectronics.X-CUBE-AZRTOS-F4.1.1.0
2025-09-13 17:04:30,468 [ERROR] Engine:466 - C:\Users\nacho\.stm32cubemx\thirdparties\pdsc\Avnet-IotConnect.X-CUBE-IoTC-DA16k-PMOD.1.0.0.pdsc: PDSC version is not supported
2025-09-13 17:04:30,472 [WARN] PackLoader:240 - Cannot read IP mode file for STMicroelectronics.X-CUBE-ISPU.2.1.0
2025-09-13 17:04:30,479 [WARN] PackLoader:240 - Cannot read IP mode file for STMicroelectronics.X-CUBE-FREERTOS.1.2.0
2025-09-13 17:04:30,485 [WARN] PackLoader:240 - Cannot read IP mode file for STMicroelectronics.X-CUBE-NFC12.1.0.0
2025-09-13 17:04:30,501 [WARN] PackLoader:240 - Cannot read IP mode file for STMicroelectronics.X-CUBE-AZRTOS-L5.2.0.0
2025-09-13 17:04:30,511 [WARN] PackLoader:240 - Cannot read IP mode file for STMicroelectronics.X-CUBE-NFC6.3.1.0
2025-09-13 17:04:30,518 [WARN] PackLoader:240 - Cannot read IP mode file for STMicroelectronics.X-CUBE-DPower.1.2.0
2025-09-13 17:04:30,524 [WARN] PackLoader:240 - Cannot read IP mode file for STMicroelectronics.X-CUBE-FREERTOS.1.3.1
2025-09-13 17:04:30,530 [WARN] PackLoader:240 - Cannot read IP mode file for STMicroelectronics.X-CUBE-FREERTOS.1.3.0
2025-09-13 17:04:30,536 [WARN] PackLoader:240 - Cannot read IP mode file for STMicroelectronics.X-CUBE-NFC7.1.0.1
2025-09-13 17:04:30,539 [ERROR] Engine:466 - C:\Users\nacho\.stm32cubemx\thirdparties\pdsc\STMicroelectronics.FP-SNS-STAIOTCFT.1.0.0.pdsc: PDSC version is not supported
2025-09-13 17:04:30,542 [WARN] PackLoader:240 - Cannot read IP mode file for STMicroelectronics.X-CUBE-DPower.1.3.0
2025-09-13 17:04:30,558 [WARN] ConditionMgr:438 - getConditionDescription Invalid condition id : LAN8742 Phy interface Condition cause : null
2025-09-13 17:04:30,559 [WARN] PackLoader:240 - Cannot read IP mode file for STMicroelectronics.X-CUBE-AZRTOS-L4.2.0.0
2025-09-13 17:04:30,560 [WARN] ConditionMgr:1039 - genDependencies : Invalid condition id : LAN8742 Phy interface Condition cause : null
2025-09-13 17:04:30,561 [WARN] ConditionMgr:1039 - genDependencies : Invalid condition id : LAN8742 Phy interface Condition cause : null
2025-09-13 17:04:30,561 [WARN] ConditionMgr:1039 - genDependencies : Invalid condition id : LAN8742 Phy interface Condition cause : null
2025-09-13 17:04:30,568 [WARN] PackLoader:240 - Cannot read IP mode file for STMicroelectronics.X-CUBE-SFXS2LP1.4.0.0
2025-09-13 17:04:30,589 [WARN] PackLoader:240 - Cannot read IP mode file for STMicroelectronics.X-CUBE-AZRTOS-H7.3.3.0
2025-09-13 17:04:30,600 [ERROR] Engine:466 - C:\Users\nacho\.stm32cubemx\thirdparties\pdsc\STMicroelectronics.X-CUBE-BLEMGR.4.1.0.pdsc: PDSC version is not supported
2025-09-13 17:04:30,609 [WARN] PackLoader:240 - Cannot read IP mode file for STMicroelectronics.X-CUBE-IPS.3.0.0
2025-09-13 17:04:30,624 [WARN] ConditionMgr:438 - getConditionDescription Invalid condition id : UX DEVICE CLASS RTOS Condition cause : null
2025-09-13 17:04:30,624 [WARN] ConditionMgr:438 - getConditionDescription Invalid condition id : UX DEVICE CLASS RTOS Condition cause : null
2025-09-13 17:04:30,626 [WARN] PackLoader:240 - Cannot read IP mode file for STMicroelectronics.X-CUBE-AZRTOS-WB.2.0.0
2025-09-13 17:04:30,626 [WARN] ConditionMgr:1039 - genDependencies : Invalid condition id : UX DEVICE CLASS RTOS Condition cause : null
2025-09-13 17:04:30,627 [WARN] ConditionMgr:1039 - genDependencies : Invalid condition id : UX DEVICE CLASS RTOS Condition cause : null
2025-09-13 17:04:30,627 [WARN] ConditionMgr:1039 - genDependencies : Invalid condition id : UX DEVICE CLASS RTOS Condition cause : null
2025-09-13 17:04:30,627 [WARN] ConditionMgr:1039 - genDependencies : Invalid condition id : UX DEVICE CLASS RTOS Condition cause : null
2025-09-13 17:04:30,627 [WARN] ConditionMgr:1039 - genDependencies : Invalid condition id : UX DEVICE CLASS RTOS Condition cause : null
2025-09-13 17:04:30,636 [WARN] PackLoader:240 - Cannot read IP mode file for STMicroelectronics.X-CUBE-GNSS1.7.0.0
2025-09-13 17:04:30,646 [WARN] PackLoader:240 - Cannot read IP mode file for STMicroelectronics.X-CUBE-GNSS1.7.0.1
2025-09-13 17:04:30,654 [WARN] PackLoader:240 - Cannot read IP mode file for STMicroelectronics.X-CUBE-TOUCHGFX.4.25.0
2025-09-13 17:04:30,660 [WARN] PackLoader:240 - Cannot read IP mode file for STMicroelectronics.FP-SNS-STBOX1.2.0.0
2025-09-13 17:04:30,672 [WARN] PackLoader:240 - Cannot read IP mode file for STMicroelectronics.X-CUBE-SUBG2.5.0.0
2025-09-13 17:04:30,694 [WARN] PackLoader:240 - Cannot read IP mode file for STMicroelectronics.X-CUBE-AZRTOS-H7RS.1.1.0
2025-09-13 17:04:30,702 [WARN] PackLoader:240 - Cannot read IP mode file for Cesanta.I-CUBE-Mongoose.7.13.0
2025-09-13 17:04:30,715 [WARN] PackLoader:240 - Cannot read IP mode file for STMicroelectronics.X-CUBE-AZRTOS-G4.2.0.0
2025-09-13 17:04:30,721 [WARN] PackLoader:240 - Cannot read IP mode file for STMicroelectronics.X-CUBE-NFC7.2.0.0
2025-09-13 17:04:30,726 [ERROR] Engine:466 - C:\Users\nacho\.stm32cubemx\thirdparties\pdsc\STMicroelectronics.X-CUBE-IPS.3.1.0.pdsc: PDSC version is not supported
2025-09-13 17:04:30,730 [WARN] PackLoader:240 - Cannot read IP mode file for STMicroelectronics.X-CUBE-ALS.1.0.2
2025-09-13 17:04:30,734 [WARN] PackLoader:240 - Cannot read IP mode file for STMicroelectronics.X-CUBE-TOUCHGFX.4.24.2
2025-09-13 17:04:30,737 [WARN] PackLoader:240 - Cannot read IP mode file for STMicroelectronics.X-CUBE-TOUCHGFX.4.24.1
2025-09-13 17:04:30,744 [WARN] PackLoader:240 - Cannot read IP mode file for STMicroelectronics.X-CUBE-STSE01.1.0.0
2025-09-13 17:04:30,749 [WARN] PackLoader:240 - Cannot read IP mode file for wolfSSL.I-CUBE-wolfTPM.3.4.0
2025-09-13 17:04:30,755 [WARN] PackLoader:240 - Cannot read IP mode file for portGmbH.I-Cube-SoM-uGOAL.1.1.0
2025-09-13 17:04:30,769 [WARN] PackLoader:240 - Cannot read IP mode file for STMicroelectronics.X-CUBE-AZRTOS-H7RS.1.0.0
2025-09-13 17:04:30,780 [WARN] PackLoader:240 - Cannot read IP mode file for STMicroelectronics.X-CUBE-TOF1.3.4.2
2025-09-13 17:04:30,794 [ERROR] Engine:466 - C:\Users\nacho\.stm32cubemx\thirdparties\pdsc\STMicroelectronics.X-CUBE-TOF1.3.4.3.pdsc: PDSC version is not supported
2025-09-13 17:04:30,814 [WARN] PackLoader:240 - Cannot read IP mode file for Infineon.AIROC-Wi-Fi-Bluetooth-STM32.1.6.1
2025-09-13 17:04:30,824 [WARN] PackLoader:240 - Cannot read IP mode file for wolfSSL.I-CUBE-wolfSSH.1.4.17
2025-09-13 17:04:30,825 [INFO] ThirdParty:978 - Integrity check success = true
2025-09-13 17:04:30,825 [INFO] IntegrityCheckThread:100 - exiting critical section [integrity check]
2025-09-13 17:04:30,825 [INFO] IntegrityCheckThread:103 - End integrity checks thread
2025-09-13 18:46:23,376 [INFO] Activator:176 - 


2025-09-13 18:46:23,378 [INFO] Activator:177 - !SESSION log4j initialized
2025-09-13 18:46:27,276 [INFO] LogOutputStream:77 - [STDOUT_REDIRECT] 
2025-09-13 18:46:30,416 [INFO] ApplicationProperties:184 - Using Application install path: C:\ST\STM32CubeIDE_1.16.1\STM32CubeIDE\plugins\com.st.stm32cube.common.mx_6.12.1.202409122256
2025-09-13 18:46:30,436 [INFO] DbMcusXml:78 - Set database path to: C:\ST\STM32CubeIDE_1.16.1\STM32CubeIDE\plugins\com.st.stm32cube.common.mx_6.12.1.202409122256\\db\/mcu/
2025-09-13 18:46:30,436 [INFO] ApiDb:274 - Set plugin database path to: C:\ST\STM32CubeIDE_1.16.1\STM32CubeIDE\plugins\com.st.stm32cube.common.mx_6.12.1.202409122256\\db\/plugins/boardmanager/
2025-09-13 18:46:30,437 [WARN] ApiDb:259 - Overriding images path with different value:  => C:\ST\STM32CubeIDE_1.16.1\STM32CubeIDE\plugins\com.st.stm32cube.common.mx_6.12.1.202409122256\\db\/plugins/mcufinder/images/
2025-09-13 18:46:30,453 [INFO] ApiDb:250 - Set database path to: C:\Users\nacho\.stmcufinder\plugins\mcufinder//mcu/
2025-09-13 18:46:30,454 [INFO] DbMcusAds:125 - Set database path to: C:\Users\nacho\.stmcufinder\plugins\mcufinder//mcu/
2025-09-13 18:46:30,457 [INFO] CrossReferenceDbSqlite:203 - Set database path to: C:\Users\nacho\.stmcufinder\plugins\mcufinder//mcu/cs/
2025-09-13 18:46:30,581 [INFO] RulesReader:64 - Compatibility file has been processed (297 Rules)
2025-09-13 18:46:30,673 [INFO] DbMcusXml:78 - Set database path to: C:\ST\STM32CubeIDE_1.16.1\STM32CubeIDE\plugins\com.st.stm32cube.common.mx_6.12.1.202409122256\\db\/mcu/
2025-09-13 18:46:30,673 [INFO] ApiDb:274 - Set plugin database path to: C:\ST\STM32CubeIDE_1.16.1\STM32CubeIDE\plugins\com.st.stm32cube.common.mx_6.12.1.202409122256\\db\/plugins/boardmanager/
2025-09-13 18:46:30,673 [INFO] ApiDb:261 - Set plugin images path to: C:\ST\STM32CubeIDE_1.16.1\STM32CubeIDE\plugins\com.st.stm32cube.common.mx_6.12.1.202409122256\\db\/plugins/mcufinder/images/
2025-09-13 18:46:30,673 [WARN] DbFile:41 - Overriding database path with different value: C:\Users\nacho\.stmcufinder\plugins\mcufinder/ => C:\Users\nacho\.stmcufinder\plugins\mcufinder
2025-09-13 18:46:30,674 [INFO] ApiDb:250 - Set database path to: C:\Users\nacho\.stmcufinder\plugins\mcufinder//mcu/
2025-09-13 18:46:30,674 [WARN] DbFile:41 - Overriding database path with different value: C:\Users\nacho\.stmcufinder\plugins\mcufinder/ => C:\Users\nacho\.stmcufinder\plugins\mcufinder
2025-09-13 18:46:30,674 [INFO] DbMcusAds:125 - Set database path to: C:\Users\nacho\.stmcufinder\plugins\mcufinder//mcu/
2025-09-13 18:46:30,674 [WARN] DbFile:41 - Overriding database path with different value: C:\Users\nacho\.stmcufinder\plugins\mcufinder/ => C:\Users\nacho\.stmcufinder\plugins\mcufinder
2025-09-13 18:46:30,674 [WARN] DbFile:41 - Overriding database path with different value: C:\Users\nacho\.stmcufinder\plugins\mcufinder/ => C:\Users\nacho\.stmcufinder\plugins\mcufinder
2025-09-13 18:46:30,674 [INFO] CrossReferenceDbSqlite:203 - Set database path to: C:\Users\nacho\.stmcufinder\plugins\mcufinder//mcu/cs/
2025-09-13 18:46:30,751 [INFO] MainPanel:268 - HeapMemory: 268435456
2025-09-13 18:46:30,850 [INFO] DbMcusXml:78 - Set database path to: C:\ST\STM32CubeIDE_1.16.1\STM32CubeIDE\plugins\com.st.stm32cube.common.mx_6.12.1.202409122256\\db\/mcu/
2025-09-13 18:46:30,850 [INFO] ApiDb:274 - Set plugin database path to: C:\ST\STM32CubeIDE_1.16.1\STM32CubeIDE\plugins\com.st.stm32cube.common.mx_6.12.1.202409122256\\db\/plugins/boardmanager/
2025-09-13 18:46:30,851 [INFO] ApiDb:261 - Set plugin images path to: C:\ST\STM32CubeIDE_1.16.1\STM32CubeIDE\plugins\com.st.stm32cube.common.mx_6.12.1.202409122256\\db\/plugins/mcufinder/images/
2025-09-13 18:46:30,851 [WARN] DbFile:41 - Overriding database path with different value: C:\Users\nacho\.stmcufinder\plugins\mcufinder/ => C:\Users\nacho\.stmcufinder\plugins\mcufinder
2025-09-13 18:46:30,851 [INFO] ApiDb:250 - Set database path to: C:\Users\nacho\.stmcufinder\plugins\mcufinder//mcu/
2025-09-13 18:46:30,851 [WARN] DbFile:41 - Overriding database path with different value: C:\Users\nacho\.stmcufinder\plugins\mcufinder/ => C:\Users\nacho\.stmcufinder\plugins\mcufinder
2025-09-13 18:46:30,851 [INFO] DbMcusAds:125 - Set database path to: C:\Users\nacho\.stmcufinder\plugins\mcufinder//mcu/
2025-09-13 18:46:30,851 [WARN] DbFile:41 - Overriding database path with different value: C:\Users\nacho\.stmcufinder\plugins\mcufinder/ => C:\Users\nacho\.stmcufinder\plugins\mcufinder
2025-09-13 18:46:30,851 [WARN] DbFile:41 - Overriding database path with different value: C:\Users\nacho\.stmcufinder\plugins\mcufinder/ => C:\Users\nacho\.stmcufinder\plugins\mcufinder
2025-09-13 18:46:30,851 [INFO] CrossReferenceDbSqlite:203 - Set database path to: C:\Users\nacho\.stmcufinder\plugins\mcufinder//mcu/cs/
2025-09-13 18:46:30,865 [INFO] ApplicationProperties:184 - Using Application install path: C:\ST\STM32CubeIDE_1.16.1\STM32CubeIDE\plugins\com.st.stm32cube.common.mx_6.12.1.202409122256
2025-09-13 18:46:30,867 [INFO] PluginManage:196 - Search for loadable plugins [exclusion list=, ]
2025-09-13 18:46:30,869 [INFO] PluginManage:310 - Check plugin analytics
2025-09-13 18:46:31,023 [INFO] AnalyticsPlugin:253 - Accepted Software Licenses: STM32CubeMX.6.12.1,STM32CubeMX.6.15.0
2025-09-13 18:46:31,023 [INFO] AnalyticsPlugin:255 - Accepted CMSIS Pack Licenses: 
2025-09-13 18:46:31,024 [INFO] AnalyticsPlugin:257 - Accepted Firmware Licenses: FW.WL.1.3.0
2025-09-13 18:46:31,024 [INFO] PluginManage:359 - Loaded plugin analytics (category:tool,tabindex:-1)
2025-09-13 18:46:31,024 [INFO] PluginManage:310 - Check plugin cadmodel
2025-09-13 18:46:31,047 [INFO] CADModel:105 - Init CAD model plugin
2025-09-13 18:46:31,048 [INFO] PluginManage:359 - Loaded plugin cadmodel (category:power,tabindex:5)
2025-09-13 18:46:31,048 [INFO] PluginManage:310 - Check plugin clock
2025-09-13 18:46:31,070 [INFO] PluginManage:359 - Loaded plugin clock (category:base,tabindex:2)
2025-09-13 18:46:31,071 [INFO] PluginManage:310 - Check plugin ddr
2025-09-13 18:46:31,074 [INFO] PluginManage:359 - Loaded plugin ddr (category:tool,tabindex:6)
2025-09-13 18:46:31,074 [INFO] PluginManage:310 - Check plugin filemanager
2025-09-13 18:46:31,226 [INFO] PluginManage:359 - Loaded plugin filemanager (category:base,tabindex:10)
2025-09-13 18:46:31,226 [INFO] PluginManage:310 - Check plugin ipmanager
2025-09-13 18:46:31,234 [INFO] PluginManage:359 - Loaded plugin ipmanager (category:base,tabindex:5)
2025-09-13 18:46:31,234 [INFO] PluginManage:310 - Check plugin lpbam
2025-09-13 18:46:31,254 [INFO] PluginManage:359 - Loaded plugin lpbam (category:base,tabindex:0)
2025-09-13 18:46:31,255 [INFO] PluginManage:310 - Check plugin memorymap
2025-09-13 18:46:31,280 [INFO] PluginManage:359 - Loaded plugin memorymap (category:base,tabindex:4)
2025-09-13 18:46:31,280 [INFO] PluginManage:310 - Check plugin pinoutandconfiguration
2025-09-13 18:46:31,300 [INFO] PluginManage:359 - Loaded plugin pinoutandconfiguration (category:base,tabindex:1)
2025-09-13 18:46:31,300 [INFO] PluginManage:310 - Check plugin pinoutconfig
2025-09-13 18:46:31,393 [WARN] SupportedApi:132 - Cannot load RTOS API schema: s4s-elt-must-match.1: The content of 'definitions' must match (annotation?, (simpleType | complexType)?, (unique | key | keyref)*)). A problem was found starting at: attribute.
2025-09-13 18:46:31,528 [INFO] PluginManage:359 - Loaded plugin pinoutconfig (category:base,tabindex:0)
2025-09-13 18:46:31,528 [INFO] PluginManage:310 - Check plugin power
2025-09-13 18:46:31,554 [INFO] PluginManage:359 - Loaded plugin power (category:power,tabindex:4)
2025-09-13 18:46:31,554 [INFO] PluginManage:310 - Check plugin projectmanager
2025-09-13 18:46:31,569 [INFO] PluginManage:359 - Loaded plugin projectmanager (category:projectmanager,tabindex:4)
2025-09-13 18:46:31,569 [INFO] PluginManage:310 - Check plugin rif
2025-09-13 18:46:31,592 [INFO] PluginManage:359 - Loaded plugin rif (category:base,tabindex:3)
2025-09-13 18:46:31,592 [INFO] PluginManage:310 - Check plugin thirdparty
2025-09-13 18:46:31,895 [INFO] PluginManage:359 - Loaded plugin thirdparty (category:base,tabindex:-1)
2025-09-13 18:46:31,895 [WARN] IntegrityCheckThread:84 - waiting for thirdparty lock release [integrity check]
2025-09-13 18:46:31,895 [INFO] PluginManage:310 - Check plugin tools
2025-09-13 18:46:31,895 [INFO] IntegrityCheckThread:86 - entering critical section [integrity check]
2025-09-13 18:46:31,896 [INFO] ThirdPartyUpdaterWithRetryManager:70 - Updater plugin not ready yet. [1/15]
2025-09-13 18:46:31,935 [INFO] PluginManage:359 - Loaded plugin tools (category:base,tabindex:7)
2025-09-13 18:46:31,935 [INFO] PluginManage:310 - Check plugin tutovideos
2025-09-13 18:46:32,105 [INFO] PluginManage:359 - Loaded plugin tutovideos (category:base,tabindex:-1)
2025-09-13 18:46:32,105 [INFO] PluginManage:310 - Check plugin updater
2025-09-13 18:46:32,120 [INFO] PluginManage:359 - Loaded plugin updater (category:base,tabindex:12)
2025-09-13 18:46:32,120 [INFO] PluginManage:310 - Check plugin userauth
2025-09-13 18:46:32,126 [INFO] UserAuth:113 - Init User Auth plugin
2025-09-13 18:46:32,126 [INFO] PluginManage:359 - Loaded plugin userauth (category:base,tabindex:14)
2025-09-13 18:46:32,127 [INFO] PluginManage:283 - PluginManage : Loaded plugins [18]
2025-09-13 18:46:32,316 [INFO] PinOutPanel:1561 - setPackage(No Configuration,No Configuration)
2025-09-13 18:46:32,399 [INFO] CADModel:165 - CPN selected for project level
2025-09-13 18:46:32,400 [INFO] CADModel:114 - Register for checkConnection events
2025-09-13 18:46:32,437 [INFO] IPUIPlugin:80 - create IPUIPlugin
2025-09-13 18:46:32,438 [INFO] PluginManager:220 - loadIPPluginJar : add adc
2025-09-13 18:46:32,495 [INFO] IPUIPlugin:80 - create IPUIPlugin
2025-09-13 18:46:32,495 [INFO] PluginManager:220 - loadIPPluginJar : add aes
2025-09-13 18:46:32,566 [INFO] IPUIPlugin:80 - create IPUIPlugin
2025-09-13 18:46:32,567 [INFO] PluginManager:220 - loadIPPluginJar : add can
2025-09-13 18:46:32,607 [INFO] IPUIPlugin:80 - create IPUIPlugin
2025-09-13 18:46:32,607 [INFO] PluginManager:220 - loadIPPluginJar : add comp
2025-09-13 18:46:32,665 [INFO] IPUIPlugin:80 - create IPUIPlugin
2025-09-13 18:46:32,665 [INFO] PluginManager:220 - loadIPPluginJar : add cryp
2025-09-13 18:46:32,683 [INFO] IPUIPlugin:80 - create IPUIPlugin
2025-09-13 18:46:32,683 [INFO] PluginManager:220 - loadIPPluginJar : add ddr_ctrl_phy
2025-09-13 18:46:32,735 [INFO] IPUIPlugin:80 - create IPUIPlugin
2025-09-13 18:46:32,735 [INFO] PluginManager:220 - loadIPPluginJar : add dfsdm
2025-09-13 18:46:32,759 [INFO] IPUIPlugin:80 - create IPUIPlugin
2025-09-13 18:46:32,759 [INFO] PluginManager:220 - loadIPPluginJar : add dma
2025-09-13 18:46:32,846 [INFO] IPUIPlugin:80 - create IPUIPlugin
2025-09-13 18:46:32,846 [INFO] PluginManager:220 - loadIPPluginJar : add dma3
2025-09-13 18:46:32,914 [INFO] IPUIPlugin:80 - create IPUIPlugin
2025-09-13 18:46:32,914 [INFO] PluginManager:220 - loadIPPluginJar : add extmemmanager
2025-09-13 18:46:32,946 [INFO] IPUIPlugin:80 - create IPUIPlugin
2025-09-13 18:46:32,946 [INFO] PluginManager:220 - loadIPPluginJar : add fatfs
2025-09-13 18:46:33,004 [INFO] IPUIPlugin:80 - create IPUIPlugin
2025-09-13 18:46:33,004 [INFO] PluginManager:220 - loadIPPluginJar : add fmc
2025-09-13 18:46:33,022 [INFO] IPUIPlugin:80 - create IPUIPlugin
2025-09-13 18:46:33,022 [INFO] PluginManager:220 - loadIPPluginJar : add freertos
2025-09-13 18:46:33,048 [INFO] IPUIPlugin:80 - create IPUIPlugin
2025-09-13 18:46:33,048 [INFO] PluginManager:220 - loadIPPluginJar : add genericplugin
2025-09-13 18:46:33,161 [INFO] IPUIPlugin:80 - create IPUIPlugin
2025-09-13 18:46:33,161 [INFO] PluginManager:220 - loadIPPluginJar : add gfxmmu
2025-09-13 18:46:33,312 [INFO] IPUIPlugin:80 - create IPUIPlugin
2025-09-13 18:46:33,313 [INFO] PluginManager:220 - loadIPPluginJar : add gic
2025-09-13 18:46:33,327 [INFO] IPUIPlugin:80 - create IPUIPlugin
2025-09-13 18:46:33,327 [INFO] PluginManager:220 - loadIPPluginJar : add gpio
2025-09-13 18:46:33,432 [INFO] IPUIPlugin:80 - create IPUIPlugin
2025-09-13 18:46:33,433 [INFO] PluginManager:220 - loadIPPluginJar : add gtzc
2025-09-13 18:46:33,472 [INFO] IPUIPlugin:80 - create IPUIPlugin
2025-09-13 18:46:33,472 [INFO] PluginManager:220 - loadIPPluginJar : add hash
2025-09-13 18:46:33,531 [INFO] IPUIPlugin:80 - create IPUIPlugin
2025-09-13 18:46:33,532 [INFO] PluginManager:220 - loadIPPluginJar : add i2c
2025-09-13 18:46:33,577 [INFO] IPUIPlugin:80 - create IPUIPlugin
2025-09-13 18:46:33,577 [INFO] PluginManager:220 - loadIPPluginJar : add i2s
2025-09-13 18:46:33,628 [INFO] IPUIPlugin:80 - create IPUIPlugin
2025-09-13 18:46:33,628 [INFO] PluginManager:220 - loadIPPluginJar : add i3c
2025-09-13 18:46:33,781 [INFO] IPUIPlugin:80 - create IPUIPlugin
2025-09-13 18:46:33,782 [INFO] PluginManager:220 - loadIPPluginJar : add ipddr
2025-09-13 18:46:33,932 [INFO] IPUIPlugin:80 - create IPUIPlugin
2025-09-13 18:46:33,932 [INFO] PluginManager:220 - loadIPPluginJar : add linkedlist
2025-09-13 18:46:33,986 [INFO] IPUIPlugin:80 - create IPUIPlugin
2025-09-13 18:46:33,987 [INFO] PluginManager:220 - loadIPPluginJar : add lorawan
2025-09-13 18:46:34,034 [INFO] IPUIPlugin:80 - create IPUIPlugin
2025-09-13 18:46:34,034 [INFO] PluginManager:220 - loadIPPluginJar : add ltdc
2025-09-13 18:46:34,052 [INFO] IPUIPlugin:80 - create IPUIPlugin
2025-09-13 18:46:34,052 [INFO] PluginManager:220 - loadIPPluginJar : add mdma
2025-09-13 18:46:34,066 [INFO] IPUIPlugin:80 - create IPUIPlugin
2025-09-13 18:46:34,066 [INFO] PluginManager:220 - loadIPPluginJar : add nvic
2025-09-13 18:46:34,113 [INFO] IPUIPlugin:80 - create IPUIPlugin
2025-09-13 18:46:34,113 [INFO] PluginManager:220 - loadIPPluginJar : add opamp
2025-09-13 18:46:34,193 [INFO] IPUIPlugin:80 - create IPUIPlugin
2025-09-13 18:46:34,193 [INFO] PluginManager:220 - loadIPPluginJar : add openamp
2025-09-13 18:46:34,246 [INFO] IPUIPlugin:80 - create IPUIPlugin
2025-09-13 18:46:34,246 [INFO] PluginManager:220 - loadIPPluginJar : add pdm2pcm
2025-09-13 18:46:34,263 [INFO] IPUIPlugin:80 - create IPUIPlugin
2025-09-13 18:46:34,264 [INFO] PluginManager:220 - loadIPPluginJar : add plateformsettings
2025-09-13 18:46:34,291 [INFO] IPUIPlugin:80 - create IPUIPlugin
2025-09-13 18:46:34,291 [INFO] PluginManager:220 - loadIPPluginJar : add quadspi
2025-09-13 18:46:34,321 [INFO] IPUIPlugin:80 - create IPUIPlugin
2025-09-13 18:46:34,321 [INFO] PluginManager:220 - loadIPPluginJar : add radio
2025-09-13 18:46:34,338 [INFO] IPUIPlugin:80 - create IPUIPlugin
2025-09-13 18:46:34,338 [INFO] PluginManager:220 - loadIPPluginJar : add resmgrutility
2025-09-13 18:46:34,390 [INFO] IPUIPlugin:80 - create IPUIPlugin
2025-09-13 18:46:34,391 [INFO] PluginManager:220 - loadIPPluginJar : add sai
2025-09-13 18:46:34,433 [INFO] IPUIPlugin:80 - create IPUIPlugin
2025-09-13 18:46:34,433 [INFO] PluginManager:220 - loadIPPluginJar : add spi
2025-09-13 18:46:34,522 [INFO] IPUIPlugin:80 - create IPUIPlugin
2025-09-13 18:46:34,522 [INFO] PluginManager:220 - loadIPPluginJar : add stm32_wpan
2025-09-13 18:46:34,554 [INFO] IPUIPlugin:80 - create IPUIPlugin
2025-09-13 18:46:34,554 [INFO] PluginManager:220 - loadIPPluginJar : add tim
2025-09-13 18:46:34,617 [INFO] IPUIPlugin:80 - create IPUIPlugin
2025-09-13 18:46:34,617 [INFO] PluginManager:220 - loadIPPluginJar : add touchsensing
2025-09-13 18:46:34,643 [INFO] IPUIPlugin:80 - create IPUIPlugin
2025-09-13 18:46:34,643 [INFO] PluginManager:220 - loadIPPluginJar : add tracer_emb
2025-09-13 18:46:34,672 [INFO] IPUIPlugin:80 - create IPUIPlugin
2025-09-13 18:46:34,672 [INFO] PluginManager:220 - loadIPPluginJar : add ts
2025-09-13 18:46:34,702 [INFO] IPUIPlugin:80 - create IPUIPlugin
2025-09-13 18:46:34,702 [INFO] PluginManager:220 - loadIPPluginJar : add tsc
2025-09-13 18:46:34,726 [INFO] IPUIPlugin:80 - create IPUIPlugin
2025-09-13 18:46:34,726 [INFO] PluginManager:220 - loadIPPluginJar : add ucpd
2025-09-13 18:46:34,774 [INFO] IPUIPlugin:80 - create IPUIPlugin
2025-09-13 18:46:34,774 [INFO] PluginManager:220 - loadIPPluginJar : add usart
2025-09-13 18:46:34,823 [INFO] IPUIPlugin:80 - create IPUIPlugin
2025-09-13 18:46:34,823 [INFO] PluginManager:220 - loadIPPluginJar : add usbx
2025-09-13 18:46:34,897 [INFO] ThirdPartyUpdaterWithRetryManager:70 - Updater plugin not ready yet. [2/15]
2025-09-13 18:46:34,936 [INFO] CADModel:165 - CPN selected for project level
2025-09-13 18:46:34,936 [INFO] CADModel:114 - Register for checkConnection events
2025-09-13 18:46:34,936 [FATAL] Updater:334 - Updater called before beeing initialized
2025-09-13 18:46:34,936 [ERROR] CADModel:125 - Updater not yet initialized, retry later 
2025-09-13 18:46:35,047 [INFO] CADModel:165 - CPN selected for project level
2025-09-13 18:46:35,047 [INFO] CADModel:114 - Register for checkConnection events
2025-09-13 18:46:35,047 [FATAL] Updater:334 - Updater called before beeing initialized
2025-09-13 18:46:35,047 [ERROR] CADModel:125 - Updater not yet initialized, retry later 
2025-09-13 18:46:35,050 [FATAL] Updater:334 - Updater called before beeing initialized
2025-09-13 18:46:35,135 [FATAL] Updater:334 - Updater called before beeing initialized
2025-09-13 18:46:35,139 [INFO] DbMcusAds:53 - JSON generation date=Tue Jul 08 05:14:23 ART 2025 (1751962463582)
2025-09-13 18:46:35,139 [FATAL] Updater:334 - Updater called before beeing initialized
2025-09-13 18:46:35,172 [WARN] DetailPanel:346 - Failed to get advertising image, set to default
2025-09-13 18:46:35,272 [FATAL] Updater:334 - Updater called before beeing initialized
2025-09-13 18:46:35,274 [FATAL] Updater:334 - Updater called before beeing initialized
2025-09-13 18:46:35,274 [FATAL] Updater:334 - Updater called before beeing initialized
2025-09-13 18:46:35,274 [WARN] DetailPanel:346 - Failed to get advertising image, set to default
2025-09-13 18:46:35,275 [FATAL] Updater:334 - Updater called before beeing initialized
2025-09-13 18:46:35,352 [ERROR] Updater:1164 - MainUpdater not yet initialized. External WinMGr cannot be set.
2025-09-13 18:46:35,367 [INFO] Updater:1100 - Updater Version found : 6.12.1
2025-09-13 18:46:35,388 [INFO] ApplicationProperties:184 - Using Application install path: C:\ST\STM32CubeIDE_1.16.1\STM32CubeIDE\plugins\com.st.stm32cube.common.mx_6.12.1.202409122256
2025-09-13 18:46:35,712 [INFO] MainUpdater:2873 - connection check result : 10
2025-09-13 18:46:35,713 [INFO] MainUpdater:290 - Updater Check For Update Now.
2025-09-13 18:46:35,713 [INFO] MicroXplorer:498 - Change Database Version : DB.6.0.121
2025-09-13 18:46:35,729 [INFO] McuFinderGlobals:63 - Set McuFinder mode to 2 (CubeIDE integrated)
2025-09-13 18:46:35,738 [INFO] UserAuth:417 - Internet connection configuration mode: 1
2025-09-13 18:46:35,775 [INFO] JxBrowserEngine:152 - Initiate JxBrowser Engine with user profile folder
2025-09-13 18:46:35,930 [INFO] CheckServerUpdateThread:120 - End of CheckServer Thread
2025-09-13 18:46:38,121 [WARN] PackLoader:240 - Cannot read IP mode file for STMicroelectronics.FP-SNS-MOTENVWB1.1.4.0
2025-09-13 18:46:38,138 [WARN] PackLoader:240 - Cannot read IP mode file for STMicroelectronics.FP-ATR-ASTRA1.2.0.2
2025-09-13 18:46:38,153 [WARN] PackLoader:240 - Cannot read IP mode file for STMicroelectronics.FP-ATR-ASTRA1.2.0.1
2025-09-13 18:46:38,204 [WARN] PackLoader:240 - Cannot read IP mode file for STMicroelectronics.X-CUBE-SMBUS.2.1.0
2025-09-13 18:46:38,226 [WARN] PackLoader:240 - Cannot read IP mode file for STMicroelectronics.X-CUBE-WB05N.1.1.0
2025-09-13 18:46:38,242 [ERROR] Engine:466 - C:\Users\nacho\.stm32cubemx\thirdparties\pdsc\STMicroelectronics.X-CUBE-ST60.1.0.0.pdsc: PDSC version is not supported
2025-09-13 18:46:38,503 [WARN] PackLoader:240 - Cannot read IP mode file for STMicroelectronics.X-CUBE-AZRTOS-F7.1.1.0
2025-09-13 18:46:38,626 [WARN] PackLoader:240 - Cannot read IP mode file for STMicroelectronics.X-CUBE-MEMS1.11.0.0
2025-09-13 18:46:38,898 [WARN] PackLoader:240 - Cannot read IP mode file for STMicroelectronics.FP-SNS-FLIGHT1.5.0.2
2025-09-13 18:46:38,950 [WARN] PackLoader:240 - Cannot read IP mode file for STMicroelectronics.X-CUBE-AZRTOS-H7.3.4.0
2025-09-13 18:46:38,981 [WARN] PackLoader:240 - Cannot read IP mode file for STMicroelectronics.X-CUBE-DISPLAY.3.0.0
2025-09-13 18:46:39,022 [WARN] PackLoader:240 - Cannot read IP mode file for STMicroelectronics.X-CUBE-BLE1.7.0.0
2025-09-13 18:46:39,048 [WARN] PackLoader:240 - Cannot read IP mode file for STMicroelectronics.X-CUBE-NFC10.1.0.0
2025-09-13 18:46:39,085 [WARN] PackLoader:240 - Cannot read IP mode file for STMicroelectronics.X-CUBE-BLEMGR.4.0.0
2025-09-13 18:46:39,110 [INFO] WebApp:167 - Instantiating new browser for Auth
2025-09-13 18:46:39,114 [WARN] PackLoader:240 - Cannot read IP mode file for emotas.I-CUBE-CANOPEN.1.3.0
2025-09-13 18:46:39,146 [WARN] PackLoader:240 - Cannot read IP mode file for STMicroelectronics.X-CUBE-BLEMGR.3.1.0
2025-09-13 18:46:39,180 [WARN] PackLoader:240 - Cannot read IP mode file for STMicroelectronics.X-CUBE-AI.10.0.0
2025-09-13 18:46:39,201 [ERROR] Engine:466 - C:\Users\nacho\.stm32cubemx\thirdparties\pdsc\STMicroelectronics.FP-SNS-STBOX1.2.1.0.pdsc: PDSC version is not supported
2025-09-13 18:46:39,223 [WARN] PackLoader:240 - Cannot read IP mode file for STMicroelectronics.FP-SNS-SMARTAG2.1.2.0
2025-09-13 18:46:39,240 [ERROR] Engine:466 - C:\Users\nacho\.stm32cubemx\thirdparties\pdsc\STMicroelectronics.FP-SNS-FLIGHT1.5.1.0.pdsc: PDSC version is not supported
2025-09-13 18:46:39,309 [WARN] PackLoader:240 - Cannot read IP mode file for STMicroelectronics.X-CUBE-MEMS1.11.1.0
2025-09-13 18:46:39,478 [INFO] LogOutputStream:77 - [STDOUT_REDIRECT] 1 : Invalid condition id : UX_CORESTACK_Condition cause : null
2025-09-13 18:46:39,479 [INFO] LogOutputStream:77 - [STDOUT_REDIRECT] 1 : Invalid condition id : UX_CORESTACK_Condition cause : null
2025-09-13 18:46:39,481 [INFO] LogOutputStream:77 - [STDOUT_REDIRECT] 1 : Invalid condition id : UX_CORESTACK_Condition cause : null
2025-09-13 18:46:39,483 [INFO] LogOutputStream:77 - [STDOUT_REDIRECT] 1 : Invalid condition id : UX_CORESTACK_Condition cause : null
2025-09-13 18:46:39,485 [INFO] LogOutputStream:77 - [STDOUT_REDIRECT] 1 : Invalid condition id : UX_CORESTACK_Condition cause : null
2025-09-13 18:46:39,488 [WARN] PackLoader:240 - Cannot read IP mode file for STMicroelectronics.X-CUBE-AZRTOS-WL.2.0.0
2025-09-13 18:46:39,512 [WARN] PackLoader:240 - Cannot read IP mode file for STMicroelectronics.FP-SNS-MOTENV1.5.0.0
2025-09-13 18:46:39,529 [WARN] PackLoader:240 - Cannot read IP mode file for wolfSSL.I-CUBE-wolfMQTT.1.19.0
2025-09-13 18:46:39,550 [WARN] PackLoader:240 - Cannot read IP mode file for WES.I-CUBE-Cesium.1.3.0
2025-09-13 18:46:39,573 [WARN] PackLoader:240 - Cannot read IP mode file for STMicroelectronics.X-CUBE-BLE2.3.3.0
2025-09-13 18:46:39,593 [WARN] PackLoader:240 - Cannot read IP mode file for STMicroelectronics.X-CUBE-NFC9.1.0.0
2025-09-13 18:46:39,610 [WARN] PackLoader:240 - Cannot read IP mode file for STMicroelectronics.X-CUBE-BLE1.7.1.0
2025-09-13 18:46:39,628 [WARN] PackLoader:240 - Cannot read IP mode file for STMicroelectronics.X-CUBE-TCPP.4.1.0
2025-09-13 18:46:39,646 [WARN] PackLoader:240 - Cannot read IP mode file for STMicroelectronics.X-CUBE-EEPRMA1.5.2.0
2025-09-13 18:46:39,663 [WARN] PackLoader:240 - Cannot read IP mode file for STMicroelectronics.X-CUBE-AI.10.1.0
2025-09-13 18:46:39,727 [WARN] PackLoader:240 - Cannot read IP mode file for STMicroelectronics.X-CUBE-MEMS1.11.2.0
2025-09-13 18:46:39,949 [WARN] PackLoader:240 - Cannot read IP mode file for STMicroelectronics.X-CUBE-AZRTOS-G0.1.1.0
2025-09-13 18:46:39,975 [WARN] PackLoader:240 - Cannot read IP mode file for STMicroelectronics.X-CUBE-SAFEA1.1.2.2
2025-09-13 18:46:39,996 [WARN] PackLoader:240 - Cannot read IP mode file for STMicroelectronics.X-CUBE-NFC4.3.0.0
2025-09-13 18:46:40,017 [WARN] PackLoader:240 - Cannot read IP mode file for EmbeddedOffice.I-CUBE-FS-RTOS.1.0.1
2025-09-13 18:46:40,017 [ERROR] ConditionMgr:805 - Attr not supported : Dmpu
2025-09-13 18:46:40,017 [ERROR] ConditionMgr:805 - Attr not supported : Dmpu
2025-09-13 18:46:40,018 [ERROR] ConditionMgr:805 - Attr not supported : Dmpu
2025-09-13 18:46:40,018 [ERROR] ConditionMgr:805 - Attr not supported : Dmpu
2025-09-13 18:46:40,018 [ERROR] ConditionMgr:805 - Attr not supported : Dmpu
2025-09-13 18:46:40,018 [ERROR] ConditionMgr:805 - Attr not supported : Dmpu
2025-09-13 18:46:40,018 [ERROR] ConditionMgr:805 - Attr not supported : Dmpu
2025-09-13 18:46:40,018 [ERROR] ConditionMgr:805 - Attr not supported : Dmpu
2025-09-13 18:46:40,018 [ERROR] ConditionMgr:805 - Attr not supported : Dmpu
2025-09-13 18:46:40,018 [ERROR] ConditionMgr:805 - Attr not supported : Dmpu
2025-09-13 18:46:40,018 [ERROR] ConditionMgr:805 - Attr not supported : Dmpu
2025-09-13 18:46:40,018 [ERROR] ConditionMgr:805 - Attr not supported : Dmpu
2025-09-13 18:46:40,018 [ERROR] ConditionMgr:805 - Attr not supported : Dmpu
2025-09-13 18:46:40,018 [ERROR] ConditionMgr:805 - Attr not supported : Dmpu
2025-09-13 18:46:40,018 [ERROR] ConditionMgr:805 - Attr not supported : Dmpu
2025-09-13 18:46:40,018 [ERROR] ConditionMgr:805 - Attr not supported : Dmpu
2025-09-13 18:46:40,018 [ERROR] ConditionMgr:805 - Attr not supported : Dmpu
2025-09-13 18:46:40,018 [ERROR] ConditionMgr:805 - Attr not supported : Dmpu
2025-09-13 18:46:40,018 [ERROR] ConditionMgr:805 - Attr not supported : Dmpu
2025-09-13 18:46:40,018 [ERROR] ConditionMgr:805 - Attr not supported : Dmpu
2025-09-13 18:46:40,018 [ERROR] ConditionMgr:805 - Attr not supported : Dmpu
2025-09-13 18:46:40,018 [ERROR] ConditionMgr:805 - Attr not supported : Dmpu
2025-09-13 18:46:40,019 [ERROR] ConditionMgr:805 - Attr not supported : Dmpu
2025-09-13 18:46:40,019 [ERROR] ConditionMgr:805 - Attr not supported : Dmpu
2025-09-13 18:46:40,019 [ERROR] ConditionMgr:805 - Attr not supported : Dmpu
2025-09-13 18:46:40,019 [ERROR] ConditionMgr:805 - Attr not supported : Dmpu
2025-09-13 18:46:40,019 [ERROR] ConditionMgr:805 - Attr not supported : Dmpu
2025-09-13 18:46:40,019 [ERROR] ConditionMgr:805 - Attr not supported : Dmpu
2025-09-13 18:46:40,019 [ERROR] ConditionMgr:805 - Attr not supported : Dmpu
2025-09-13 18:46:40,019 [ERROR] ConditionMgr:805 - Attr not supported : Dmpu
2025-09-13 18:46:40,019 [ERROR] ConditionMgr:805 - Attr not supported : Dmpu
2025-09-13 18:46:40,019 [ERROR] ConditionMgr:805 - Attr not supported : Dmpu
2025-09-13 18:46:40,019 [ERROR] ConditionMgr:805 - Attr not supported : Dmpu
2025-09-13 18:46:40,019 [ERROR] ConditionMgr:805 - Attr not supported : Dmpu
2025-09-13 18:46:40,019 [ERROR] ConditionMgr:805 - Attr not supported : Dmpu
2025-09-13 18:46:40,019 [ERROR] ConditionMgr:805 - Attr not supported : Dmpu
2025-09-13 18:46:40,019 [ERROR] ConditionMgr:805 - Attr not supported : Dmpu
2025-09-13 18:46:40,019 [ERROR] ConditionMgr:805 - Attr not supported : Dmpu
2025-09-13 18:46:40,019 [ERROR] ConditionMgr:805 - Attr not supported : Dmpu
2025-09-13 18:46:40,019 [ERROR] ConditionMgr:805 - Attr not supported : Dmpu
2025-09-13 18:46:40,019 [ERROR] ConditionMgr:805 - Attr not supported : Dmpu
2025-09-13 18:46:40,020 [ERROR] ConditionMgr:805 - Attr not supported : Dmpu
2025-09-13 18:46:40,020 [ERROR] ConditionMgr:805 - Attr not supported : Dmpu
2025-09-13 18:46:40,020 [ERROR] ConditionMgr:805 - Attr not supported : Dmpu
2025-09-13 18:46:40,020 [ERROR] ConditionMgr:805 - Attr not supported : Dmpu
2025-09-13 18:46:40,020 [ERROR] ConditionMgr:805 - Attr not supported : Dmpu
2025-09-13 18:46:40,020 [ERROR] ConditionMgr:805 - Attr not supported : Dmpu
2025-09-13 18:46:40,020 [ERROR] ConditionMgr:805 - Attr not supported : Dmpu
2025-09-13 18:46:40,020 [ERROR] ConditionMgr:805 - Attr not supported : Dmpu
2025-09-13 18:46:40,020 [ERROR] ConditionMgr:805 - Attr not supported : Dmpu
2025-09-13 18:46:40,020 [ERROR] ConditionMgr:805 - Attr not supported : Dmpu
2025-09-13 18:46:40,020 [ERROR] ConditionMgr:805 - Attr not supported : Dmpu
2025-09-13 18:46:40,020 [ERROR] ConditionMgr:805 - Attr not supported : Dmpu
2025-09-13 18:46:40,020 [ERROR] ConditionMgr:805 - Attr not supported : Dmpu
2025-09-13 18:46:40,020 [ERROR] ConditionMgr:805 - Attr not supported : Dmpu
2025-09-13 18:46:40,020 [ERROR] ConditionMgr:805 - Attr not supported : Dmpu
2025-09-13 18:46:40,020 [ERROR] ConditionMgr:805 - Attr not supported : Dmpu
2025-09-13 18:46:40,021 [ERROR] ConditionMgr:805 - Attr not supported : Dmpu
2025-09-13 18:46:40,021 [ERROR] ConditionMgr:805 - Attr not supported : Dmpu
2025-09-13 18:46:40,021 [ERROR] ConditionMgr:805 - Attr not supported : Dmpu
2025-09-13 18:46:40,021 [ERROR] ConditionMgr:805 - Attr not supported : Dmpu
2025-09-13 18:46:40,021 [ERROR] ConditionMgr:805 - Attr not supported : Dmpu
2025-09-13 18:46:40,021 [ERROR] ConditionMgr:805 - Attr not supported : Dmpu
2025-09-13 18:46:40,021 [ERROR] ConditionMgr:805 - Attr not supported : Dmpu
2025-09-13 18:46:40,039 [WARN] PackLoader:240 - Cannot read IP mode file for STMicroelectronics.X-CUBE-WB05N.2.0.0
2025-09-13 18:46:40,056 [ERROR] Engine:466 - C:\Users\nacho\.stm32cubemx\thirdparties\pdsc\STMicroelectronics.X-CUBE-TCPP.4.2.0.pdsc: PDSC version is not supported
2025-09-13 18:46:40,074 [WARN] PackLoader:240 - Cannot read IP mode file for RealThread.X-CUBE-RT-Thread_Nano.4.1.1
2025-09-13 18:46:40,090 [WARN] PackLoader:240 - Cannot read IP mode file for STMicroelectronics.FP-ATR-SIGFOX1.3.2.0
2025-09-13 18:46:40,105 [WARN] ConditionMgr:438 - getConditionDescription Invalid condition id : Cortex-A Device cause : null
2025-09-13 18:46:40,133 [WARN] ConditionMgr:1039 - genDependencies : Invalid condition id : Cortex-A Device cause : null
2025-09-13 18:46:40,133 [WARN] ConditionMgr:1039 - genDependencies : Invalid condition id : Cortex-A Device cause : null
2025-09-13 18:46:40,133 [WARN] ConditionMgr:1039 - genDependencies : Invalid condition id : Cortex-A Device cause : null
2025-09-13 18:46:40,154 [WARN] PackLoader:240 - Cannot read IP mode file for STMicroelectronics.X-CUBE-EEPRMA1.5.1.0
2025-09-13 18:46:40,190 [WARN] PackLoader:240 - Cannot read IP mode file for wolfSSL.I-CUBE-wolfSSL.5.7.4
2025-09-13 18:46:40,222 [WARN] PackLoader:240 - Cannot read IP mode file for ITTIA_DB.I-CUBE-ITTIADB.8.9.0
2025-09-13 18:46:40,247 [ERROR] Engine:466 - C:\Users\nacho\.stm32cubemx\thirdparties\pdsc\STMicroelectronics.X-CUBE-ST67W61.1.0.0.pdsc: PDSC version is not supported
2025-09-13 18:46:40,278 [WARN] PackLoader:240 - Cannot read IP mode file for STMicroelectronics.X-CUBE-AI.10.2.0
2025-09-13 18:46:40,332 [WARN] PackLoader:240 - Cannot read IP mode file for SEGGER.I-CUBE-embOS.1.3.1
2025-09-13 18:46:40,404 [WARN] PackLoader:240 - Cannot read IP mode file for STMicroelectronics.X-CUBE-ALGOBUILD.1.4.0
2025-09-13 18:46:40,418 [INFO] WebApp:448 - Apply proxy settings
2025-09-13 18:46:40,419 [INFO] WebApp:533 - Chromium requires no authentication
2025-09-13 18:46:40,444 [INFO] WebApp:476 - Direct internet connection detected
2025-09-13 18:46:40,475 [WARN] PackLoader:240 - Cannot read IP mode file for STMicroelectronics.X-CUBE-MEMS1.11.3.0
2025-09-13 18:46:40,479 [INFO] WebApp:869 - Register for checkConnection events
2025-09-13 18:46:40,479 [INFO] WebApp:448 - Apply proxy settings
2025-09-13 18:46:40,479 [INFO] WebApp:533 - Chromium requires no authentication
2025-09-13 18:46:40,480 [INFO] WebApp:476 - Direct internet connection detected
2025-09-13 18:46:40,593 [WARN] PackLoader:240 - Cannot read IP mode file for STMicroelectronics.X-CUBE-AI.9.1.0
2025-09-13 18:46:40,611 [WARN] PackLoader:240 - Cannot read IP mode file for STMicroelectronics.X-CUBE-PM33A1.1.0.0
2025-09-13 18:46:40,655 [WARN] PackLoader:240 - Cannot read IP mode file for STMicroelectronics.X-CUBE-AZRTOS-F4.1.1.0
2025-09-13 18:46:40,671 [INFO] WebApp:186 - Connection restablished
2025-09-13 18:46:40,680 [ERROR] Engine:466 - C:\Users\nacho\.stm32cubemx\thirdparties\pdsc\Avnet-IotConnect.X-CUBE-IoTC-DA16k-PMOD.1.0.0.pdsc: PDSC version is not supported
2025-09-13 18:46:40,710 [WARN] PackLoader:240 - Cannot read IP mode file for STMicroelectronics.X-CUBE-ISPU.2.1.0
2025-09-13 18:46:40,736 [WARN] PackLoader:240 - Cannot read IP mode file for STMicroelectronics.X-CUBE-FREERTOS.1.2.0
2025-09-13 18:46:40,762 [WARN] PackLoader:240 - Cannot read IP mode file for STMicroelectronics.X-CUBE-NFC12.1.0.0
2025-09-13 18:46:40,806 [WARN] PackLoader:240 - Cannot read IP mode file for STMicroelectronics.X-CUBE-AZRTOS-L5.2.0.0
2025-09-13 18:46:40,831 [WARN] PackLoader:240 - Cannot read IP mode file for STMicroelectronics.X-CUBE-NFC6.3.1.0
2025-09-13 18:46:40,853 [WARN] PackLoader:240 - Cannot read IP mode file for STMicroelectronics.X-CUBE-DPower.1.2.0
2025-09-13 18:46:40,854 [INFO] WebApp:220 - Starting web application
2025-09-13 18:46:40,854 [INFO] WebApp:578 - Web application path used C:\ST\STM32CubeIDE_1.16.1\STM32CubeIDE\plugins\com.st.stm32cube.common.mx_6.12.1.202409122256\db\plugins\mcufinder\reactClient1\index.html
2025-09-13 18:46:40,881 [WARN] PackLoader:240 - Cannot read IP mode file for STMicroelectronics.X-CUBE-FREERTOS.1.3.1
2025-09-13 18:46:40,901 [WARN] PackLoader:240 - Cannot read IP mode file for STMicroelectronics.X-CUBE-FREERTOS.1.3.0
2025-09-13 18:46:40,926 [WARN] PackLoader:240 - Cannot read IP mode file for STMicroelectronics.X-CUBE-NFC7.1.0.1
2025-09-13 18:46:40,954 [ERROR] Engine:466 - C:\Users\nacho\.stm32cubemx\thirdparties\pdsc\STMicroelectronics.FP-SNS-STAIOTCFT.1.0.0.pdsc: PDSC version is not supported
2025-09-13 18:46:40,984 [WARN] PackLoader:240 - Cannot read IP mode file for STMicroelectronics.X-CUBE-DPower.1.3.0
2025-09-13 18:46:41,038 [WARN] ConditionMgr:438 - getConditionDescription Invalid condition id : LAN8742 Phy interface Condition cause : null
2025-09-13 18:46:41,039 [WARN] PackLoader:240 - Cannot read IP mode file for STMicroelectronics.X-CUBE-AZRTOS-L4.2.0.0
2025-09-13 18:46:41,041 [WARN] ConditionMgr:1039 - genDependencies : Invalid condition id : LAN8742 Phy interface Condition cause : null
2025-09-13 18:46:41,041 [WARN] ConditionMgr:1039 - genDependencies : Invalid condition id : LAN8742 Phy interface Condition cause : null
2025-09-13 18:46:41,042 [WARN] ConditionMgr:1039 - genDependencies : Invalid condition id : LAN8742 Phy interface Condition cause : null
2025-09-13 18:46:41,069 [WARN] PackLoader:240 - Cannot read IP mode file for STMicroelectronics.X-CUBE-SFXS2LP1.4.0.0
2025-09-13 18:46:41,127 [WARN] PackLoader:240 - Cannot read IP mode file for STMicroelectronics.X-CUBE-AZRTOS-H7.3.3.0
2025-09-13 18:46:41,141 [INFO] UserAuth:417 - Internet connection configuration mode: 1
2025-09-13 18:46:41,166 [ERROR] Engine:466 - C:\Users\nacho\.stm32cubemx\thirdparties\pdsc\STMicroelectronics.X-CUBE-BLEMGR.4.1.0.pdsc: PDSC version is not supported
2025-09-13 18:46:41,211 [WARN] PackLoader:240 - Cannot read IP mode file for STMicroelectronics.X-CUBE-IPS.3.0.0
2025-09-13 18:46:41,272 [WARN] ConditionMgr:438 - getConditionDescription Invalid condition id : UX DEVICE CLASS RTOS Condition cause : null
2025-09-13 18:46:41,273 [WARN] ConditionMgr:438 - getConditionDescription Invalid condition id : UX DEVICE CLASS RTOS Condition cause : null
2025-09-13 18:46:41,276 [WARN] PackLoader:240 - Cannot read IP mode file for STMicroelectronics.X-CUBE-AZRTOS-WB.2.0.0
2025-09-13 18:46:41,277 [WARN] ConditionMgr:1039 - genDependencies : Invalid condition id : UX DEVICE CLASS RTOS Condition cause : null
2025-09-13 18:46:41,277 [WARN] ConditionMgr:1039 - genDependencies : Invalid condition id : UX DEVICE CLASS RTOS Condition cause : null
2025-09-13 18:46:41,278 [WARN] ConditionMgr:1039 - genDependencies : Invalid condition id : UX DEVICE CLASS RTOS Condition cause : null
2025-09-13 18:46:41,279 [WARN] ConditionMgr:1039 - genDependencies : Invalid condition id : UX DEVICE CLASS RTOS Condition cause : null
2025-09-13 18:46:41,279 [WARN] ConditionMgr:1039 - genDependencies : Invalid condition id : UX DEVICE CLASS RTOS Condition cause : null
2025-09-13 18:46:41,313 [WARN] PackLoader:240 - Cannot read IP mode file for STMicroelectronics.X-CUBE-GNSS1.7.0.0
2025-09-13 18:46:41,352 [WARN] PackLoader:240 - Cannot read IP mode file for STMicroelectronics.X-CUBE-GNSS1.7.0.1
2025-09-13 18:46:41,391 [WARN] PackLoader:240 - Cannot read IP mode file for STMicroelectronics.X-CUBE-TOUCHGFX.4.25.0
2025-09-13 18:46:41,425 [WARN] PackLoader:240 - Cannot read IP mode file for STMicroelectronics.FP-SNS-STBOX1.2.0.0
2025-09-13 18:46:41,462 [WARN] PackLoader:240 - Cannot read IP mode file for STMicroelectronics.X-CUBE-SUBG2.5.0.0
2025-09-13 18:46:41,522 [WARN] PackLoader:240 - Cannot read IP mode file for STMicroelectronics.X-CUBE-AZRTOS-H7RS.1.1.0
2025-09-13 18:46:41,549 [WARN] PackLoader:240 - Cannot read IP mode file for Cesanta.I-CUBE-Mongoose.7.13.0
2025-09-13 18:46:41,589 [WARN] PackLoader:240 - Cannot read IP mode file for STMicroelectronics.X-CUBE-AZRTOS-G4.2.0.0
2025-09-13 18:46:41,611 [WARN] PackLoader:240 - Cannot read IP mode file for STMicroelectronics.X-CUBE-NFC7.2.0.0
2025-09-13 18:46:41,642 [ERROR] Engine:466 - C:\Users\nacho\.stm32cubemx\thirdparties\pdsc\STMicroelectronics.X-CUBE-IPS.3.1.0.pdsc: PDSC version is not supported
2025-09-13 18:46:41,665 [WARN] PackLoader:240 - Cannot read IP mode file for STMicroelectronics.X-CUBE-ALS.1.0.2
2025-09-13 18:46:41,686 [WARN] PackLoader:240 - Cannot read IP mode file for STMicroelectronics.X-CUBE-TOUCHGFX.4.24.2
2025-09-13 18:46:41,705 [WARN] PackLoader:240 - Cannot read IP mode file for STMicroelectronics.X-CUBE-TOUCHGFX.4.24.1
2025-09-13 18:46:41,727 [WARN] PackLoader:240 - Cannot read IP mode file for STMicroelectronics.X-CUBE-STSE01.1.0.0
2025-09-13 18:46:41,746 [WARN] PackLoader:240 - Cannot read IP mode file for wolfSSL.I-CUBE-wolfTPM.3.4.0
2025-09-13 18:46:41,766 [WARN] PackLoader:240 - Cannot read IP mode file for portGmbH.I-Cube-SoM-uGOAL.1.1.0
2025-09-13 18:46:41,797 [WARN] PackLoader:240 - Cannot read IP mode file for STMicroelectronics.X-CUBE-AZRTOS-H7RS.1.0.0
2025-09-13 18:46:41,821 [WARN] PackLoader:240 - Cannot read IP mode file for STMicroelectronics.X-CUBE-TOF1.3.4.2
2025-09-13 18:46:41,848 [ERROR] Engine:466 - C:\Users\nacho\.stm32cubemx\thirdparties\pdsc\STMicroelectronics.X-CUBE-TOF1.3.4.3.pdsc: PDSC version is not supported
2025-09-13 18:46:41,881 [WARN] PackLoader:240 - Cannot read IP mode file for Infineon.AIROC-Wi-Fi-Bluetooth-STM32.1.6.1
2025-09-13 18:46:41,901 [WARN] PackLoader:240 - Cannot read IP mode file for wolfSSL.I-CUBE-wolfSSH.1.4.17
2025-09-13 18:46:41,902 [INFO] ThirdParty:978 - Integrity check success = true
2025-09-13 18:46:41,902 [INFO] IntegrityCheckThread:100 - exiting critical section [integrity check]
2025-09-13 18:46:41,902 [INFO] IntegrityCheckThread:103 - End integrity checks thread
2025-09-13 18:50:16,525 [ERROR] LogOutputStream:75 - [STDERR_REDIRECT] 
